Date,CategoryCode,UnitsSold
2014-01-02,M01AB,0.0
2014-01-02,M01AE,3.67
2014-01-02,N02BA,3.4
2014-01-02,N02BE,32.4
2014-01-02,N05B,7.0
2014-01-02,N05C,0.0
2014-01-02,R03,0.0
2014-01-02,R06,2.0
2014-01-03,M01AB,8.0
2014-01-03,M01AE,4.0
2014-01-03,N02BA,4.4
2014-01-03,N02BE,50.6
2014-01-03,N05B,16.0
2014-01-03,N05C,0.0
2014-01-03,R03,20.0
2014-01-03,R06,4.0
2014-01-04,M01AB,2.0
2014-01-04,M01AE,1.0
2014-01-04,N02BA,6.5
2014-01-04,N02BE,61.85
2014-01-04,N05B,10.0
2014-01-04,N05C,0.0
2014-01-04,R03,9.0
2014-01-04,R06,1.0
2014-01-05,M01AB,4.0
2014-01-05,M01AE,3.0
2014-01-05,N02BA,7.0
2014-01-05,N02BE,41.1
2014-01-05,N05B,8.0
2014-01-05,N05C,0.0
2014-01-05,R03,3.0
2014-01-05,R06,0.0
2014-01-06,M01AB,5.0
2014-01-06,M01AE,1.0
2014-01-06,N02BA,4.5
2014-01-06,N02BE,21.7
2014-01-06,N05B,16.0
2014-01-06,N05C,2.0
2014-01-06,R03,6.0
2014-01-06,R06,2.0
2014-01-07,M01AB,0.0
2014-01-07,M01AE,0.0
2014-01-07,N02BA,0.0
2014-01-07,N02BE,0.0
2014-01-07,N05B,0.0
2014-01-07,N05C,0.0
2014-01-07,R03,0.0
2014-01-07,R06,0.0
2014-01-08,M01AB,5.33
2014-01-08,M01AE,3.0
2014-01-08,N02BA,10.5
2014-01-08,N02BE,26.4
2014-01-08,N05B,19.0
2014-01-08,N05C,1.0
2014-01-08,R03,10.0
2014-01-08,R06,0.0
2014-01-09,M01AB,7.0
2014-01-09,M01AE,1.68
2014-01-09,N02BA,8.0
2014-01-09,N02BE,25.0
2014-01-09,N05B,16.0
2014-01-09,N05C,0.0
2014-01-09,R03,3.0
2014-01-09,R06,2.0
2014-01-10,M01AB,5.0
2014-01-10,M01AE,2.0
2014-01-10,N02BA,2.0
2014-01-10,N02BE,53.3
2014-01-10,N05B,15.0
2014-01-10,N05C,2.0
2014-01-10,R03,0.0
2014-01-10,R06,2.0
2014-01-11,M01AB,5.0
2014-01-11,M01AE,4.34
2014-01-11,N02BA,10.4
2014-01-11,N02BE,52.3
2014-01-11,N05B,14.0
2014-01-11,N05C,0.0
2014-01-11,R03,1.0
2014-01-11,R06,0.2
2014-01-12,M01AB,2.0
2014-01-12,M01AE,0.66
2014-01-12,N02BA,2.5
2014-01-12,N02BE,12.0
2014-01-12,N05B,8.0
2014-01-12,N05C,0.0
2014-01-12,R03,1.0
2014-01-12,R06,1.0
2014-01-13,M01AB,7.34
2014-01-13,M01AE,7.66
2014-01-13,N02BA,6.2
2014-01-13,N02BE,52.0
2014-01-13,N05B,9.0
2014-01-13,N05C,0.0
2014-01-13,R03,7.0
2014-01-13,R06,1.0
2014-01-14,M01AB,6.0
2014-01-14,M01AE,1.33
2014-01-14,N02BA,12.3
2014-01-14,N02BE,33.7
2014-01-14,N05B,6.0
2014-01-14,N05C,1.0
2014-01-14,R03,0.0
2014-01-14,R06,2.0
2014-01-15,M01AB,4.0
2014-01-15,M01AE,2.34
2014-01-15,N02BA,5.0
2014-01-15,N02BE,26.7
2014-01-15,N05B,12.0
2014-01-15,N05C,2.0
2014-01-15,R03,3.0
2014-01-15,R06,3.0
2014-01-16,M01AB,6.0
2014-01-16,M01AE,2.0
2014-01-16,N02BA,4.3
2014-01-16,N02BE,28.3
2014-01-16,N05B,19.0
2014-01-16,N05C,1.0
2014-01-16,R03,5.0
2014-01-16,R06,0.0
2014-01-17,M01AB,2.0
2014-01-17,M01AE,3.68
2014-01-17,N02BA,8.3
2014-01-17,N02BE,20.4
2014-01-17,N05B,15.0
2014-01-17,N05C,0.0
2014-01-17,R03,6.0
2014-01-17,R06,3.0
2014-01-18,M01AB,1.0
2014-01-18,M01AE,5.33
2014-01-18,N02BA,5.8
2014-01-18,N02BE,43.2
2014-01-18,N05B,15.0
2014-01-18,N05C,4.0
2014-01-18,R03,7.0
2014-01-18,R06,2.0
2014-01-19,M01AB,4.33
2014-01-19,M01AE,4.0
2014-01-19,N02BA,4.0
2014-01-19,N02BE,14.1
2014-01-19,N05B,4.0
2014-01-19,N05C,0.0
2014-01-19,R03,1.0
2014-01-19,R06,1.0
2014-01-20,M01AB,6.0
2014-01-20,M01AE,3.34
2014-01-20,N02BA,3.3
2014-01-20,N02BE,11.9
2014-01-20,N05B,18.0
2014-01-20,N05C,2.0
2014-01-20,R03,12.0
2014-01-20,R06,3.0
2014-01-21,M01AB,2.0
2014-01-21,M01AE,3.34
2014-01-21,N02BA,4.0
2014-01-21,N02BE,42.0
2014-01-21,N05B,15.0
2014-01-21,N05C,2.0
2014-01-21,R03,0.0
2014-01-21,R06,1.0
2014-01-22,M01AB,7.0
2014-01-22,M01AE,3.0
2014-01-22,N02BA,7.0
2014-01-22,N02BE,18.1
2014-01-22,N05B,10.0
2014-01-22,N05C,0.0
2014-01-22,R03,5.0
2014-01-22,R06,2.0
2014-01-23,M01AB,4.0
2014-01-23,M01AE,4.67
2014-01-23,N02BA,5.2
2014-01-23,N02BE,26.2
2014-01-23,N05B,2.0
2014-01-23,N05C,3.0
2014-01-23,R03,1.0
2014-01-23,R06,3.0
2014-01-24,M01AB,4.67
2014-01-24,M01AE,7.34
2014-01-24,N02BA,7.0
2014-01-24,N02BE,19.6
2014-01-24,N05B,13.0
2014-01-24,N05C,1.0
2014-01-24,R03,0.0
2014-01-24,R06,0.0
2014-01-25,M01AB,6.0
2014-01-25,M01AE,9.0
2014-01-25,N02BA,5.0
2014-01-25,N02BE,37.8
2014-01-25,N05B,18.0
2014-01-25,N05C,0.0
2014-01-25,R03,5.0
2014-01-25,R06,1.0
2014-01-26,M01AB,4.33
2014-01-26,M01AE,1.68
2014-01-26,N02BA,0.0
2014-01-26,N02BE,24.0
2014-01-26,N05B,4.0
2014-01-26,N05C,0.0
2014-01-26,R03,0.0
2014-01-26,R06,0.0
2014-01-27,M01AB,4.34
2014-01-27,M01AE,4.67
2014-01-27,N02BA,1.2
2014-01-27,N02BE,23.6
2014-01-27,N05B,17.0
2014-01-27,N05C,2.0
2014-01-27,R03,1.0
2014-01-27,R06,3.0
2014-01-28,M01AB,6.0
2014-01-28,M01AE,3.34
2014-01-28,N02BA,2.8
2014-01-28,N02BE,13.38
2014-01-28,N05B,22.0
2014-01-28,N05C,5.0
2014-01-28,R03,1.0
2014-01-28,R06,5.0
2014-01-29,M01AB,5.33
2014-01-29,M01AE,4.0
2014-01-29,N02BA,2.0
2014-01-29,N02BE,14.0
2014-01-29,N05B,10.0
2014-01-29,N05C,1.0
2014-01-29,R03,1.0
2014-01-29,R06,2.0
2014-01-30,M01AB,3.02
2014-01-30,M01AE,1.34
2014-01-30,N02BA,2.4
2014-01-30,N02BE,25.5
2014-01-30,N05B,7.0
2014-01-30,N05C,1.0
2014-01-30,R03,3.0
2014-01-30,R06,2.0
2014-01-31,M01AB,1.0
2014-01-31,M01AE,2.68
2014-01-31,N02BA,7.1
2014-01-31,N02BE,26.9
2014-01-31,N05B,9.0
2014-01-31,N05C,0.0
2014-01-31,R03,1.0
2014-01-31,R06,0.0
2014-02-01,M01AB,4.33
2014-02-01,M01AE,4.32
2014-02-01,N02BA,5.0
2014-02-01,N02BE,43.0
2014-02-01,N05B,13.0
2014-02-01,N05C,1.0
2014-02-01,R03,14.0
2014-02-01,R06,0.0
2014-02-02,M01AB,7.0
2014-02-02,M01AE,3.0
2014-02-02,N02BA,0.2
2014-02-02,N02BE,13.5
2014-02-02,N05B,6.0
2014-02-02,N05C,2.0
2014-02-02,R03,8.0
2014-02-02,R06,0.0
2014-02-03,M01AB,5.0
2014-02-03,M01AE,1.0
2014-02-03,N02BA,8.5
2014-02-03,N02BE,32.4
2014-02-03,N05B,16.0
2014-02-03,N05C,1.0
2014-02-03,R03,1.0
2014-02-03,R06,0.0
2014-02-04,M01AB,1.33
2014-02-04,M01AE,3.0
2014-02-04,N02BA,7.0
2014-02-04,N02BE,30.6
2014-02-04,N05B,8.0
2014-02-04,N05C,1.0
2014-02-04,R03,17.0
2014-02-04,R06,2.0
2014-02-05,M01AB,3.0
2014-02-05,M01AE,4.02
2014-02-05,N02BA,6.2
2014-02-05,N02BE,32.4
2014-02-05,N05B,15.0
2014-02-05,N05C,1.0
2014-02-05,R03,1.0
2014-02-05,R06,1.0
2014-02-06,M01AB,3.33
2014-02-06,M01AE,6.68
2014-02-06,N02BA,3.5
2014-02-06,N02BE,41.4
2014-02-06,N05B,17.0
2014-02-06,N05C,2.0
2014-02-06,R03,5.0
2014-02-06,R06,2.0
2014-02-07,M01AB,2.66
2014-02-07,M01AE,8.67
2014-02-07,N02BA,11.7
2014-02-07,N02BE,21.4
2014-02-07,N05B,19.0
2014-02-07,N05C,1.0
2014-02-07,R03,0.0
2014-02-07,R06,0.0
2014-02-08,M01AB,3.33
2014-02-08,M01AE,3.35
2014-02-08,N02BA,14.4
2014-02-08,N02BE,37.1
2014-02-08,N05B,13.0
2014-02-08,N05C,1.0
2014-02-08,R03,1.0
2014-02-08,R06,1.0
2014-02-09,M01AB,4.0
2014-02-09,M01AE,3.0
2014-02-09,N02BA,2.0
2014-02-09,N02BE,31.5
2014-02-09,N05B,10.0
2014-02-09,N05C,0.0
2014-02-09,R03,6.0
2014-02-09,R06,0.0
2014-02-10,M01AB,5.0
2014-02-10,M01AE,10.33
2014-02-10,N02BA,8.5
2014-02-10,N02BE,40.1
2014-02-10,N05B,20.0
2014-02-10,N05C,3.0
2014-02-10,R03,3.0
2014-02-10,R06,1.0
2014-02-11,M01AB,10.0
2014-02-11,M01AE,6.99
2014-02-11,N02BA,13.3
2014-02-11,N02BE,44.6
2014-02-11,N05B,20.0
2014-02-11,N05C,2.0
2014-02-11,R03,6.0
2014-02-11,R06,2.2
2014-02-12,M01AB,9.0
2014-02-12,M01AE,1.67
2014-02-12,N02BA,9.1
2014-02-12,N02BE,73.6
2014-02-12,N05B,9.0
2014-02-12,N05C,0.0
2014-02-12,R03,5.0
2014-02-12,R06,0.0
2014-02-13,M01AB,4.33
2014-02-13,M01AE,3.67
2014-02-13,N02BA,10.0
2014-02-13,N02BE,49.1
2014-02-13,N05B,13.0
2014-02-13,N05C,3.0
2014-02-13,R03,0.0
2014-02-13,R06,1.0
2014-02-14,M01AB,4.0
2014-02-14,M01AE,4.01
2014-02-14,N02BA,3.2
2014-02-14,N02BE,42.3
2014-02-14,N05B,13.0
2014-02-14,N05C,4.0
2014-02-14,R03,0.0
2014-02-14,R06,6.0
2014-02-15,M01AB,1.0
2014-02-15,M01AE,2.34
2014-02-15,N02BA,2.0
2014-02-15,N02BE,37.0
2014-02-15,N05B,9.0
2014-02-15,N05C,0.0
2014-02-15,R03,1.0
2014-02-15,R06,5.0
2014-02-16,M01AB,0.0
2014-02-16,M01AE,1.68
2014-02-16,N02BA,1.2
2014-02-16,N02BE,34.0
2014-02-16,N05B,5.0
2014-02-16,N05C,2.0
2014-02-16,R03,3.0
2014-02-16,R06,1.0
2014-02-17,M01AB,7.34
2014-02-17,M01AE,4.0
2014-02-17,N02BA,12.7
2014-02-17,N02BE,27.0
2014-02-17,N05B,13.0
2014-02-17,N05C,1.0
2014-02-17,R03,7.0
2014-02-17,R06,0.0
2014-02-18,M01AB,7.34
2014-02-18,M01AE,7.36
2014-02-18,N02BA,6.1
2014-02-18,N02BE,45.0
2014-02-18,N05B,14.0
2014-02-18,N05C,0.0
2014-02-18,R03,13.0
2014-02-18,R06,5.0
2014-02-19,M01AB,3.33
2014-02-19,M01AE,5.02
2014-02-19,N02BA,5.5
2014-02-19,N02BE,66.8
2014-02-19,N05B,17.0
2014-02-19,N05C,1.0
2014-02-19,R03,6.0
2014-02-19,R06,1.0
2014-02-20,M01AB,7.0
2014-02-20,M01AE,7.02
2014-02-20,N02BA,3.2
2014-02-20,N02BE,21.5
2014-02-20,N05B,16.0
2014-02-20,N05C,3.0
2014-02-20,R03,8.0
2014-02-20,R06,1.0
2014-02-21,M01AB,6.0
2014-02-21,M01AE,4.34
2014-02-21,N02BA,9.0
2014-02-21,N02BE,25.4
2014-02-21,N05B,17.0
2014-02-21,N05C,0.0
2014-02-21,R03,0.0
2014-02-21,R06,0.0
2014-02-22,M01AB,7.0
2014-02-22,M01AE,3.17
2014-02-22,N02BA,5.7
2014-02-22,N02BE,26.0
2014-02-22,N05B,12.0
2014-02-22,N05C,0.0
2014-02-22,R03,1.0
2014-02-22,R06,0.0
2014-02-23,M01AB,1.0
2014-02-23,M01AE,3.34
2014-02-23,N02BA,2.0
2014-02-23,N02BE,21.0
2014-02-23,N05B,10.0
2014-02-23,N05C,0.0
2014-02-23,R03,0.0
2014-02-23,R06,0.0
2014-02-24,M01AB,7.0
2014-02-24,M01AE,4.68
2014-02-24,N02BA,5.5
2014-02-24,N02BE,26.5
2014-02-24,N05B,4.0
2014-02-24,N05C,0.0
2014-02-24,R03,0.0
2014-02-24,R06,3.0
2014-02-25,M01AB,5.0
2014-02-25,M01AE,1.68
2014-02-25,N02BA,11.2
2014-02-25,N02BE,34.5
2014-02-25,N05B,13.0
2014-02-25,N05C,0.0
2014-02-25,R03,0.0
2014-02-25,R06,2.0
2014-02-26,M01AB,5.0
2014-02-26,M01AE,4.01
2014-02-26,N02BA,1.0
2014-02-26,N02BE,34.0
2014-02-26,N05B,5.0
2014-02-26,N05C,0.0
2014-02-26,R03,12.0
2014-02-26,R06,1.0
2014-02-27,M01AB,3.0
2014-02-27,M01AE,6.34
2014-02-27,N02BA,4.0
2014-02-27,N02BE,33.2
2014-02-27,N05B,8.0
2014-02-27,N05C,1.0
2014-02-27,R03,2.0
2014-02-27,R06,1.0
2014-02-28,M01AB,7.0
2014-02-28,M01AE,7.36
2014-02-28,N02BA,5.3
2014-02-28,N02BE,37.0
2014-02-28,N05B,12.0
2014-02-28,N05C,1.0
2014-02-28,R03,2.0
2014-02-28,R06,0.0
2014-03-01,M01AB,6.34
2014-03-01,M01AE,3.68
2014-03-01,N02BA,11.36
2014-03-01,N02BE,50.7
2014-03-01,N05B,8.0
2014-03-01,N05C,0.0
2014-03-01,R03,0.0
2014-03-01,R06,2.1
2014-03-02,M01AB,3.34
2014-03-02,M01AE,1.0
2014-03-02,N02BA,2.0
2014-03-02,N02BE,6.6
2014-03-02,N05B,2.0
2014-03-02,N05C,0.0
2014-03-02,R03,0.0
2014-03-02,R06,1.0
2014-03-03,M01AB,4.0
2014-03-03,M01AE,3.68
2014-03-03,N02BA,1.6
2014-03-03,N02BE,22.1
2014-03-03,N05B,1.0
2014-03-03,N05C,2.0
2014-03-03,R03,0.0
2014-03-03,R06,2.2
2014-03-04,M01AB,5.34
2014-03-04,M01AE,7.02
2014-03-04,N02BA,7.2
2014-03-04,N02BE,47.28
2014-03-04,N05B,9.0
2014-03-04,N05C,0.0
2014-03-04,R03,5.0
2014-03-04,R06,4.0
2014-03-05,M01AB,3.34
2014-03-05,M01AE,1.0
2014-03-05,N02BA,3.0
2014-03-05,N02BE,25.0
2014-03-05,N05B,4.0
2014-03-05,N05C,0.0
2014-03-05,R03,1.0
2014-03-05,R06,0.0
2014-03-06,M01AB,3.0
2014-03-06,M01AE,2.0
2014-03-06,N02BA,5.5
2014-03-06,N02BE,44.1
2014-03-06,N05B,17.0
2014-03-06,N05C,1.0
2014-03-06,R03,5.0
2014-03-06,R06,1.0
2014-03-07,M01AB,4.0
2014-03-07,M01AE,4.34
2014-03-07,N02BA,9.5
2014-03-07,N02BE,25.0
2014-03-07,N05B,3.0
2014-03-07,N05C,1.0
2014-03-07,R03,0.0
2014-03-07,R06,2.0
2014-03-08,M01AB,4.34
2014-03-08,M01AE,3.07
2014-03-08,N02BA,1.0
2014-03-08,N02BE,27.6
2014-03-08,N05B,11.0
2014-03-08,N05C,0.0
2014-03-08,R03,0.0
2014-03-08,R06,0.0
2014-03-09,M01AB,1.0
2014-03-09,M01AE,0.0
2014-03-09,N02BA,4.0
2014-03-09,N02BE,11.3
2014-03-09,N05B,3.0
2014-03-09,N05C,0.0
2014-03-09,R03,5.0
2014-03-09,R06,0.0
2014-03-10,M01AB,6.68
2014-03-10,M01AE,5.35
2014-03-10,N02BA,3.8
2014-03-10,N02BE,47.0
2014-03-10,N05B,11.0
2014-03-10,N05C,0.0
2014-03-10,R03,0.0
2014-03-10,R06,2.0
2014-03-11,M01AB,6.0
2014-03-11,M01AE,5.7
2014-03-11,N02BA,7.0
2014-03-11,N02BE,30.4
2014-03-11,N05B,12.0
2014-03-11,N05C,1.0
2014-03-11,R03,1.0
2014-03-11,R06,5.0
2014-03-12,M01AB,6.34
2014-03-12,M01AE,2.68
2014-03-12,N02BA,6.5
2014-03-12,N02BE,19.6
2014-03-12,N05B,22.0
2014-03-12,N05C,3.0
2014-03-12,R03,2.0
2014-03-12,R06,2.0
2014-03-13,M01AB,2.31
2014-03-13,M01AE,4.36
2014-03-13,N02BA,5.3
2014-03-13,N02BE,15.5
2014-03-13,N05B,10.0
2014-03-13,N05C,0.0
2014-03-13,R03,26.0
2014-03-13,R06,2.0
2014-03-14,M01AB,4.34
2014-03-14,M01AE,1.68
2014-03-14,N02BA,1.2
2014-03-14,N02BE,16.0
2014-03-14,N05B,11.0
2014-03-14,N05C,0.0
2014-03-14,R03,1.0
2014-03-14,R06,2.0
2014-03-15,M01AB,4.0
2014-03-15,M01AE,2.0
2014-03-15,N02BA,11.0
2014-03-15,N02BE,23.3
2014-03-15,N05B,18.0
2014-03-15,N05C,1.0
2014-03-15,R03,6.0
2014-03-15,R06,2.0
2014-03-16,M01AB,2.68
2014-03-16,M01AE,2.0
2014-03-16,N02BA,1.4
2014-03-16,N02BE,13.0
2014-03-16,N05B,6.0
2014-03-16,N05C,0.0
2014-03-16,R03,0.0
2014-03-16,R06,4.0
2014-03-17,M01AB,8.68
2014-03-17,M01AE,3.34
2014-03-17,N02BA,7.0
2014-03-17,N02BE,37.0
2014-03-17,N05B,6.0
2014-03-17,N05C,1.0
2014-03-17,R03,0.0
2014-03-17,R06,1.0
2014-03-18,M01AB,8.0
2014-03-18,M01AE,4.0
2014-03-18,N02BA,5.0
2014-03-18,N02BE,20.1
2014-03-18,N05B,9.0
2014-03-18,N05C,0.0
2014-03-18,R03,0.0
2014-03-18,R06,4.0
2014-03-19,M01AB,4.0
2014-03-19,M01AE,3.02
2014-03-19,N02BA,4.0
2014-03-19,N02BE,21.8
2014-03-19,N05B,2.0
2014-03-19,N05C,0.0
2014-03-19,R03,0.0
2014-03-19,R06,2.0
2014-03-20,M01AB,3.0
2014-03-20,M01AE,5.34
2014-03-20,N02BA,1.6
2014-03-20,N02BE,38.2
2014-03-20,N05B,5.0
2014-03-20,N05C,0.0
2014-03-20,R03,7.0
2014-03-20,R06,4.2
2014-03-21,M01AB,6.0
2014-03-21,M01AE,3.68
2014-03-21,N02BA,4.5
2014-03-21,N02BE,40.0
2014-03-21,N05B,4.0
2014-03-21,N05C,0.0
2014-03-21,R03,2.0
2014-03-21,R06,1.0
2014-03-22,M01AB,3.34
2014-03-22,M01AE,2.34
2014-03-22,N02BA,0.0
2014-03-22,N02BE,26.3
2014-03-22,N05B,10.0
2014-03-22,N05C,2.0
2014-03-22,R03,18.0
2014-03-22,R06,8.4
2014-03-23,M01AB,6.34
2014-03-23,M01AE,2.0
2014-03-23,N02BA,4.0
2014-03-23,N02BE,19.4
2014-03-23,N05B,0.0
2014-03-23,N05C,1.0
2014-03-23,R03,0.0
2014-03-23,R06,3.0
2014-03-24,M01AB,5.68
2014-03-24,M01AE,1.0
2014-03-24,N02BA,4.0
2014-03-24,N02BE,23.6
2014-03-24,N05B,7.0
2014-03-24,N05C,0.0
2014-03-24,R03,6.0
2014-03-24,R06,3.5
2014-03-25,M01AB,4.0
2014-03-25,M01AE,1.34
2014-03-25,N02BA,9.0
2014-03-25,N02BE,38.6
2014-03-25,N05B,7.0
2014-03-25,N05C,0.0
2014-03-25,R03,1.0
2014-03-25,R06,1.0
2014-03-26,M01AB,2.34
2014-03-26,M01AE,3.99
2014-03-26,N02BA,9.0
2014-03-26,N02BE,6.7
2014-03-26,N05B,7.0
2014-03-26,N05C,3.0
2014-03-26,R03,3.0
2014-03-26,R06,0.0
2014-03-27,M01AB,4.0
2014-03-27,M01AE,0.33
2014-03-27,N02BA,2.0
2014-03-27,N02BE,20.7
2014-03-27,N05B,6.0
2014-03-27,N05C,1.0
2014-03-27,R03,1.0
2014-03-27,R06,5.0
2014-03-28,M01AB,2.67
2014-03-28,M01AE,2.0
2014-03-28,N02BA,8.0
2014-03-28,N02BE,11.0
2014-03-28,N05B,3.0
2014-03-28,N05C,0.0
2014-03-28,R03,9.0
2014-03-28,R06,5.0
2014-03-29,M01AB,4.0
2014-03-29,M01AE,6.33
2014-03-29,N02BA,4.2
2014-03-29,N02BE,24.0
2014-03-29,N05B,8.0
2014-03-29,N05C,2.0
2014-03-29,R03,9.0
2014-03-29,R06,3.0
2014-03-30,M01AB,3.0
2014-03-30,M01AE,2.34
2014-03-30,N02BA,0.0
2014-03-30,N02BE,12.0
2014-03-30,N05B,4.0
2014-03-30,N05C,0.0
2014-03-30,R03,0.0
2014-03-30,R06,7.0
2014-03-31,M01AB,5.34
2014-03-31,M01AE,2.34
2014-03-31,N02BA,4.0
2014-03-31,N02BE,15.4
2014-03-31,N05B,6.0
2014-03-31,N05C,1.0
2014-03-31,R03,4.0
2014-03-31,R06,6.0
2014-04-01,M01AB,4.34
2014-04-01,M01AE,1.34
2014-04-01,N02BA,6.5
2014-04-01,N02BE,27.5
2014-04-01,N05B,5.0
2014-04-01,N05C,3.0
2014-04-01,R03,3.0
2014-04-01,R06,1.0
2014-04-02,M01AB,2.0
2014-04-02,M01AE,4.68
2014-04-02,N02BA,8.9
2014-04-02,N02BE,23.0
2014-04-02,N05B,1.0
2014-04-02,N05C,0.0
2014-04-02,R03,7.0
2014-04-02,R06,3.0
2014-04-03,M01AB,1.0
2014-04-03,M01AE,1.34
2014-04-03,N02BA,3.0
2014-04-03,N02BE,19.2
2014-04-03,N05B,4.0
2014-04-03,N05C,0.0
2014-04-03,R03,0.0
2014-04-03,R06,4.0
2014-04-04,M01AB,3.0
2014-04-04,M01AE,3.67
2014-04-04,N02BA,3.0
2014-04-04,N02BE,24.0
2014-04-04,N05B,9.0
2014-04-04,N05C,3.0
2014-04-04,R03,8.0
2014-04-04,R06,2.0
2014-04-05,M01AB,2.0
2014-04-05,M01AE,7.68
2014-04-05,N02BA,10.0
2014-04-05,N02BE,25.6
2014-04-05,N05B,5.0
2014-04-05,N05C,0.0
2014-04-05,R03,5.0
2014-04-05,R06,3.0
2014-04-06,M01AB,2.0
2014-04-06,M01AE,1.0
2014-04-06,N02BA,1.0
2014-04-06,N02BE,19.0
2014-04-06,N05B,1.0
2014-04-06,N05C,0.0
2014-04-06,R03,0.0
2014-04-06,R06,1.0
2014-04-07,M01AB,6.34
2014-04-07,M01AE,6.0
2014-04-07,N02BA,6.5
2014-04-07,N02BE,31.5
2014-04-07,N05B,4.0
2014-04-07,N05C,0.0
2014-04-07,R03,0.0
2014-04-07,R06,1.0
2014-04-08,M01AB,4.34
2014-04-08,M01AE,2.34
2014-04-08,N02BA,1.7
2014-04-08,N02BE,19.0
2014-04-08,N05B,6.0
2014-04-08,N05C,1.0
2014-04-08,R03,0.0
2014-04-08,R06,4.7
2014-04-09,M01AB,6.0
2014-04-09,M01AE,1.02
2014-04-09,N02BA,1.0
2014-04-09,N02BE,18.0
2014-04-09,N05B,2.0
2014-04-09,N05C,1.0
2014-04-09,R03,2.0
2014-04-09,R06,2.6
2014-04-10,M01AB,3.33
2014-04-10,M01AE,1.68
2014-04-10,N02BA,1.0
2014-04-10,N02BE,18.0
2014-04-10,N05B,10.0
2014-04-10,N05C,0.0
2014-04-10,R03,4.0
2014-04-10,R06,4.0
2014-04-11,M01AB,6.0
2014-04-11,M01AE,4.0
2014-04-11,N02BA,3.0
2014-04-11,N02BE,25.0
2014-04-11,N05B,2.0
2014-04-11,N05C,2.0
2014-04-11,R03,0.0
2014-04-11,R06,2.0
2014-04-12,M01AB,7.02
2014-04-12,M01AE,3.34
2014-04-12,N02BA,6.0
2014-04-12,N02BE,23.5
2014-04-12,N05B,19.0
2014-04-12,N05C,0.0
2014-04-12,R03,11.0
2014-04-12,R06,4.0
2014-04-13,M01AB,3.0
2014-04-13,M01AE,2.0
2014-04-13,N02BA,2.0
2014-04-13,N02BE,6.0
2014-04-13,N05B,3.0
2014-04-13,N05C,0.0
2014-04-13,R03,5.0
2014-04-13,R06,2.0
2014-04-14,M01AB,1.34
2014-04-14,M01AE,4.68
2014-04-14,N02BA,5.35
2014-04-14,N02BE,28.28
2014-04-14,N05B,10.0
2014-04-14,N05C,0.0
2014-04-14,R03,5.0
2014-04-14,R06,5.0
2014-04-15,M01AB,4.34
2014-04-15,M01AE,3.0
2014-04-15,N02BA,6.4
2014-04-15,N02BE,18.7
2014-04-15,N05B,12.0
2014-04-15,N05C,0.0
2014-04-15,R03,10.0
2014-04-15,R06,1.0
2014-04-16,M01AB,2.0
2014-04-16,M01AE,1.01
2014-04-16,N02BA,4.2
2014-04-16,N02BE,25.62
2014-04-16,N05B,1.0
2014-04-16,N05C,0.0
2014-04-16,R03,6.0
2014-04-16,R06,4.0
2014-04-17,M01AB,5.34
2014-04-17,M01AE,0.34
2014-04-17,N02BA,7.2
2014-04-17,N02BE,16.0
2014-04-17,N05B,19.0
2014-04-17,N05C,0.0
2014-04-17,R03,0.0
2014-04-17,R06,0.0
2014-04-18,M01AB,7.0
2014-04-18,M01AE,7.0
2014-04-18,N02BA,8.0
2014-04-18,N02BE,23.3
2014-04-18,N05B,10.0
2014-04-18,N05C,1.0
2014-04-18,R03,0.0
2014-04-18,R06,5.0
2014-04-19,M01AB,7.34
2014-04-19,M01AE,3.35
2014-04-19,N02BA,4.0
2014-04-19,N02BE,22.3
2014-04-19,N05B,7.0
2014-04-19,N05C,0.0
2014-04-19,R03,3.0
2014-04-19,R06,5.0
2014-04-20,M01AB,0.0
2014-04-20,M01AE,0.0
2014-04-20,N02BA,0.0
2014-04-20,N02BE,0.0
2014-04-20,N05B,0.0
2014-04-20,N05C,0.0
2014-04-20,R03,0.0
2014-04-20,R06,0.0
2014-04-21,M01AB,1.34
2014-04-21,M01AE,1.68
2014-04-21,N02BA,2.1
2014-04-21,N02BE,13.5
2014-04-21,N05B,8.0
2014-04-21,N05C,0.0
2014-04-21,R03,0.0
2014-04-21,R06,1.0
2014-04-22,M01AB,5.34
2014-04-22,M01AE,7.16
2014-04-22,N02BA,3.3
2014-04-22,N02BE,32.0
2014-04-22,N05B,8.0
2014-04-22,N05C,1.0
2014-04-22,R03,0.0
2014-04-22,R06,1.0
2014-04-23,M01AB,6.34
2014-04-23,M01AE,2.34
2014-04-23,N02BA,3.0
2014-04-23,N02BE,24.9
2014-04-23,N05B,8.0
2014-04-23,N05C,1.0
2014-04-23,R03,2.0
2014-04-23,R06,1.0
2014-04-24,M01AB,2.0
2014-04-24,M01AE,2.0
2014-04-24,N02BA,1.1
2014-04-24,N02BE,26.0
2014-04-24,N05B,6.0
2014-04-24,N05C,0.0
2014-04-24,R03,6.0
2014-04-24,R06,2.0
2014-04-25,M01AB,3.0
2014-04-25,M01AE,2.02
2014-04-25,N02BA,5.0
2014-04-25,N02BE,24.9
2014-04-25,N05B,10.0
2014-04-25,N05C,1.0
2014-04-25,R03,1.0
2014-04-25,R06,3.0
2014-04-26,M01AB,4.34
2014-04-26,M01AE,2.67
2014-04-26,N02BA,5.5
2014-04-26,N02BE,35.0
2014-04-26,N05B,12.0
2014-04-26,N05C,1.0
2014-04-26,R03,6.0
2014-04-26,R06,4.0
2014-04-27,M01AB,4.0
2014-04-27,M01AE,2.34
2014-04-27,N02BA,2.0
2014-04-27,N02BE,26.2
2014-04-27,N05B,2.0
2014-04-27,N05C,0.0
2014-04-27,R03,1.0
2014-04-27,R06,1.0
2014-04-28,M01AB,1.34
2014-04-28,M01AE,3.09
2014-04-28,N02BA,3.0
2014-04-28,N02BE,29.1
2014-04-28,N05B,8.0
2014-04-28,N05C,2.0
2014-04-28,R03,0.0
2014-04-28,R06,2.0
2014-04-29,M01AB,3.33
2014-04-29,M01AE,4.02
2014-04-29,N02BA,4.4
2014-04-29,N02BE,30.3
2014-04-29,N05B,6.0
2014-04-29,N05C,1.0
2014-04-29,R03,5.0
2014-04-29,R06,0.4
2014-04-30,M01AB,4.34
2014-04-30,M01AE,2.68
2014-04-30,N02BA,7.0
2014-04-30,N02BE,43.1
2014-04-30,N05B,11.0
2014-04-30,N05C,0.0
2014-04-30,R03,7.0
2014-04-30,R06,4.0
2014-05-01,M01AB,0.0
2014-05-01,M01AE,0.0
2014-05-01,N02BA,0.0
2014-05-01,N02BE,0.0
2014-05-01,N05B,0.0
2014-05-01,N05C,0.0
2014-05-01,R03,0.0
2014-05-01,R06,0.0
2014-05-02,M01AB,7.34
2014-05-02,M01AE,7.34
2014-05-02,N02BA,6.3
2014-05-02,N02BE,39.5
2014-05-02,N05B,16.0
2014-05-02,N05C,1.0
2014-05-02,R03,12.0
2014-05-02,R06,2.0
2014-05-03,M01AB,4.0
2014-05-03,M01AE,5.34
2014-05-03,N02BA,2.0
2014-05-03,N02BE,14.6
2014-05-03,N05B,5.0
2014-05-03,N05C,2.0
2014-05-03,R03,0.0
2014-05-03,R06,2.5
2014-05-04,M01AB,1.67
2014-05-04,M01AE,4.69
2014-05-04,N02BA,1.2
2014-05-04,N02BE,20.0
2014-05-04,N05B,3.0
2014-05-04,N05C,0.0
2014-05-04,R03,0.0
2014-05-04,R06,3.0
2014-05-05,M01AB,3.0
2014-05-05,M01AE,5.78
2014-05-05,N02BA,5.0
2014-05-05,N02BE,20.0
2014-05-05,N05B,7.0
2014-05-05,N05C,0.0
2014-05-05,R03,3.0
2014-05-05,R06,4.0
2014-05-06,M01AB,7.34
2014-05-06,M01AE,4.36
2014-05-06,N02BA,4.0
2014-05-06,N02BE,22.0
2014-05-06,N05B,10.0
2014-05-06,N05C,2.0
2014-05-06,R03,6.0
2014-05-06,R06,5.0
2014-05-07,M01AB,3.33
2014-05-07,M01AE,6.32
2014-05-07,N02BA,3.0
2014-05-07,N02BE,16.8
2014-05-07,N05B,8.0
2014-05-07,N05C,1.0
2014-05-07,R03,3.0
2014-05-07,R06,11.0
2014-05-08,M01AB,2.0
2014-05-08,M01AE,2.34
2014-05-08,N02BA,3.4
2014-05-08,N02BE,20.4
2014-05-08,N05B,10.0
2014-05-08,N05C,3.0
2014-05-08,R03,0.0
2014-05-08,R06,5.0
2014-05-09,M01AB,2.0
2014-05-09,M01AE,5.0
2014-05-09,N02BA,4.2
2014-05-09,N02BE,16.0
2014-05-09,N05B,12.0
2014-05-09,N05C,2.0
2014-05-09,R03,1.0
2014-05-09,R06,2.0
2014-05-10,M01AB,5.0
2014-05-10,M01AE,6.0
2014-05-10,N02BA,9.0
2014-05-10,N02BE,39.4
2014-05-10,N05B,15.0
2014-05-10,N05C,3.0
2014-05-10,R03,1.0
2014-05-10,R06,5.0
2014-05-11,M01AB,2.0
2014-05-11,M01AE,2.68
2014-05-11,N02BA,1.0
2014-05-11,N02BE,17.0
2014-05-11,N05B,7.0
2014-05-11,N05C,0.0
2014-05-11,R03,1.0
2014-05-11,R06,4.0
2014-05-12,M01AB,4.34
2014-05-12,M01AE,3.34
2014-05-12,N02BA,9.0
2014-05-12,N02BE,12.0
2014-05-12,N05B,8.0
2014-05-12,N05C,0.0
2014-05-12,R03,5.0
2014-05-12,R06,2.0
2014-05-13,M01AB,3.68
2014-05-13,M01AE,0.34
2014-05-13,N02BA,6.2
2014-05-13,N02BE,32.0
2014-05-13,N05B,7.0
2014-05-13,N05C,0.0
2014-05-13,R03,25.0
2014-05-13,R06,7.5
2014-05-14,M01AB,1.0
2014-05-14,M01AE,4.02
2014-05-14,N02BA,6.0
2014-05-14,N02BE,24.3
2014-05-14,N05B,4.0
2014-05-14,N05C,0.0
2014-05-14,R03,0.0
2014-05-14,R06,3.0
2014-05-15,M01AB,2.34
2014-05-15,M01AE,2.02
2014-05-15,N02BA,3.0
2014-05-15,N02BE,19.3
2014-05-15,N05B,7.0
2014-05-15,N05C,0.0
2014-05-15,R03,1.0
2014-05-15,R06,2.0
2014-05-16,M01AB,5.34
2014-05-16,M01AE,7.0
2014-05-16,N02BA,3.0
2014-05-16,N02BE,22.0
2014-05-16,N05B,10.0
2014-05-16,N05C,1.0
2014-05-16,R03,11.0
2014-05-16,R06,1.0
2014-05-17,M01AB,2.34
2014-05-17,M01AE,7.68
2014-05-17,N02BA,3.0
2014-05-17,N02BE,35.0
2014-05-17,N05B,14.0
2014-05-17,N05C,1.0
2014-05-17,R03,0.0
2014-05-17,R06,2.0
2014-05-18,M01AB,3.34
2014-05-18,M01AE,2.0
2014-05-18,N02BA,5.0
2014-05-18,N02BE,9.4
2014-05-18,N05B,6.0
2014-05-18,N05C,0.0
2014-05-18,R03,0.0
2014-05-18,R06,1.0
2014-05-19,M01AB,8.34
2014-05-19,M01AE,3.84
2014-05-19,N02BA,6.1
2014-05-19,N02BE,12.8
2014-05-19,N05B,5.0
2014-05-19,N05C,0.0
2014-05-19,R03,3.0
2014-05-19,R06,9.0
2014-05-20,M01AB,1.0
2014-05-20,M01AE,2.38
2014-05-20,N02BA,7.0
2014-05-20,N02BE,27.0
2014-05-20,N05B,10.0
2014-05-20,N05C,1.0
2014-05-20,R03,0.0
2014-05-20,R06,3.6
2014-05-21,M01AB,2.0
2014-05-21,M01AE,4.68
2014-05-21,N02BA,9.5
2014-05-21,N02BE,15.4
2014-05-21,N05B,6.0
2014-05-21,N05C,1.0
2014-05-21,R03,0.0
2014-05-21,R06,3.0
2014-05-22,M01AB,3.68
2014-05-22,M01AE,1.33
2014-05-22,N02BA,1.2
2014-05-22,N02BE,8.0
2014-05-22,N05B,8.0
2014-05-22,N05C,0.0
2014-05-22,R03,2.0
2014-05-22,R06,4.0
2014-05-23,M01AB,5.0
2014-05-23,M01AE,2.34
2014-05-23,N02BA,3.9
2014-05-23,N02BE,17.5
2014-05-23,N05B,8.0
2014-05-23,N05C,2.0
2014-05-23,R03,10.0
2014-05-23,R06,7.0
2014-05-24,M01AB,3.0
2014-05-24,M01AE,4.71
2014-05-24,N02BA,5.0
2014-05-24,N02BE,28.0
2014-05-24,N05B,11.0
2014-05-24,N05C,1.0
2014-05-24,R03,0.0
2014-05-24,R06,9.0
2014-05-25,M01AB,2.0
2014-05-25,M01AE,3.0
2014-05-25,N02BA,1.0
2014-05-25,N02BE,7.0
2014-05-25,N05B,8.0
2014-05-25,N05C,0.0
2014-05-25,R03,5.0
2014-05-25,R06,1.0
2014-05-26,M01AB,2.68
2014-05-26,M01AE,3.34
2014-05-26,N02BA,7.4
2014-05-26,N02BE,18.0
2014-05-26,N05B,7.0
2014-05-26,N05C,1.0
2014-05-26,R03,0.0
2014-05-26,R06,5.0
2014-05-27,M01AB,0.0
2014-05-27,M01AE,2.34
2014-05-27,N02BA,5.0
2014-05-27,N02BE,28.6
2014-05-27,N05B,12.0
2014-05-27,N05C,1.0
2014-05-27,R03,1.0
2014-05-27,R06,6.0
2014-05-28,M01AB,1.34
2014-05-28,M01AE,5.02
2014-05-28,N02BA,1.4
2014-05-28,N02BE,10.28
2014-05-28,N05B,9.0
2014-05-28,N05C,0.0
2014-05-28,R03,2.0
2014-05-28,R06,5.1
2014-05-29,M01AB,4.0
2014-05-29,M01AE,5.34
2014-05-29,N02BA,6.3
2014-05-29,N02BE,27.0
2014-05-29,N05B,13.0
2014-05-29,N05C,0.0
2014-05-29,R03,0.0
2014-05-29,R06,2.0
2014-05-30,M01AB,3.02
2014-05-30,M01AE,2.02
2014-05-30,N02BA,2.0
2014-05-30,N02BE,21.5
2014-05-30,N05B,14.0
2014-05-30,N05C,0.0
2014-05-30,R03,0.0
2014-05-30,R06,5.0
2014-05-31,M01AB,5.67
2014-05-31,M01AE,3.34
2014-05-31,N02BA,2.0
2014-05-31,N02BE,28.0
2014-05-31,N05B,10.0
2014-05-31,N05C,0.0
2014-05-31,R03,15.0
2014-05-31,R06,2.0
2014-06-01,M01AB,1.0
2014-06-01,M01AE,0.68
2014-06-01,N02BA,1.0
2014-06-01,N02BE,10.0
2014-06-01,N05B,4.0
2014-06-01,N05C,1.0
2014-06-01,R03,1.0
2014-06-01,R06,3.0
2014-06-02,M01AB,4.0
2014-06-02,M01AE,4.34
2014-06-02,N02BA,10.0
2014-06-02,N02BE,23.3
2014-06-02,N05B,16.0
2014-06-02,N05C,3.0
2014-06-02,R03,0.0
2014-06-02,R06,3.0
2014-06-03,M01AB,3.0
2014-06-03,M01AE,2.0
2014-06-03,N02BA,2.4
2014-06-03,N02BE,24.0
2014-06-03,N05B,7.0
2014-06-03,N05C,2.0
2014-06-03,R03,5.0
2014-06-03,R06,3.0
2014-06-04,M01AB,1.0
2014-06-04,M01AE,4.68
2014-06-04,N02BA,3.5
2014-06-04,N02BE,24.0
2014-06-04,N05B,6.0
2014-06-04,N05C,0.0
2014-06-04,R03,1.0
2014-06-04,R06,2.5
2014-06-05,M01AB,0.34
2014-06-05,M01AE,4.68
2014-06-05,N02BA,4.5
2014-06-05,N02BE,22.5
2014-06-05,N05B,4.0
2014-06-05,N05C,0.0
2014-06-05,R03,0.0
2014-06-05,R06,5.0
2014-06-06,M01AB,5.0
2014-06-06,M01AE,1.68
2014-06-06,N02BA,3.0
2014-06-06,N02BE,16.62
2014-06-06,N05B,15.0
2014-06-06,N05C,2.0
2014-06-06,R03,1.0
2014-06-06,R06,5.0
2014-06-07,M01AB,9.0
2014-06-07,M01AE,3.68
2014-06-07,N02BA,7.5
2014-06-07,N02BE,33.0
2014-06-07,N05B,8.0
2014-06-07,N05C,1.0
2014-06-07,R03,6.0
2014-06-07,R06,7.0
2014-06-08,M01AB,1.0
2014-06-08,M01AE,2.0
2014-06-08,N02BA,3.0
2014-06-08,N02BE,11.0
2014-06-08,N05B,8.0
2014-06-08,N05C,0.0
2014-06-08,R03,6.0
2014-06-08,R06,2.0
2014-06-09,M01AB,6.33
2014-06-09,M01AE,1.34
2014-06-09,N02BA,5.0
2014-06-09,N02BE,18.0
2014-06-09,N05B,17.0
2014-06-09,N05C,4.0
2014-06-09,R03,0.0
2014-06-09,R06,11.0
2014-06-10,M01AB,8.68
2014-06-10,M01AE,2.68
2014-06-10,N02BA,4.3
2014-06-10,N02BE,23.0
2014-06-10,N05B,16.0
2014-06-10,N05C,2.0
2014-06-10,R03,2.0
2014-06-10,R06,6.5
2014-06-11,M01AB,4.34
2014-06-11,M01AE,0.68
2014-06-11,N02BA,2.3
2014-06-11,N02BE,12.5
2014-06-11,N05B,16.0
2014-06-11,N05C,2.0
2014-06-11,R03,12.0
2014-06-11,R06,9.0
2014-06-12,M01AB,4.34
2014-06-12,M01AE,3.0
2014-06-12,N02BA,1.0
2014-06-12,N02BE,15.8
2014-06-12,N05B,12.0
2014-06-12,N05C,0.0
2014-06-12,R03,2.0
2014-06-12,R06,3.0
2014-06-13,M01AB,1.0
2014-06-13,M01AE,2.68
2014-06-13,N02BA,5.0
2014-06-13,N02BE,10.0
2014-06-13,N05B,11.0
2014-06-13,N05C,0.0
2014-06-13,R03,3.0
2014-06-13,R06,1.0
2014-06-14,M01AB,4.0
2014-06-14,M01AE,5.02
2014-06-14,N02BA,6.0
2014-06-14,N02BE,8.0
2014-06-14,N05B,10.0
2014-06-14,N05C,0.0
2014-06-14,R03,1.0
2014-06-14,R06,3.0
2014-06-15,M01AB,0.34
2014-06-15,M01AE,2.0
2014-06-15,N02BA,0.0
2014-06-15,N02BE,8.0
2014-06-15,N05B,5.0
2014-06-15,N05C,0.0
2014-06-15,R03,0.0
2014-06-15,R06,3.3
2014-06-16,M01AB,4.34
2014-06-16,M01AE,4.34
2014-06-16,N02BA,7.4
2014-06-16,N02BE,12.2
2014-06-16,N05B,11.0
2014-06-16,N05C,0.0
2014-06-16,R03,5.0
2014-06-16,R06,5.0
2014-06-17,M01AB,5.0
2014-06-17,M01AE,2.34
2014-06-17,N02BA,4.0
2014-06-17,N02BE,14.0
2014-06-17,N05B,12.0
2014-06-17,N05C,2.0
2014-06-17,R03,0.0
2014-06-17,R06,3.0
2014-06-18,M01AB,2.0
2014-06-18,M01AE,2.0
2014-06-18,N02BA,4.7
2014-06-18,N02BE,18.0
2014-06-18,N05B,6.0
2014-06-18,N05C,0.0
2014-06-18,R03,1.0
2014-06-18,R06,3.0
2014-06-19,M01AB,3.0
2014-06-19,M01AE,3.33
2014-06-19,N02BA,1.0
2014-06-19,N02BE,14.0
2014-06-19,N05B,8.0
2014-06-19,N05C,0.0
2014-06-19,R03,0.0
2014-06-19,R06,1.0
2014-06-20,M01AB,7.34
2014-06-20,M01AE,2.02
2014-06-20,N02BA,3.0
2014-06-20,N02BE,14.5
2014-06-20,N05B,9.0
2014-06-20,N05C,0.0
2014-06-20,R03,3.0
2014-06-20,R06,6.0
2014-06-21,M01AB,6.0
2014-06-21,M01AE,5.68
2014-06-21,N02BA,2.0
2014-06-21,N02BE,16.0
2014-06-21,N05B,12.0
2014-06-21,N05C,3.0
2014-06-21,R03,0.0
2014-06-21,R06,3.0
2014-06-22,M01AB,4.0
2014-06-22,M01AE,1.02
2014-06-22,N02BA,4.0
2014-06-22,N02BE,18.0
2014-06-22,N05B,8.0
2014-06-22,N05C,0.0
2014-06-22,R03,2.0
2014-06-22,R06,3.0
2014-06-23,M01AB,2.34
2014-06-23,M01AE,7.68
2014-06-23,N02BA,3.0
2014-06-23,N02BE,25.2
2014-06-23,N05B,12.0
2014-06-23,N05C,0.0
2014-06-23,R03,2.0
2014-06-23,R06,3.0
2014-06-24,M01AB,3.0
2014-06-24,M01AE,5.14
2014-06-24,N02BA,4.0
2014-06-24,N02BE,16.2
2014-06-24,N05B,23.0
2014-06-24,N05C,0.0
2014-06-24,R03,2.0
2014-06-24,R06,4.0
2014-06-25,M01AB,8.0
2014-06-25,M01AE,5.34
2014-06-25,N02BA,7.0
2014-06-25,N02BE,33.8
2014-06-25,N05B,19.0
2014-06-25,N05C,0.0
2014-06-25,R03,0.0
2014-06-25,R06,1.0
2014-06-26,M01AB,3.0
2014-06-26,M01AE,2.0
2014-06-26,N02BA,11.3
2014-06-26,N02BE,19.3
2014-06-26,N05B,14.0
2014-06-26,N05C,0.0
2014-06-26,R03,0.0
2014-06-26,R06,1.0
2014-06-27,M01AB,4.34
2014-06-27,M01AE,1.0
2014-06-27,N02BA,6.0
2014-06-27,N02BE,32.3
2014-06-27,N05B,13.0
2014-06-27,N05C,0.0
2014-06-27,R03,1.0
2014-06-27,R06,3.0
2014-06-28,M01AB,0.34
2014-06-28,M01AE,5.34
2014-06-28,N02BA,5.0
2014-06-28,N02BE,20.0
2014-06-28,N05B,14.0
2014-06-28,N05C,1.0
2014-06-28,R03,1.0
2014-06-28,R06,5.0
2014-06-29,M01AB,0.0
2014-06-29,M01AE,1.0
2014-06-29,N02BA,1.0
2014-06-29,N02BE,10.0
2014-06-29,N05B,1.0
2014-06-29,N05C,0.0
2014-06-29,R03,0.0
2014-06-29,R06,1.0
2014-06-30,M01AB,6.0
2014-06-30,M01AE,5.34
2014-06-30,N02BA,1.0
2014-06-30,N02BE,25.0
2014-06-30,N05B,6.0
2014-06-30,N05C,0.0
2014-06-30,R03,0.0
2014-06-30,R06,0.0
2014-07-01,M01AB,4.34
2014-07-01,M01AE,2.34
2014-07-01,N02BA,2.0
2014-07-01,N02BE,19.0
2014-07-01,N05B,10.0
2014-07-01,N05C,0.0
2014-07-01,R03,0.0
2014-07-01,R06,2.0
2014-07-02,M01AB,3.0
2014-07-02,M01AE,0.34
2014-07-02,N02BA,4.0
2014-07-02,N02BE,21.6
2014-07-02,N05B,7.0
2014-07-02,N05C,0.0
2014-07-02,R03,6.0
2014-07-02,R06,3.0
2014-07-03,M01AB,2.33
2014-07-03,M01AE,5.68
2014-07-03,N02BA,7.0
2014-07-03,N02BE,12.5
2014-07-03,N05B,7.0
2014-07-03,N05C,2.0
2014-07-03,R03,0.0
2014-07-03,R06,2.0
2014-07-04,M01AB,4.34
2014-07-04,M01AE,4.7
2014-07-04,N02BA,7.0
2014-07-04,N02BE,10.5
2014-07-04,N05B,14.0
2014-07-04,N05C,0.0
2014-07-04,R03,2.0
2014-07-04,R06,3.0
2014-07-05,M01AB,3.34
2014-07-05,M01AE,4.34
2014-07-05,N02BA,6.0
2014-07-05,N02BE,37.0
2014-07-05,N05B,11.0
2014-07-05,N05C,1.0
2014-07-05,R03,0.0
2014-07-05,R06,0.0
2014-07-06,M01AB,4.0
2014-07-06,M01AE,2.0
2014-07-06,N02BA,3.0
2014-07-06,N02BE,10.2
2014-07-06,N05B,9.0
2014-07-06,N05C,0.0
2014-07-06,R03,0.0
2014-07-06,R06,0.0
2014-07-07,M01AB,2.0
2014-07-07,M01AE,3.34
2014-07-07,N02BA,4.0
2014-07-07,N02BE,13.0
2014-07-07,N05B,11.0
2014-07-07,N05C,0.0
2014-07-07,R03,0.0
2014-07-07,R06,4.0
2014-07-08,M01AB,6.34
2014-07-08,M01AE,2.34
2014-07-08,N02BA,3.0
2014-07-08,N02BE,14.0
2014-07-08,N05B,3.0
2014-07-08,N05C,0.0
2014-07-08,R03,5.0
2014-07-08,R06,1.0
2014-07-09,M01AB,3.0
2014-07-09,M01AE,6.34
2014-07-09,N02BA,5.0
2014-07-09,N02BE,13.0
2014-07-09,N05B,6.0
2014-07-09,N05C,4.0
2014-07-09,R03,0.0
2014-07-09,R06,2.2
2014-07-10,M01AB,2.33
2014-07-10,M01AE,4.66
2014-07-10,N02BA,8.0
2014-07-10,N02BE,21.2
2014-07-10,N05B,32.0
2014-07-10,N05C,0.0
2014-07-10,R03,5.0
2014-07-10,R06,4.0
2014-07-11,M01AB,2.0
2014-07-11,M01AE,1.68
2014-07-11,N02BA,3.2
2014-07-11,N02BE,16.5
2014-07-11,N05B,17.0
2014-07-11,N05C,0.0
2014-07-11,R03,5.0
2014-07-11,R06,1.0
2014-07-12,M01AB,8.34
2014-07-12,M01AE,2.68
2014-07-12,N02BA,10.5
2014-07-12,N02BE,28.1
2014-07-12,N05B,12.0
2014-07-12,N05C,3.0
2014-07-12,R03,12.0
2014-07-12,R06,4.0
2014-07-13,M01AB,2.0
2014-07-13,M01AE,1.34
2014-07-13,N02BA,1.0
2014-07-13,N02BE,17.0
2014-07-13,N05B,2.0
2014-07-13,N05C,0.0
2014-07-13,R03,0.0
2014-07-13,R06,0.0
2014-07-14,M01AB,5.0
2014-07-14,M01AE,3.04
2014-07-14,N02BA,3.0
2014-07-14,N02BE,11.8
2014-07-14,N05B,19.0
2014-07-14,N05C,1.0
2014-07-14,R03,2.0
2014-07-14,R06,2.0
2014-07-15,M01AB,3.34
2014-07-15,M01AE,1.68
2014-07-15,N02BA,1.0
2014-07-15,N02BE,15.6
2014-07-15,N05B,18.0
2014-07-15,N05C,0.0
2014-07-15,R03,0.0
2014-07-15,R06,1.3
2014-07-16,M01AB,4.0
2014-07-16,M01AE,3.34
2014-07-16,N02BA,3.0
2014-07-16,N02BE,13.0
2014-07-16,N05B,12.0
2014-07-16,N05C,1.0
2014-07-16,R03,4.0
2014-07-16,R06,0.0
2014-07-17,M01AB,2.0
2014-07-17,M01AE,3.0
2014-07-17,N02BA,5.0
2014-07-17,N02BE,25.0
2014-07-17,N05B,14.0
2014-07-17,N05C,1.0
2014-07-17,R03,0.0
2014-07-17,R06,1.0
2014-07-18,M01AB,9.0
2014-07-18,M01AE,2.34
2014-07-18,N02BA,1.5
2014-07-18,N02BE,14.2
2014-07-18,N05B,6.0
2014-07-18,N05C,3.0
2014-07-18,R03,0.0
2014-07-18,R06,4.0
2014-07-19,M01AB,7.33
2014-07-19,M01AE,7.02
2014-07-19,N02BA,6.0
2014-07-19,N02BE,8.4
2014-07-19,N05B,10.0
2014-07-19,N05C,0.0
2014-07-19,R03,6.0
2014-07-19,R06,6.0
2014-07-20,M01AB,3.0
2014-07-20,M01AE,0.34
2014-07-20,N02BA,1.0
2014-07-20,N02BE,8.0
2014-07-20,N05B,5.0
2014-07-20,N05C,0.0
2014-07-20,R03,0.0
2014-07-20,R06,0.1
2014-07-21,M01AB,3.0
2014-07-21,M01AE,4.68
2014-07-21,N02BA,8.0
2014-07-21,N02BE,20.0
2014-07-21,N05B,13.0
2014-07-21,N05C,1.0
2014-07-21,R03,0.0
2014-07-21,R06,2.0
2014-07-22,M01AB,5.0
2014-07-22,M01AE,5.68
2014-07-22,N02BA,3.0
2014-07-22,N02BE,9.0
2014-07-22,N05B,7.0
2014-07-22,N05C,0.0
2014-07-22,R03,1.0
2014-07-22,R06,2.0
2014-07-23,M01AB,2.67
2014-07-23,M01AE,6.37
2014-07-23,N02BA,2.0
2014-07-23,N02BE,8.0
2014-07-23,N05B,19.0
2014-07-23,N05C,0.0
2014-07-23,R03,0.0
2014-07-23,R06,3.0
2014-07-24,M01AB,5.34
2014-07-24,M01AE,2.0
2014-07-24,N02BA,4.4
2014-07-24,N02BE,23.0
2014-07-24,N05B,5.0
2014-07-24,N05C,0.0
2014-07-24,R03,0.0
2014-07-24,R06,2.0
2014-07-25,M01AB,5.0
2014-07-25,M01AE,2.02
2014-07-25,N02BA,7.5
2014-07-25,N02BE,10.0
2014-07-25,N05B,15.0
2014-07-25,N05C,1.0
2014-07-25,R03,1.0
2014-07-25,R06,2.0
2014-07-26,M01AB,4.0
2014-07-26,M01AE,6.68
2014-07-26,N02BA,6.2
2014-07-26,N02BE,36.2
2014-07-26,N05B,13.0
2014-07-26,N05C,0.0
2014-07-26,R03,0.0
2014-07-26,R06,4.0
2014-07-27,M01AB,3.0
2014-07-27,M01AE,1.34
2014-07-27,N02BA,2.0
2014-07-27,N02BE,10.0
2014-07-27,N05B,5.0
2014-07-27,N05C,0.0
2014-07-27,R03,6.0
2014-07-27,R06,1.0
2014-07-28,M01AB,2.0
2014-07-28,M01AE,1.34
2014-07-28,N02BA,2.0
2014-07-28,N02BE,9.1
2014-07-28,N05B,9.0
2014-07-28,N05C,0.0
2014-07-28,R03,0.0
2014-07-28,R06,2.0
2014-07-29,M01AB,2.34
2014-07-29,M01AE,0.68
2014-07-29,N02BA,1.0
2014-07-29,N02BE,13.0
2014-07-29,N05B,15.0
2014-07-29,N05C,3.0
2014-07-29,R03,0.0
2014-07-29,R06,5.0
2014-07-30,M01AB,0.68
2014-07-30,M01AE,1.34
2014-07-30,N02BA,5.0
2014-07-30,N02BE,13.5
2014-07-30,N05B,14.0
2014-07-30,N05C,0.0
2014-07-30,R03,6.0
2014-07-30,R06,4.5
2014-07-31,M01AB,3.0
2014-07-31,M01AE,0.34
2014-07-31,N02BA,4.0
2014-07-31,N02BE,10.5
2014-07-31,N05B,8.0
2014-07-31,N05C,0.0
2014-07-31,R03,0.0
2014-07-31,R06,1.0
2014-08-01,M01AB,2.0
2014-08-01,M01AE,1.0
2014-08-01,N02BA,2.2
2014-08-01,N02BE,14.0
2014-08-01,N05B,17.0
2014-08-01,N05C,1.0
2014-08-01,R03,0.0
2014-08-01,R06,1.0
2014-08-02,M01AB,5.0
2014-08-02,M01AE,2.01
2014-08-02,N02BA,6.0
2014-08-02,N02BE,29.0
2014-08-02,N05B,12.0
2014-08-02,N05C,0.0
2014-08-02,R03,5.0
2014-08-02,R06,3.0
2014-08-03,M01AB,5.0
2014-08-03,M01AE,1.0
2014-08-03,N02BA,3.0
2014-08-03,N02BE,6.0
2014-08-03,N05B,5.0
2014-08-03,N05C,5.0
2014-08-03,R03,0.0
2014-08-03,R06,0.0
2014-08-04,M01AB,4.0
2014-08-04,M01AE,5.02
2014-08-04,N02BA,6.0
2014-08-04,N02BE,21.5
2014-08-04,N05B,14.0
2014-08-04,N05C,0.0
2014-08-04,R03,0.0
2014-08-04,R06,4.0
2014-08-05,M01AB,2.0
2014-08-05,M01AE,1.34
2014-08-05,N02BA,3.0
2014-08-05,N02BE,17.1
2014-08-05,N05B,9.0
2014-08-05,N05C,0.0
2014-08-05,R03,0.0
2014-08-05,R06,0.0
2014-08-06,M01AB,6.0
2014-08-06,M01AE,5.0
2014-08-06,N02BA,1.4
2014-08-06,N02BE,17.0
2014-08-06,N05B,7.0
2014-08-06,N05C,1.0
2014-08-06,R03,1.0
2014-08-06,R06,1.0
2014-08-07,M01AB,3.34
2014-08-07,M01AE,2.68
2014-08-07,N02BA,3.0
2014-08-07,N02BE,33.0
2014-08-07,N05B,13.0
2014-08-07,N05C,1.0
2014-08-07,R03,0.0
2014-08-07,R06,2.0
2014-08-08,M01AB,5.02
2014-08-08,M01AE,4.02
2014-08-08,N02BA,5.0
2014-08-08,N02BE,13.0
2014-08-08,N05B,12.0
2014-08-08,N05C,3.0
2014-08-08,R03,2.0
2014-08-08,R06,2.0
2014-08-09,M01AB,4.0
2014-08-09,M01AE,1.34
2014-08-09,N02BA,6.0
2014-08-09,N02BE,19.0
2014-08-09,N05B,24.0
2014-08-09,N05C,3.0
2014-08-09,R03,0.0
2014-08-09,R06,5.9
2014-08-10,M01AB,4.0
2014-08-10,M01AE,0.34
2014-08-10,N02BA,4.0
2014-08-10,N02BE,3.0
2014-08-10,N05B,4.0
2014-08-10,N05C,0.0
2014-08-10,R03,0.0
2014-08-10,R06,2.0
2014-08-11,M01AB,8.0
2014-08-11,M01AE,5.36
2014-08-11,N02BA,9.2
2014-08-11,N02BE,20.0
2014-08-11,N05B,18.0
2014-08-11,N05C,0.0
2014-08-11,R03,0.0
2014-08-11,R06,2.0
2014-08-12,M01AB,0.0
2014-08-12,M01AE,1.36
2014-08-12,N02BA,4.5
2014-08-12,N02BE,10.0
2014-08-12,N05B,8.0
2014-08-12,N05C,1.0
2014-08-12,R03,0.0
2014-08-12,R06,4.6
2014-08-13,M01AB,1.34
2014-08-13,M01AE,3.34
2014-08-13,N02BA,1.0
2014-08-13,N02BE,20.3
2014-08-13,N05B,11.0
2014-08-13,N05C,0.0
2014-08-13,R03,0.0
2014-08-13,R06,7.0
2014-08-14,M01AB,4.0
2014-08-14,M01AE,2.34
2014-08-14,N02BA,6.0
2014-08-14,N02BE,14.4
2014-08-14,N05B,13.0
2014-08-14,N05C,0.0
2014-08-14,R03,0.0
2014-08-14,R06,6.0
2014-08-15,M01AB,4.34
2014-08-15,M01AE,4.02
2014-08-15,N02BA,7.0
2014-08-15,N02BE,13.2
2014-08-15,N05B,15.0
2014-08-15,N05C,2.0
2014-08-15,R03,3.0
2014-08-15,R06,2.0
2014-08-16,M01AB,8.0
2014-08-16,M01AE,2.43
2014-08-16,N02BA,5.0
2014-08-16,N02BE,19.0
2014-08-16,N05B,27.0
2014-08-16,N05C,2.0
2014-08-16,R03,0.0
2014-08-16,R06,1.0
2014-08-17,M01AB,0.34
2014-08-17,M01AE,0.68
2014-08-17,N02BA,2.0
2014-08-17,N02BE,6.5
2014-08-17,N05B,7.0
2014-08-17,N05C,0.0
2014-08-17,R03,0.0
2014-08-17,R06,1.0
2014-08-18,M01AB,4.34
2014-08-18,M01AE,6.0
2014-08-18,N02BA,3.1
2014-08-18,N02BE,16.5
2014-08-18,N05B,21.0
2014-08-18,N05C,3.0
2014-08-18,R03,10.0
2014-08-18,R06,2.0
2014-08-19,M01AB,11.34
2014-08-19,M01AE,6.35
2014-08-19,N02BA,5.0
2014-08-19,N02BE,16.1
2014-08-19,N05B,13.0
2014-08-19,N05C,1.0
2014-08-19,R03,3.0
2014-08-19,R06,1.1
2014-08-20,M01AB,5.34
2014-08-20,M01AE,5.34
2014-08-20,N02BA,1.4
2014-08-20,N02BE,9.0
2014-08-20,N05B,10.0
2014-08-20,N05C,2.0
2014-08-20,R03,0.0
2014-08-20,R06,1.0
2014-08-21,M01AB,3.0
2014-08-21,M01AE,1.0
2014-08-21,N02BA,2.0
2014-08-21,N02BE,18.0
2014-08-21,N05B,16.0
2014-08-21,N05C,1.0
2014-08-21,R03,0.0
2014-08-21,R06,2.2
2014-08-22,M01AB,6.34
2014-08-22,M01AE,1.34
2014-08-22,N02BA,5.0
2014-08-22,N02BE,19.0
2014-08-22,N05B,15.0
2014-08-22,N05C,0.0
2014-08-22,R03,0.0
2014-08-22,R06,1.0
2014-08-23,M01AB,3.0
2014-08-23,M01AE,3.02
2014-08-23,N02BA,1.0
2014-08-23,N02BE,25.6
2014-08-23,N05B,5.0
2014-08-23,N05C,0.0
2014-08-23,R03,0.0
2014-08-23,R06,4.0
2014-08-24,M01AB,3.0
2014-08-24,M01AE,2.17
2014-08-24,N02BA,3.0
2014-08-24,N02BE,7.0
2014-08-24,N05B,12.0
2014-08-24,N05C,0.0
2014-08-24,R03,1.0
2014-08-24,R06,0.0
2014-08-25,M01AB,4.01
2014-08-25,M01AE,3.18
2014-08-25,N02BA,3.0
2014-08-25,N02BE,21.2
2014-08-25,N05B,21.0
2014-08-25,N05C,0.0
2014-08-25,R03,0.0
2014-08-25,R06,0.0
2014-08-26,M01AB,2.34
2014-08-26,M01AE,5.34
2014-08-26,N02BA,3.0
2014-08-26,N02BE,31.0
2014-08-26,N05B,14.0
2014-08-26,N05C,1.0
2014-08-26,R03,1.0
2014-08-26,R06,3.0
2014-08-27,M01AB,3.34
2014-08-27,M01AE,8.02
2014-08-27,N02BA,4.0
2014-08-27,N02BE,21.0
2014-08-27,N05B,14.0
2014-08-27,N05C,0.0
2014-08-27,R03,0.0
2014-08-27,R06,3.0
2014-08-28,M01AB,2.34
2014-08-28,M01AE,5.36
2014-08-28,N02BA,6.0
2014-08-28,N02BE,32.67
2014-08-28,N05B,19.0
2014-08-28,N05C,0.0
2014-08-28,R03,4.0
2014-08-28,R06,0.0
2014-08-29,M01AB,6.34
2014-08-29,M01AE,3.68
2014-08-29,N02BA,5.0
2014-08-29,N02BE,26.28
2014-08-29,N05B,18.0
2014-08-29,N05C,1.0
2014-08-29,R03,0.0
2014-08-29,R06,3.0
2014-08-30,M01AB,3.68
2014-08-30,M01AE,3.02
2014-08-30,N02BA,7.0
2014-08-30,N02BE,13.0
2014-08-30,N05B,13.0
2014-08-30,N05C,1.0
2014-08-30,R03,0.0
2014-08-30,R06,4.0
2014-08-31,M01AB,0.0
2014-08-31,M01AE,2.68
2014-08-31,N02BA,1.0
2014-08-31,N02BE,15.0
2014-08-31,N05B,13.0
2014-08-31,N05C,0.0
2014-08-31,R03,7.0
2014-08-31,R06,2.0
2014-09-01,M01AB,3.34
2014-09-01,M01AE,1.72
2014-09-01,N02BA,1.0
2014-09-01,N02BE,15.5
2014-09-01,N05B,15.0
2014-09-01,N05C,0.0
2014-09-01,R03,0.0
2014-09-01,R06,5.5
2014-09-02,M01AB,2.34
2014-09-02,M01AE,4.68
2014-09-02,N02BA,5.2
2014-09-02,N02BE,20.14
2014-09-02,N05B,7.0
2014-09-02,N05C,0.0
2014-09-02,R03,2.0
2014-09-02,R06,3.0
2014-09-03,M01AB,7.0
2014-09-03,M01AE,6.34
2014-09-03,N02BA,4.0
2014-09-03,N02BE,22.18
2014-09-03,N05B,12.0
2014-09-03,N05C,0.0
2014-09-03,R03,2.0
2014-09-03,R06,3.0
2014-09-04,M01AB,5.68
2014-09-04,M01AE,5.34
2014-09-04,N02BA,3.0
2014-09-04,N02BE,17.6
2014-09-04,N05B,21.0
2014-09-04,N05C,1.0
2014-09-04,R03,0.0
2014-09-04,R06,1.0
2014-09-05,M01AB,4.0
2014-09-05,M01AE,0.78
2014-09-05,N02BA,3.0
2014-09-05,N02BE,15.6
2014-09-05,N05B,15.0
2014-09-05,N05C,2.0
2014-09-05,R03,0.0
2014-09-05,R06,2.0
2014-09-06,M01AB,5.34
2014-09-06,M01AE,5.0
2014-09-06,N02BA,2.4
2014-09-06,N02BE,15.7
2014-09-06,N05B,30.0
2014-09-06,N05C,2.0
2014-09-06,R03,5.0
2014-09-06,R06,3.1
2014-09-07,M01AB,2.0
2014-09-07,M01AE,5.52
2014-09-07,N02BA,5.0
2014-09-07,N02BE,7.0
2014-09-07,N05B,9.0
2014-09-07,N05C,0.0
2014-09-07,R03,0.0
2014-09-07,R06,1.0
2014-09-08,M01AB,1.0
2014-09-08,M01AE,5.36
2014-09-08,N02BA,3.5
2014-09-08,N02BE,20.8
2014-09-08,N05B,15.0
2014-09-08,N05C,0.0
2014-09-08,R03,1.0
2014-09-08,R06,4.0
2014-09-09,M01AB,6.34
2014-09-09,M01AE,2.34
2014-09-09,N02BA,4.0
2014-09-09,N02BE,29.2
2014-09-09,N05B,17.0
2014-09-09,N05C,0.0
2014-09-09,R03,2.0
2014-09-09,R06,1.2
2014-09-10,M01AB,4.34
2014-09-10,M01AE,3.34
2014-09-10,N02BA,3.5
2014-09-10,N02BE,37.8
2014-09-10,N05B,12.0
2014-09-10,N05C,0.0
2014-09-10,R03,0.0
2014-09-10,R06,1.0
2014-09-11,M01AB,0.0
2014-09-11,M01AE,1.34
2014-09-11,N02BA,4.0
2014-09-11,N02BE,32.2
2014-09-11,N05B,15.0
2014-09-11,N05C,0.0
2014-09-11,R03,10.0
2014-09-11,R06,0.0
2014-09-12,M01AB,2.68
2014-09-12,M01AE,2.67
2014-09-12,N02BA,1.0
2014-09-12,N02BE,20.0
2014-09-12,N05B,19.0
2014-09-12,N05C,0.0
2014-09-12,R03,8.0
2014-09-12,R06,1.0
2014-09-13,M01AB,3.0
2014-09-13,M01AE,5.36
2014-09-13,N02BA,4.4
2014-09-13,N02BE,56.85
2014-09-13,N05B,20.0
2014-09-13,N05C,0.0
2014-09-13,R03,1.0
2014-09-13,R06,3.0
2014-09-14,M01AB,1.34
2014-09-14,M01AE,2.0
2014-09-14,N02BA,2.0
2014-09-14,N02BE,19.5
2014-09-14,N05B,6.0
2014-09-14,N05C,0.0
2014-09-14,R03,6.0
2014-09-14,R06,0.0
2014-09-15,M01AB,1.34
2014-09-15,M01AE,3.0
2014-09-15,N02BA,5.4
2014-09-15,N02BE,28.2
2014-09-15,N05B,9.0
2014-09-15,N05C,0.0
2014-09-15,R03,1.0
2014-09-15,R06,0.0
2014-09-16,M01AB,4.0
2014-09-16,M01AE,2.68
2014-09-16,N02BA,0.0
2014-09-16,N02BE,59.3
2014-09-16,N05B,13.0
2014-09-16,N05C,0.0
2014-09-16,R03,0.0
2014-09-16,R06,0.0
2014-09-17,M01AB,2.34
2014-09-17,M01AE,6.0
2014-09-17,N02BA,4.0
2014-09-17,N02BE,39.6
2014-09-17,N05B,11.0
2014-09-17,N05C,2.0
2014-09-17,R03,19.0
2014-09-17,R06,4.0
2014-09-18,M01AB,3.0
2014-09-18,M01AE,2.02
2014-09-18,N02BA,1.0
2014-09-18,N02BE,44.0
2014-09-18,N05B,7.0
2014-09-18,N05C,0.0
2014-09-18,R03,0.0
2014-09-18,R06,1.0
2014-09-19,M01AB,2.0
2014-09-19,M01AE,4.34
2014-09-19,N02BA,7.8
2014-09-19,N02BE,23.0
2014-09-19,N05B,8.0
2014-09-19,N05C,0.0
2014-09-19,R03,22.0
2014-09-19,R06,0.0
2014-09-20,M01AB,4.34
2014-09-20,M01AE,1.86
2014-09-20,N02BA,4.5
2014-09-20,N02BE,20.6
2014-09-20,N05B,14.0
2014-09-20,N05C,1.0
2014-09-20,R03,2.0
2014-09-20,R06,0.0
2014-09-21,M01AB,1.0
2014-09-21,M01AE,3.02
2014-09-21,N02BA,6.0
2014-09-21,N02BE,12.4
2014-09-21,N05B,7.0
2014-09-21,N05C,0.0
2014-09-21,R03,0.0
2014-09-21,R06,3.0
2014-09-22,M01AB,3.34
2014-09-22,M01AE,4.0
2014-09-22,N02BA,5.5
2014-09-22,N02BE,34.2
2014-09-22,N05B,10.0
2014-09-22,N05C,1.0
2014-09-22,R03,0.0
2014-09-22,R06,2.0
2014-09-23,M01AB,3.0
2014-09-23,M01AE,3.34
2014-09-23,N02BA,5.5
2014-09-23,N02BE,26.0
2014-09-23,N05B,10.0
2014-09-23,N05C,0.0
2014-09-23,R03,1.0
2014-09-23,R06,2.0
2014-09-24,M01AB,6.0
2014-09-24,M01AE,3.34
2014-09-24,N02BA,1.4
2014-09-24,N02BE,24.7
2014-09-24,N05B,14.0
2014-09-24,N05C,0.0
2014-09-24,R03,0.0
2014-09-24,R06,0.0
2014-09-25,M01AB,4.68
2014-09-25,M01AE,6.34
2014-09-25,N02BA,8.2
2014-09-25,N02BE,49.15
2014-09-25,N05B,15.0
2014-09-25,N05C,1.0
2014-09-25,R03,1.0
2014-09-25,R06,5.0
2014-09-26,M01AB,4.0
2014-09-26,M01AE,3.68
2014-09-26,N02BA,3.5
2014-09-26,N02BE,38.0
2014-09-26,N05B,22.0
2014-09-26,N05C,2.0
2014-09-26,R03,0.0
2014-09-26,R06,1.0
2014-09-27,M01AB,4.0
2014-09-27,M01AE,2.0
2014-09-27,N02BA,6.0
2014-09-27,N02BE,46.3
2014-09-27,N05B,18.0
2014-09-27,N05C,0.0
2014-09-27,R03,0.0
2014-09-27,R06,4.0
2014-09-28,M01AB,0.34
2014-09-28,M01AE,2.68
2014-09-28,N02BA,1.0
2014-09-28,N02BE,21.2
2014-09-28,N05B,6.0
2014-09-28,N05C,0.0
2014-09-28,R03,0.0
2014-09-28,R06,2.0
2014-09-29,M01AB,7.0
2014-09-29,M01AE,3.68
2014-09-29,N02BA,2.3
2014-09-29,N02BE,29.8
2014-09-29,N05B,12.0
2014-09-29,N05C,0.0
2014-09-29,R03,10.0
2014-09-29,R06,4.0
2014-09-30,M01AB,10.0
2014-09-30,M01AE,5.34
2014-09-30,N02BA,4.0
2014-09-30,N02BE,61.3
2014-09-30,N05B,10.0
2014-09-30,N05C,2.0
2014-09-30,R03,22.0
2014-09-30,R06,2.0
2014-10-01,M01AB,2.34
2014-10-01,M01AE,0.0
2014-10-01,N02BA,2.4
2014-10-01,N02BE,44.0
2014-10-01,N05B,15.0
2014-10-01,N05C,0.0
2014-10-01,R03,11.0
2014-10-01,R06,2.0
2014-10-02,M01AB,2.0
2014-10-02,M01AE,4.99
2014-10-02,N02BA,5.0
2014-10-02,N02BE,23.9
2014-10-02,N05B,11.0
2014-10-02,N05C,0.0
2014-10-02,R03,2.0
2014-10-02,R06,1.0
2014-10-03,M01AB,4.33
2014-10-03,M01AE,1.34
2014-10-03,N02BA,5.9
2014-10-03,N02BE,44.14
2014-10-03,N05B,12.0
2014-10-03,N05C,0.0
2014-10-03,R03,11.0
2014-10-03,R06,2.0
2014-10-04,M01AB,4.68
2014-10-04,M01AE,7.77
2014-10-04,N02BA,8.0
2014-10-04,N02BE,49.9
2014-10-04,N05B,12.0
2014-10-04,N05C,1.0
2014-10-04,R03,25.0
2014-10-04,R06,0.0
2014-10-05,M01AB,2.0
2014-10-05,M01AE,3.34
2014-10-05,N02BA,3.0
2014-10-05,N02BE,19.0
2014-10-05,N05B,1.0
2014-10-05,N05C,0.0
2014-10-05,R03,0.0
2014-10-05,R06,3.0
2014-10-06,M01AB,5.34
2014-10-06,M01AE,1.36
2014-10-06,N02BA,2.4
2014-10-06,N02BE,69.88
2014-10-06,N05B,13.0
2014-10-06,N05C,1.0
2014-10-06,R03,0.0
2014-10-06,R06,1.0
2014-10-07,M01AB,3.0
2014-10-07,M01AE,4.34
2014-10-07,N02BA,2.2
2014-10-07,N02BE,41.7
2014-10-07,N05B,17.0
2014-10-07,N05C,1.0
2014-10-07,R03,5.0
2014-10-07,R06,0.0
2014-10-08,M01AB,3.68
2014-10-08,M01AE,6.0
2014-10-08,N02BA,7.0
2014-10-08,N02BE,50.0
2014-10-08,N05B,17.0
2014-10-08,N05C,0.0
2014-10-08,R03,0.0
2014-10-08,R06,2.0
2014-10-09,M01AB,1.0
2014-10-09,M01AE,4.69
2014-10-09,N02BA,6.0
2014-10-09,N02BE,48.2
2014-10-09,N05B,10.0
2014-10-09,N05C,2.0
2014-10-09,R03,5.0
2014-10-09,R06,0.0
2014-10-10,M01AB,4.34
2014-10-10,M01AE,2.68
2014-10-10,N02BA,9.0
2014-10-10,N02BE,28.8
2014-10-10,N05B,24.0
2014-10-10,N05C,3.0
2014-10-10,R03,6.0
2014-10-10,R06,0.5
2014-10-11,M01AB,3.34
2014-10-11,M01AE,3.68
2014-10-11,N02BA,5.0
2014-10-11,N02BE,35.9
2014-10-11,N05B,15.0
2014-10-11,N05C,0.0
2014-10-11,R03,0.0
2014-10-11,R06,5.0
2014-10-12,M01AB,3.0
2014-10-12,M01AE,0.33
2014-10-12,N02BA,1.5
2014-10-12,N02BE,22.5
2014-10-12,N05B,7.0
2014-10-12,N05C,0.0
2014-10-12,R03,5.0
2014-10-12,R06,2.0
2014-10-13,M01AB,1.68
2014-10-13,M01AE,4.0
2014-10-13,N02BA,6.2
2014-10-13,N02BE,31.9
2014-10-13,N05B,11.0
2014-10-13,N05C,0.0
2014-10-13,R03,1.0
2014-10-13,R06,2.0
2014-10-14,M01AB,3.0
2014-10-14,M01AE,5.41
2014-10-14,N02BA,4.8
2014-10-14,N02BE,31.8
2014-10-14,N05B,7.0
2014-10-14,N05C,0.0
2014-10-14,R03,11.0
2014-10-14,R06,0.0
2014-10-15,M01AB,1.33
2014-10-15,M01AE,6.35
2014-10-15,N02BA,3.5
2014-10-15,N02BE,23.7
2014-10-15,N05B,14.0
2014-10-15,N05C,1.0
2014-10-15,R03,2.0
2014-10-15,R06,4.0
2014-10-16,M01AB,6.78
2014-10-16,M01AE,3.51
2014-10-16,N02BA,2.94
2014-10-16,N02BE,58.92
2014-10-16,N05B,9.06
2014-10-16,N05C,0.62
2014-10-16,R03,5.0
2014-10-16,R06,2.19
2014-10-17,M01AB,3.0
2014-10-17,M01AE,2.34
2014-10-17,N02BA,3.4
2014-10-17,N02BE,42.0
2014-10-17,N05B,22.0
2014-10-17,N05C,3.0
2014-10-17,R03,0.0
2014-10-17,R06,2.0
2014-10-18,M01AB,4.0
2014-10-18,M01AE,6.0
2014-10-18,N02BA,5.5
2014-10-18,N02BE,21.4
2014-10-18,N05B,24.0
2014-10-18,N05C,0.0
2014-10-18,R03,3.0
2014-10-18,R06,2.0
2014-10-19,M01AB,3.33
2014-10-19,M01AE,3.0
2014-10-19,N02BA,2.0
2014-10-19,N02BE,13.9
2014-10-19,N05B,9.0
2014-10-19,N05C,0.0
2014-10-19,R03,6.0
2014-10-19,R06,1.0
2014-10-20,M01AB,3.34
2014-10-20,M01AE,5.66
2014-10-20,N02BA,7.3
2014-10-20,N02BE,35.4
2014-10-20,N05B,25.0
2014-10-20,N05C,2.0
2014-10-20,R03,0.0
2014-10-20,R06,1.0
2014-10-21,M01AB,2.34
2014-10-21,M01AE,4.34
2014-10-21,N02BA,6.4
2014-10-21,N02BE,14.3
2014-10-21,N05B,11.0
2014-10-21,N05C,0.0
2014-10-21,R03,20.0
2014-10-21,R06,1.0
2014-10-22,M01AB,3.33
2014-10-22,M01AE,2.0
2014-10-22,N02BA,2.6
2014-10-22,N02BE,20.9
2014-10-22,N05B,7.0
2014-10-22,N05C,0.0
2014-10-22,R03,2.0
2014-10-22,R06,1.0
2014-10-23,M01AB,1.34
2014-10-23,M01AE,4.33
2014-10-23,N02BA,0.0
2014-10-23,N02BE,32.2
2014-10-23,N05B,7.0
2014-10-23,N05C,1.0
2014-10-23,R03,0.0
2014-10-23,R06,0.0
2014-10-24,M01AB,3.67
2014-10-24,M01AE,2.67
2014-10-24,N02BA,6.3
2014-10-24,N02BE,49.4
2014-10-24,N05B,18.0
2014-10-24,N05C,0.0
2014-10-24,R03,5.0
2014-10-24,R06,1.0
2014-10-25,M01AB,2.33
2014-10-25,M01AE,5.14
2014-10-25,N02BA,1.0
2014-10-25,N02BE,31.0
2014-10-25,N05B,21.0
2014-10-25,N05C,0.0
2014-10-25,R03,2.0
2014-10-25,R06,5.0
2014-10-26,M01AB,3.34
2014-10-26,M01AE,1.0
2014-10-26,N02BA,1.6
2014-10-26,N02BE,30.4
2014-10-26,N05B,6.0
2014-10-26,N05C,0.0
2014-10-26,R03,1.0
2014-10-26,R06,1.0
2014-10-27,M01AB,8.34
2014-10-27,M01AE,4.55
2014-10-27,N02BA,4.0
2014-10-27,N02BE,25.3
2014-10-27,N05B,17.0
2014-10-27,N05C,1.0
2014-10-27,R03,3.0
2014-10-27,R06,0.0
2014-10-28,M01AB,4.0
2014-10-28,M01AE,3.48
2014-10-28,N02BA,10.0
2014-10-28,N02BE,40.4
2014-10-28,N05B,23.0
2014-10-28,N05C,0.0
2014-10-28,R03,0.0
2014-10-28,R06,2.0
2014-10-29,M01AB,5.0
2014-10-29,M01AE,1.0
2014-10-29,N02BA,6.6
2014-10-29,N02BE,41.0
2014-10-29,N05B,20.0
2014-10-29,N05C,2.0
2014-10-29,R03,27.0
2014-10-29,R06,1.0
2014-10-30,M01AB,0.0
2014-10-30,M01AE,1.0
2014-10-30,N02BA,5.0
2014-10-30,N02BE,20.3
2014-10-30,N05B,11.0
2014-10-30,N05C,1.0
2014-10-30,R03,2.0
2014-10-30,R06,0.0
2014-10-31,M01AB,2.0
2014-10-31,M01AE,2.45
2014-10-31,N02BA,4.0
2014-10-31,N02BE,31.0
2014-10-31,N05B,16.0
2014-10-31,N05C,0.0
2014-10-31,R03,0.0
2014-10-31,R06,2.0
2014-11-01,M01AB,2.33
2014-11-01,M01AE,2.34
2014-11-01,N02BA,3.5
2014-11-01,N02BE,43.8
2014-11-01,N05B,22.0
2014-11-01,N05C,0.0
2014-11-01,R03,7.0
2014-11-01,R06,1.0
2014-11-02,M01AB,4.0
2014-11-02,M01AE,0.0
2014-11-02,N02BA,1.0
2014-11-02,N02BE,2.0
2014-11-02,N05B,3.5
2014-11-02,N05C,0.0
2014-11-02,R03,0.0
2014-11-02,R06,1.0
2014-11-03,M01AB,7.0
2014-11-03,M01AE,4.33
2014-11-03,N02BA,1.0
2014-11-03,N02BE,27.8
2014-11-03,N05B,19.0
2014-11-03,N05C,0.0
2014-11-03,R03,5.0
2014-11-03,R06,1.0
2014-11-04,M01AB,6.33
2014-11-04,M01AE,1.0
2014-11-04,N02BA,5.2
2014-11-04,N02BE,26.5
2014-11-04,N05B,15.0
2014-11-04,N05C,0.0
2014-11-04,R03,0.0
2014-11-04,R06,1.0
2014-11-05,M01AB,0.0
2014-11-05,M01AE,1.68
2014-11-05,N02BA,4.0
2014-11-05,N02BE,27.0
2014-11-05,N05B,19.0
2014-11-05,N05C,3.0
2014-11-05,R03,1.0
2014-11-05,R06,0.0
2014-11-06,M01AB,6.0
2014-11-06,M01AE,2.34
2014-11-06,N02BA,5.2
2014-11-06,N02BE,23.4
2014-11-06,N05B,23.0
2014-11-06,N05C,1.0
2014-11-06,R03,0.0
2014-11-06,R06,0.0
2014-11-07,M01AB,6.0
2014-11-07,M01AE,10.34
2014-11-07,N02BA,5.5
2014-11-07,N02BE,15.8
2014-11-07,N05B,32.0
2014-11-07,N05C,1.0
2014-11-07,R03,0.0
2014-11-07,R06,1.0
2014-11-08,M01AB,12.0
2014-11-08,M01AE,7.02
2014-11-08,N02BA,6.0
2014-11-08,N02BE,34.4
2014-11-08,N05B,24.0
2014-11-08,N05C,0.0
2014-11-08,R03,17.0
2014-11-08,R06,2.2
2014-11-09,M01AB,3.34
2014-11-09,M01AE,4.34
2014-11-09,N02BA,2.9
2014-11-09,N02BE,23.0
2014-11-09,N05B,20.0
2014-11-09,N05C,0.0
2014-11-09,R03,2.0
2014-11-09,R06,1.0
2014-11-10,M01AB,1.0
2014-11-10,M01AE,5.32
2014-11-10,N02BA,3.3
2014-11-10,N02BE,24.3
2014-11-10,N05B,13.0
2014-11-10,N05C,0.0
2014-11-10,R03,7.0
2014-11-10,R06,1.0
2014-11-11,M01AB,8.0
2014-11-11,M01AE,4.0
2014-11-11,N02BA,2.0
2014-11-11,N02BE,23.0
2014-11-11,N05B,18.0
2014-11-11,N05C,0.0
2014-11-11,R03,8.0
2014-11-11,R06,2.0
2014-11-12,M01AB,3.0
2014-11-12,M01AE,5.0
2014-11-12,N02BA,4.0
2014-11-12,N02BE,25.0
2014-11-12,N05B,16.0
2014-11-12,N05C,0.0
2014-11-12,R03,3.0
2014-11-12,R06,0.0
2014-11-13,M01AB,8.0
2014-11-13,M01AE,2.0
2014-11-13,N02BA,5.0
2014-11-13,N02BE,33.2
2014-11-13,N05B,10.0
2014-11-13,N05C,0.0
2014-11-13,R03,0.0
2014-11-13,R06,2.2
2014-11-14,M01AB,5.34
2014-11-14,M01AE,0.0
2014-11-14,N02BA,6.0
2014-11-14,N02BE,29.4
2014-11-14,N05B,20.0
2014-11-14,N05C,1.0
2014-11-14,R03,2.0
2014-11-14,R06,3.0
2014-11-15,M01AB,4.33
2014-11-15,M01AE,5.34
2014-11-15,N02BA,5.0
2014-11-15,N02BE,23.6
2014-11-15,N05B,20.0
2014-11-15,N05C,2.0
2014-11-15,R03,2.0
2014-11-15,R06,2.0
2014-11-16,M01AB,2.0
2014-11-16,M01AE,2.68
2014-11-16,N02BA,6.0
2014-11-16,N02BE,18.6
2014-11-16,N05B,13.0
2014-11-16,N05C,1.0
2014-11-16,R03,0.0
2014-11-16,R06,0.0
2014-11-17,M01AB,9.0
2014-11-17,M01AE,5.01
2014-11-17,N02BA,5.5
2014-11-17,N02BE,23.0
2014-11-17,N05B,23.0
2014-11-17,N05C,1.0
2014-11-17,R03,10.0
2014-11-17,R06,0.2
2014-11-18,M01AB,2.67
2014-11-18,M01AE,2.0
2014-11-18,N02BA,5.0
2014-11-18,N02BE,19.3
2014-11-18,N05B,10.5
2014-11-18,N05C,1.0
2014-11-18,R03,0.0
2014-11-18,R06,1.0
2014-11-19,M01AB,1.34
2014-11-19,M01AE,3.67
2014-11-19,N02BA,10.0
2014-11-19,N02BE,32.0
2014-11-19,N05B,17.0
2014-11-19,N05C,0.0
2014-11-19,R03,10.0
2014-11-19,R06,4.0
2014-11-20,M01AB,4.0
2014-11-20,M01AE,7.0
2014-11-20,N02BA,5.0
2014-11-20,N02BE,18.8
2014-11-20,N05B,13.0
2014-11-20,N05C,0.0
2014-11-20,R03,8.0
2014-11-20,R06,0.0
2014-11-21,M01AB,1.34
2014-11-21,M01AE,1.34
2014-11-21,N02BA,3.0
2014-11-21,N02BE,22.4
2014-11-21,N05B,16.0
2014-11-21,N05C,0.0
2014-11-21,R03,2.0
2014-11-21,R06,1.0
2014-11-22,M01AB,6.0
2014-11-22,M01AE,2.34
2014-11-22,N02BA,3.0
2014-11-22,N02BE,23.7
2014-11-22,N05B,15.0
2014-11-22,N05C,1.0
2014-11-22,R03,8.0
2014-11-22,R06,1.4
2014-11-23,M01AB,4.0
2014-11-23,M01AE,3.68
2014-11-23,N02BA,6.0
2014-11-23,N02BE,22.3
2014-11-23,N05B,11.0
2014-11-23,N05C,0.0
2014-11-23,R03,0.0
2014-11-23,R06,1.1
2014-11-24,M01AB,4.0
2014-11-24,M01AE,3.0
2014-11-24,N02BA,6.0
2014-11-24,N02BE,30.6
2014-11-24,N05B,19.0
2014-11-24,N05C,1.0
2014-11-24,R03,1.0
2014-11-24,R06,2.1
2014-11-25,M01AB,5.36
2014-11-25,M01AE,1.68
2014-11-25,N02BA,2.0
2014-11-25,N02BE,19.2
2014-11-25,N05B,18.0
2014-11-25,N05C,0.0
2014-11-25,R03,2.0
2014-11-25,R06,3.0
2014-11-26,M01AB,3.0
2014-11-26,M01AE,5.0
2014-11-26,N02BA,6.0
2014-11-26,N02BE,21.0
2014-11-26,N05B,13.0
2014-11-26,N05C,3.0
2014-11-26,R03,11.0
2014-11-26,R06,2.0
2014-11-27,M01AB,7.0
2014-11-27,M01AE,3.67
2014-11-27,N02BA,2.3
2014-11-27,N02BE,21.2
2014-11-27,N05B,9.0
2014-11-27,N05C,1.0
2014-11-27,R03,4.0
2014-11-27,R06,3.0
2014-11-28,M01AB,3.02
2014-11-28,M01AE,1.4
2014-11-28,N02BA,15.0
2014-11-28,N02BE,15.9
2014-11-28,N05B,12.0
2014-11-28,N05C,1.0
2014-11-28,R03,2.0
2014-11-28,R06,1.0
2014-11-29,M01AB,3.0
2014-11-29,M01AE,2.01
2014-11-29,N02BA,3.3
2014-11-29,N02BE,31.0
2014-11-29,N05B,16.0
2014-11-29,N05C,0.0
2014-11-29,R03,0.0
2014-11-29,R06,5.0
2014-11-30,M01AB,5.68
2014-11-30,M01AE,1.33
2014-11-30,N02BA,5.0
2014-11-30,N02BE,22.6
2014-11-30,N05B,9.0
2014-11-30,N05C,1.0
2014-11-30,R03,0.0
2014-11-30,R06,2.0
2014-12-01,M01AB,4.34
2014-12-01,M01AE,4.01
2014-12-01,N02BA,0.0
2014-12-01,N02BE,36.4
2014-12-01,N05B,19.0
2014-12-01,N05C,0.0
2014-12-01,R03,2.0
2014-12-01,R06,2.0
2014-12-02,M01AB,6.99
2014-12-02,M01AE,4.33
2014-12-02,N02BA,3.7
2014-12-02,N02BE,7.8
2014-12-02,N05B,26.0
2014-12-02,N05C,0.0
2014-12-02,R03,4.0
2014-12-02,R06,1.0
2014-12-03,M01AB,4.0
2014-12-03,M01AE,3.33
2014-12-03,N02BA,5.0
2014-12-03,N02BE,16.6
2014-12-03,N05B,23.0
2014-12-03,N05C,2.0
2014-12-03,R03,13.0
2014-12-03,R06,3.2
2014-12-04,M01AB,3.0
2014-12-04,M01AE,4.34
2014-12-04,N02BA,3.6
2014-12-04,N02BE,28.7
2014-12-04,N05B,16.0
2014-12-04,N05C,1.0
2014-12-04,R03,1.0
2014-12-04,R06,0.0
2014-12-05,M01AB,2.02
2014-12-05,M01AE,5.68
2014-12-05,N02BA,1.0
2014-12-05,N02BE,28.1
2014-12-05,N05B,15.0
2014-12-05,N05C,1.0
2014-12-05,R03,1.0
2014-12-05,R06,2.2
2014-12-06,M01AB,3.34
2014-12-06,M01AE,3.68
2014-12-06,N02BA,1.0
2014-12-06,N02BE,12.4
2014-12-06,N05B,9.0
2014-12-06,N05C,0.0
2014-12-06,R03,7.0
2014-12-06,R06,1.0
2014-12-07,M01AB,5.0
2014-12-07,M01AE,4.91
2014-12-07,N02BA,4.0
2014-12-07,N02BE,45.7
2014-12-07,N05B,6.0
2014-12-07,N05C,0.0
2014-12-07,R03,12.0
2014-12-07,R06,0.0
2014-12-08,M01AB,1.0
2014-12-08,M01AE,3.33
2014-12-08,N02BA,2.0
2014-12-08,N02BE,20.3
2014-12-08,N05B,9.0
2014-12-08,N05C,0.0
2014-12-08,R03,0.0
2014-12-08,R06,0.0
2014-12-09,M01AB,1.0
2014-12-09,M01AE,2.34
2014-12-09,N02BA,7.0
2014-12-09,N02BE,27.28
2014-12-09,N05B,12.0
2014-12-09,N05C,1.0
2014-12-09,R03,0.0
2014-12-09,R06,2.0
2014-12-10,M01AB,3.34
2014-12-10,M01AE,3.0
2014-12-10,N02BA,2.0
2014-12-10,N02BE,51.2
2014-12-10,N05B,28.0
2014-12-10,N05C,3.0
2014-12-10,R03,6.0
2014-12-10,R06,0.0
2014-12-11,M01AB,2.34
2014-12-11,M01AE,5.33
2014-12-11,N02BA,7.0
2014-12-11,N02BE,16.3
2014-12-11,N05B,21.0
2014-12-11,N05C,2.0
2014-12-11,R03,0.0
2014-12-11,R06,0.0
2014-12-12,M01AB,6.34
2014-12-12,M01AE,2.34
2014-12-12,N02BA,5.6
2014-12-12,N02BE,41.4
2014-12-12,N05B,18.0
2014-12-12,N05C,0.0
2014-12-12,R03,2.0
2014-12-12,R06,0.0
2014-12-13,M01AB,1.0
2014-12-13,M01AE,3.34
2014-12-13,N02BA,2.4
2014-12-13,N02BE,25.1
2014-12-13,N05B,11.0
2014-12-13,N05C,1.0
2014-12-13,R03,7.0
2014-12-13,R06,0.0
2014-12-14,M01AB,10.0
2014-12-14,M01AE,2.34
2014-12-14,N02BA,4.4
2014-12-14,N02BE,40.0
2014-12-14,N05B,10.0
2014-12-14,N05C,0.0
2014-12-14,R03,6.0
2014-12-14,R06,1.0
2014-12-15,M01AB,5.34
2014-12-15,M01AE,4.02
2014-12-15,N02BA,7.64
2014-12-15,N02BE,42.2
2014-12-15,N05B,14.0
2014-12-15,N05C,1.0
2014-12-15,R03,9.0
2014-12-15,R06,1.0
2014-12-16,M01AB,6.34
2014-12-16,M01AE,1.34
2014-12-16,N02BA,6.2
2014-12-16,N02BE,23.0
2014-12-16,N05B,23.0
2014-12-16,N05C,3.0
2014-12-16,R03,4.0
2014-12-16,R06,1.0
2014-12-17,M01AB,3.0
2014-12-17,M01AE,3.67
2014-12-17,N02BA,3.5
2014-12-17,N02BE,28.0
2014-12-17,N05B,17.0
2014-12-17,N05C,2.0
2014-12-17,R03,8.0
2014-12-17,R06,0.0
2014-12-18,M01AB,5.0
2014-12-18,M01AE,3.67
2014-12-18,N02BA,3.0
2014-12-18,N02BE,26.6
2014-12-18,N05B,9.0
2014-12-18,N05C,0.0
2014-12-18,R03,0.0
2014-12-18,R06,0.0
2014-12-19,M01AB,0.0
2014-12-19,M01AE,0.0
2014-12-19,N02BA,0.0
2014-12-19,N02BE,0.0
2014-12-19,N05B,0.0
2014-12-19,N05C,0.0
2014-12-19,R03,0.0
2014-12-19,R06,0.0
2014-12-20,M01AB,1.0
2014-12-20,M01AE,3.66
2014-12-20,N02BA,2.0
2014-12-20,N02BE,31.3
2014-12-20,N05B,9.0
2014-12-20,N05C,0.0
2014-12-20,R03,0.0
2014-12-20,R06,3.0
2014-12-21,M01AB,4.33
2014-12-21,M01AE,4.33
2014-12-21,N02BA,2.0
2014-12-21,N02BE,52.5
2014-12-21,N05B,6.0
2014-12-21,N05C,0.0
2014-12-21,R03,10.0
2014-12-21,R06,1.0
2014-12-22,M01AB,3.34
2014-12-22,M01AE,4.68
2014-12-22,N02BA,2.28
2014-12-22,N02BE,19.6
2014-12-22,N05B,43.0
2014-12-22,N05C,1.0
2014-12-22,R03,13.0
2014-12-22,R06,4.0
2014-12-23,M01AB,10.5
2014-12-23,M01AE,3.0
2014-12-23,N02BA,4.6
2014-12-23,N02BE,40.4
2014-12-23,N05B,13.0
2014-12-23,N05C,2.0
2014-12-23,R03,15.0
2014-12-23,R06,0.0
2014-12-24,M01AB,1.0
2014-12-24,M01AE,3.0
2014-12-24,N02BA,1.0
2014-12-24,N02BE,41.6
2014-12-24,N05B,16.0
2014-12-24,N05C,0.0
2014-12-24,R03,2.0
2014-12-24,R06,2.0
2014-12-25,M01AB,8.34
2014-12-25,M01AE,2.0
2014-12-25,N02BA,9.5
2014-12-25,N02BE,31.0
2014-12-25,N05B,16.0
2014-12-25,N05C,0.0
2014-12-25,R03,2.0
2014-12-25,R06,2.0
2014-12-26,M01AB,3.33
2014-12-26,M01AE,4.01
2014-12-26,N02BA,3.0
2014-12-26,N02BE,30.7
2014-12-26,N05B,25.0
2014-12-26,N05C,1.0
2014-12-26,R03,0.0
2014-12-26,R06,0.0
2014-12-27,M01AB,7.33
2014-12-27,M01AE,5.34
2014-12-27,N02BA,4.4
2014-12-27,N02BE,39.0
2014-12-27,N05B,26.0
2014-12-27,N05C,0.0
2014-12-27,R03,9.0
2014-12-27,R06,3.0
2014-12-28,M01AB,2.34
2014-12-28,M01AE,10.76
2014-12-28,N02BA,3.0
2014-12-28,N02BE,80.4
2014-12-28,N05B,15.0
2014-12-28,N05C,0.0
2014-12-28,R03,13.0
2014-12-28,R06,1.0
2014-12-29,M01AB,2.33
2014-12-29,M01AE,3.66
2014-12-29,N02BA,4.0
2014-12-29,N02BE,40.0
2014-12-29,N05B,5.0
2014-12-29,N05C,1.0
2014-12-29,R03,2.0
2014-12-29,R06,0.0
2014-12-30,M01AB,9.0
2014-12-30,M01AE,5.63
2014-12-30,N02BA,3.8
2014-12-30,N02BE,51.0
2014-12-30,N05B,18.0
2014-12-30,N05C,0.0
2014-12-30,R03,5.0
2014-12-30,R06,2.0
2014-12-31,M01AB,5.67
2014-12-31,M01AE,6.33
2014-12-31,N02BA,2.5
2014-12-31,N02BE,41.08
2014-12-31,N05B,14.0
2014-12-31,N05C,3.0
2014-12-31,R03,10.0
2014-12-31,R06,1.0
2015-01-01,M01AB,0.0
2015-01-01,M01AE,0.0
2015-01-01,N02BA,0.0
2015-01-01,N02BE,0.0
2015-01-01,N05B,0.0
2015-01-01,N05C,0.0
2015-01-01,R03,0.0
2015-01-01,R06,0.0
2015-01-02,M01AB,6.0
2015-01-02,M01AE,5.33
2015-01-02,N02BA,4.9
2015-01-02,N02BE,50.8
2015-01-02,N05B,13.0
2015-01-02,N05C,0.0
2015-01-02,R03,6.25
2015-01-02,R06,2.0
2015-01-03,M01AB,9.0
2015-01-03,M01AE,4.67
2015-01-03,N02BA,6.0
2015-01-03,N02BE,57.24
2015-01-03,N05B,11.0
2015-01-03,N05C,3.0
2015-01-03,R03,0.0
2015-01-03,R06,4.0
2015-01-04,M01AB,4.68
2015-01-04,M01AE,8.92
2015-01-04,N02BA,3.5
2015-01-04,N02BE,60.1
2015-01-04,N05B,4.0
2015-01-04,N05C,0.0
2015-01-04,R03,2.0
2015-01-04,R06,1.0
2015-01-05,M01AB,2.34
2015-01-05,M01AE,3.32
2015-01-05,N02BA,1.0
2015-01-05,N02BE,33.6
2015-01-05,N05B,14.0
2015-01-05,N05C,0.0
2015-01-05,R03,16.0
2015-01-05,R06,3.0
2015-01-06,M01AB,3.0
2015-01-06,M01AE,9.37
2015-01-06,N02BA,7.3
2015-01-06,N02BE,42.0
2015-01-06,N05B,13.0
2015-01-06,N05C,0.0
2015-01-06,R03,3.0
2015-01-06,R06,0.0
2015-01-07,M01AB,0.0
2015-01-07,M01AE,0.0
2015-01-07,N02BA,0.0
2015-01-07,N02BE,0.0
2015-01-07,N05B,0.0
2015-01-07,N05C,0.0
2015-01-07,R03,0.0
2015-01-07,R06,0.0
2015-01-08,M01AB,2.0
2015-01-08,M01AE,7.08
2015-01-08,N02BA,1.2
2015-01-08,N02BE,46.4
2015-01-08,N05B,13.0
2015-01-08,N05C,1.0
2015-01-08,R03,1.0
2015-01-08,R06,2.0
2015-01-09,M01AB,3.0
2015-01-09,M01AE,4.34
2015-01-09,N02BA,9.4
2015-01-09,N02BE,36.2
2015-01-09,N05B,33.0
2015-01-09,N05C,2.0
2015-01-09,R03,7.0
2015-01-09,R06,2.0
2015-01-10,M01AB,6.0
2015-01-10,M01AE,5.86
2015-01-10,N02BA,7.0
2015-01-10,N02BE,32.6
2015-01-10,N05B,14.0
2015-01-10,N05C,3.0
2015-01-10,R03,1.0
2015-01-10,R06,1.0
2015-01-11,M01AB,3.0
2015-01-11,M01AE,7.34
2015-01-11,N02BA,7.0
2015-01-11,N02BE,43.6
2015-01-11,N05B,11.0
2015-01-11,N05C,1.0
2015-01-11,R03,11.0
2015-01-11,R06,2.0
2015-01-12,M01AB,2.33
2015-01-12,M01AE,3.34
2015-01-12,N02BA,7.5
2015-01-12,N02BE,36.6
2015-01-12,N05B,18.0
2015-01-12,N05C,0.0
2015-01-12,R03,6.0
2015-01-12,R06,1.0
2015-01-13,M01AB,10.34
2015-01-13,M01AE,4.66
2015-01-13,N02BA,10.0
2015-01-13,N02BE,34.0
2015-01-13,N05B,14.0
2015-01-13,N05C,2.0
2015-01-13,R03,4.0
2015-01-13,R06,2.0
2015-01-14,M01AB,3.0
2015-01-14,M01AE,3.34
2015-01-14,N02BA,5.0
2015-01-14,N02BE,23.0
2015-01-14,N05B,20.0
2015-01-14,N05C,0.0
2015-01-14,R03,1.0
2015-01-14,R06,0.0
2015-01-15,M01AB,6.67
2015-01-15,M01AE,3.0
2015-01-15,N02BA,1.0
2015-01-15,N02BE,55.25
2015-01-15,N05B,13.0
2015-01-15,N05C,0.0
2015-01-15,R03,15.0
2015-01-15,R06,2.0
2015-01-16,M01AB,6.33
2015-01-16,M01AE,5.99
2015-01-16,N02BA,3.8
2015-01-16,N02BE,43.0
2015-01-16,N05B,16.0
2015-01-16,N05C,2.0
2015-01-16,R03,6.0
2015-01-16,R06,2.0
2015-01-17,M01AB,6.68
2015-01-17,M01AE,5.68
2015-01-17,N02BA,7.0
2015-01-17,N02BE,19.2
2015-01-17,N05B,18.0
2015-01-17,N05C,0.0
2015-01-17,R03,0.0
2015-01-17,R06,0.0
2015-01-18,M01AB,4.0
2015-01-18,M01AE,4.34
2015-01-18,N02BA,4.5
2015-01-18,N02BE,20.4
2015-01-18,N05B,16.0
2015-01-18,N05C,0.0
2015-01-18,R03,0.0
2015-01-18,R06,2.0
2015-01-19,M01AB,5.34
2015-01-19,M01AE,2.68
2015-01-19,N02BA,1.1
2015-01-19,N02BE,32.0
2015-01-19,N05B,12.0
2015-01-19,N05C,0.0
2015-01-19,R03,20.0
2015-01-19,R06,2.0
2015-01-20,M01AB,4.34
2015-01-20,M01AE,0.33
2015-01-20,N02BA,6.0
2015-01-20,N02BE,38.0
2015-01-20,N05B,24.0
2015-01-20,N05C,1.0
2015-01-20,R03,4.0
2015-01-20,R06,1.0
2015-01-21,M01AB,4.0
2015-01-21,M01AE,1.0
2015-01-21,N02BA,2.0
2015-01-21,N02BE,37.45
2015-01-21,N05B,17.0
2015-01-21,N05C,1.0
2015-01-21,R03,0.0
2015-01-21,R06,1.0
2015-01-22,M01AB,4.0
2015-01-22,M01AE,1.34
2015-01-22,N02BA,4.0
2015-01-22,N02BE,21.4
2015-01-22,N05B,19.0
2015-01-22,N05C,0.0
2015-01-22,R03,0.0
2015-01-22,R06,1.0
2015-01-23,M01AB,3.67
2015-01-23,M01AE,4.73
2015-01-23,N02BA,8.0
2015-01-23,N02BE,30.0
2015-01-23,N05B,14.0
2015-01-23,N05C,0.0
2015-01-23,R03,7.0
2015-01-23,R06,2.0
2015-01-24,M01AB,4.34
2015-01-24,M01AE,3.33
2015-01-24,N02BA,9.2
2015-01-24,N02BE,49.7
2015-01-24,N05B,31.0
2015-01-24,N05C,0.0
2015-01-24,R03,22.0
2015-01-24,R06,1.0
2015-01-25,M01AB,4.0
2015-01-25,M01AE,1.13
2015-01-25,N02BA,1.9
2015-01-25,N02BE,38.0
2015-01-25,N05B,11.0
2015-01-25,N05C,1.0
2015-01-25,R03,5.0
2015-01-25,R06,0.0
2015-01-26,M01AB,8.5
2015-01-26,M01AE,4.67
2015-01-26,N02BA,4.0
2015-01-26,N02BE,34.4
2015-01-26,N05B,15.0
2015-01-26,N05C,0.0
2015-01-26,R03,13.0
2015-01-26,R06,0.0
2015-01-27,M01AB,2.67
2015-01-27,M01AE,6.33
2015-01-27,N02BA,1.0
2015-01-27,N02BE,20.0
2015-01-27,N05B,14.0
2015-01-27,N05C,0.0
2015-01-27,R03,0.0
2015-01-27,R06,0.0
2015-01-28,M01AB,3.0
2015-01-28,M01AE,5.34
2015-01-28,N02BA,3.0
2015-01-28,N02BE,32.0
2015-01-28,N05B,18.0
2015-01-28,N05C,3.0
2015-01-28,R03,5.0
2015-01-28,R06,3.0
2015-01-29,M01AB,4.34
2015-01-29,M01AE,5.71
2015-01-29,N02BA,8.7
2015-01-29,N02BE,24.4
2015-01-29,N05B,16.0
2015-01-29,N05C,3.0
2015-01-29,R03,11.0
2015-01-29,R06,3.0
2015-01-30,M01AB,1.0
2015-01-30,M01AE,1.07
2015-01-30,N02BA,1.0
2015-01-30,N02BE,20.5
2015-01-30,N05B,19.0
2015-01-30,N05C,1.0
2015-01-30,R03,0.0
2015-01-30,R06,0.0
2015-01-31,M01AB,8.34
2015-01-31,M01AE,6.11
2015-01-31,N02BA,5.0
2015-01-31,N02BE,32.4
2015-01-31,N05B,12.0
2015-01-31,N05C,0.0
2015-01-31,R03,11.0
2015-01-31,R06,2.0
2015-02-01,M01AB,4.34
2015-02-01,M01AE,7.35
2015-02-01,N02BA,7.0
2015-02-01,N02BE,35.6
2015-02-01,N05B,7.0
2015-02-01,N05C,1.0
2015-02-01,R03,0.0
2015-02-01,R06,1.0
2015-02-02,M01AB,6.0
2015-02-02,M01AE,4.0
2015-02-02,N02BA,5.1
2015-02-02,N02BE,20.9
2015-02-02,N05B,14.0
2015-02-02,N05C,0.0
2015-02-02,R03,3.0
2015-02-02,R06,2.0
2015-02-03,M01AB,3.33
2015-02-03,M01AE,3.0
2015-02-03,N02BA,6.2
2015-02-03,N02BE,24.2
2015-02-03,N05B,18.0
2015-02-03,N05C,0.0
2015-02-03,R03,6.0
2015-02-03,R06,5.0
2015-02-04,M01AB,2.34
2015-02-04,M01AE,2.67
2015-02-04,N02BA,2.4
2015-02-04,N02BE,38.8
2015-02-04,N05B,6.0
2015-02-04,N05C,0.0
2015-02-04,R03,12.0
2015-02-04,R06,0.0
2015-02-05,M01AB,2.0
2015-02-05,M01AE,5.57
2015-02-05,N02BA,3.0
2015-02-05,N02BE,24.85
2015-02-05,N05B,12.0
2015-02-05,N05C,0.0
2015-02-05,R03,2.0
2015-02-05,R06,1.0
2015-02-06,M01AB,3.33
2015-02-06,M01AE,3.33
2015-02-06,N02BA,7.3
2015-02-06,N02BE,23.0
2015-02-06,N05B,7.0
2015-02-06,N05C,1.0
2015-02-06,R03,13.0
2015-02-06,R06,1.0
2015-02-07,M01AB,2.0
2015-02-07,M01AE,5.0
2015-02-07,N02BA,1.9
2015-02-07,N02BE,33.6
2015-02-07,N05B,9.0
2015-02-07,N05C,0.0
2015-02-07,R03,0.0
2015-02-07,R06,2.0
2015-02-08,M01AB,1.34
2015-02-08,M01AE,7.76
2015-02-08,N02BA,5.7
2015-02-08,N02BE,29.9
2015-02-08,N05B,8.0
2015-02-08,N05C,0.0
2015-02-08,R03,0.0
2015-02-08,R06,0.0
2015-02-09,M01AB,3.33
2015-02-09,M01AE,3.54
2015-02-09,N02BA,9.6
2015-02-09,N02BE,20.7
2015-02-09,N05B,8.0
2015-02-09,N05C,1.0
2015-02-09,R03,0.0
2015-02-09,R06,1.0
2015-02-10,M01AB,3.66
2015-02-10,M01AE,8.67
2015-02-10,N02BA,7.0
2015-02-10,N02BE,33.0
2015-02-10,N05B,11.0
2015-02-10,N05C,0.0
2015-02-10,R03,6.0
2015-02-10,R06,3.0
2015-02-11,M01AB,3.0
2015-02-11,M01AE,5.14
2015-02-11,N02BA,3.6
2015-02-11,N02BE,48.5
2015-02-11,N05B,16.0
2015-02-11,N05C,0.0
2015-02-11,R03,20.0
2015-02-11,R06,2.0
2015-02-12,M01AB,3.0
2015-02-12,M01AE,4.0
2015-02-12,N02BA,6.0
2015-02-12,N02BE,23.82
2015-02-12,N05B,11.0
2015-02-12,N05C,1.0
2015-02-12,R03,5.0
2015-02-12,R06,0.0
2015-02-13,M01AB,6.01
2015-02-13,M01AE,4.23
2015-02-13,N02BA,7.0
2015-02-13,N02BE,29.6
2015-02-13,N05B,11.0
2015-02-13,N05C,1.0
2015-02-13,R03,22.0
2015-02-13,R06,1.0
2015-02-14,M01AB,4.33
2015-02-14,M01AE,1.74
2015-02-14,N02BA,6.7
2015-02-14,N02BE,29.2
2015-02-14,N05B,13.0
2015-02-14,N05C,1.0
2015-02-14,R03,5.0
2015-02-14,R06,4.0
2015-02-15,M01AB,11.68
2015-02-15,M01AE,2.33
2015-02-15,N02BA,4.3
2015-02-15,N02BE,38.0
2015-02-15,N05B,7.0
2015-02-15,N05C,0.0
2015-02-15,R03,7.0
2015-02-15,R06,2.0
2015-02-16,M01AB,3.01
2015-02-16,M01AE,3.75
2015-02-16,N02BA,4.0
2015-02-16,N02BE,40.1
2015-02-16,N05B,4.0
2015-02-16,N05C,0.0
2015-02-16,R03,10.0
2015-02-16,R06,0.0
2015-02-17,M01AB,5.33
2015-02-17,M01AE,8.69
2015-02-17,N02BA,4.0
2015-02-17,N02BE,36.2
2015-02-17,N05B,3.0
2015-02-17,N05C,0.0
2015-02-17,R03,6.0
2015-02-17,R06,1.0
2015-02-18,M01AB,1.0
2015-02-18,M01AE,2.66
2015-02-18,N02BA,1.33
2015-02-18,N02BE,36.21
2015-02-18,N05B,4.0
2015-02-18,N05C,0.0
2015-02-18,R03,11.0
2015-02-18,R06,0.0
2015-02-19,M01AB,2.0
2015-02-19,M01AE,3.33
2015-02-19,N02BA,4.0
2015-02-19,N02BE,36.7
2015-02-19,N05B,2.0
2015-02-19,N05C,2.0
2015-02-19,R03,6.0
2015-02-19,R06,3.0
2015-02-20,M01AB,5.33
2015-02-20,M01AE,4.66
2015-02-20,N02BA,0.5
2015-02-20,N02BE,27.0
2015-02-20,N05B,5.0
2015-02-20,N05C,0.0
2015-02-20,R03,25.0
2015-02-20,R06,6.0
2015-02-21,M01AB,3.0
2015-02-21,M01AE,5.35
2015-02-21,N02BA,4.8
2015-02-21,N02BE,57.0
2015-02-21,N05B,9.0
2015-02-21,N05C,0.0
2015-02-21,R03,0.0
2015-02-21,R06,3.0
2015-02-22,M01AB,2.0
2015-02-22,M01AE,4.34
2015-02-22,N02BA,2.0
2015-02-22,N02BE,50.6
2015-02-22,N05B,7.0
2015-02-22,N05C,0.0
2015-02-22,R03,11.0
2015-02-22,R06,1.0
2015-02-23,M01AB,5.0
2015-02-23,M01AE,3.16
2015-02-23,N02BA,7.5
2015-02-23,N02BE,55.4
2015-02-23,N05B,9.0
2015-02-23,N05C,0.0
2015-02-23,R03,20.0
2015-02-23,R06,0.0
2015-02-24,M01AB,3.68
2015-02-24,M01AE,3.34
2015-02-24,N02BA,6.2
2015-02-24,N02BE,22.07
2015-02-24,N05B,11.0
2015-02-24,N05C,0.0
2015-02-24,R03,11.0
2015-02-24,R06,2.0
2015-02-25,M01AB,7.0
2015-02-25,M01AE,6.33
2015-02-25,N02BA,6.1
2015-02-25,N02BE,24.0
2015-02-25,N05B,8.0
2015-02-25,N05C,0.0
2015-02-25,R03,2.0
2015-02-25,R06,2.0
2015-02-26,M01AB,6.0
2015-02-26,M01AE,2.0
2015-02-26,N02BA,2.0
2015-02-26,N02BE,36.7
2015-02-26,N05B,13.0
2015-02-26,N05C,0.0
2015-02-26,R03,1.0
2015-02-26,R06,1.0
2015-02-27,M01AB,6.33
2015-02-27,M01AE,4.47
2015-02-27,N02BA,5.0
2015-02-27,N02BE,51.0
2015-02-27,N05B,1.0
2015-02-27,N05C,1.0
2015-02-27,R03,0.0
2015-02-27,R06,0.0
2015-02-28,M01AB,6.34
2015-02-28,M01AE,3.33
2015-02-28,N02BA,1.6
2015-02-28,N02BE,26.6
2015-02-28,N05B,9.0
2015-02-28,N05C,0.0
2015-02-28,R03,4.0
2015-02-28,R06,3.0
2015-03-01,M01AB,9.0
2015-03-01,M01AE,7.89
2015-03-01,N02BA,2.7
2015-03-01,N02BE,25.9
2015-03-01,N05B,3.0
2015-03-01,N05C,4.0
2015-03-01,R03,0.0
2015-03-01,R06,4.0
2015-03-02,M01AB,6.67
2015-03-02,M01AE,4.68
2015-03-02,N02BA,3.5
2015-03-02,N02BE,40.7
2015-03-02,N05B,6.0
2015-03-02,N05C,1.0
2015-03-02,R03,2.0
2015-03-02,R06,3.0
2015-03-03,M01AB,8.0
2015-03-03,M01AE,6.03
2015-03-03,N02BA,4.5
2015-03-03,N02BE,45.6
2015-03-03,N05B,14.0
2015-03-03,N05C,0.0
2015-03-03,R03,1.0
2015-03-03,R06,4.0
2015-03-04,M01AB,9.68
2015-03-04,M01AE,5.67
2015-03-04,N02BA,3.3
2015-03-04,N02BE,46.85
2015-03-04,N05B,4.0
2015-03-04,N05C,0.0
2015-03-04,R03,11.0
2015-03-04,R06,1.0
2015-03-05,M01AB,6.0
2015-03-05,M01AE,2.33
2015-03-05,N02BA,3.0
2015-03-05,N02BE,35.0
2015-03-05,N05B,2.0
2015-03-05,N05C,0.0
2015-03-05,R03,0.0
2015-03-05,R06,0.0
2015-03-06,M01AB,2.0
2015-03-06,M01AE,2.67
2015-03-06,N02BA,6.0
2015-03-06,N02BE,19.8
2015-03-06,N05B,4.0
2015-03-06,N05C,0.0
2015-03-06,R03,1.0
2015-03-06,R06,1.0
2015-03-07,M01AB,3.33
2015-03-07,M01AE,1.0
2015-03-07,N02BA,1.0
2015-03-07,N02BE,2.0
2015-03-07,N05B,0.0
2015-03-07,N05C,0.0
2015-03-07,R03,0.0
2015-03-07,R06,0.0
2015-03-08,M01AB,6.0
2015-03-08,M01AE,3.4
2015-03-08,N02BA,2.4
2015-03-08,N02BE,55.4
2015-03-08,N05B,9.0
2015-03-08,N05C,0.0
2015-03-08,R03,2.0
2015-03-08,R06,1.0
2015-03-09,M01AB,2.0
2015-03-09,M01AE,3.0
2015-03-09,N02BA,5.0
2015-03-09,N02BE,32.7
2015-03-09,N05B,10.0
2015-03-09,N05C,0.0
2015-03-09,R03,1.0
2015-03-09,R06,1.0
2015-03-10,M01AB,1.34
2015-03-10,M01AE,3.66
2015-03-10,N02BA,5.0
2015-03-10,N02BE,40.4
2015-03-10,N05B,6.0
2015-03-10,N05C,0.0
2015-03-10,R03,6.0
2015-03-10,R06,3.0
2015-03-11,M01AB,11.0
2015-03-11,M01AE,5.0
2015-03-11,N02BA,3.2
2015-03-11,N02BE,32.0
2015-03-11,N05B,9.0
2015-03-11,N05C,0.0
2015-03-11,R03,4.0
2015-03-11,R06,0.0
2015-03-12,M01AB,2.68
2015-03-12,M01AE,6.39
2015-03-12,N02BA,6.1
2015-03-12,N02BE,19.0
2015-03-12,N05B,5.0
2015-03-12,N05C,0.0
2015-03-12,R03,2.0
2015-03-12,R06,3.0
2015-03-13,M01AB,4.0
2015-03-13,M01AE,3.33
2015-03-13,N02BA,6.7
2015-03-13,N02BE,63.4
2015-03-13,N05B,11.0
2015-03-13,N05C,2.0
2015-03-13,R03,1.0
2015-03-13,R06,0.0
2015-03-14,M01AB,2.66
2015-03-14,M01AE,4.33
2015-03-14,N02BA,4.0
2015-03-14,N02BE,39.1
2015-03-14,N05B,9.0
2015-03-14,N05C,0.0
2015-03-14,R03,9.0
2015-03-14,R06,3.0
2015-03-15,M01AB,3.34
2015-03-15,M01AE,4.16
2015-03-15,N02BA,3.0
2015-03-15,N02BE,41.0
2015-03-15,N05B,3.0
2015-03-15,N05C,0.0
2015-03-15,R03,12.0
2015-03-15,R06,3.0
2015-03-16,M01AB,8.0
2015-03-16,M01AE,3.01
2015-03-16,N02BA,4.9
2015-03-16,N02BE,46.8
2015-03-16,N05B,8.0
2015-03-16,N05C,0.0
2015-03-16,R03,0.0
2015-03-16,R06,1.0
2015-03-17,M01AB,5.0
2015-03-17,M01AE,3.0
2015-03-17,N02BA,4.6
2015-03-17,N02BE,28.8
2015-03-17,N05B,9.0
2015-03-17,N05C,1.0
2015-03-17,R03,2.0
2015-03-17,R06,0.0
2015-03-18,M01AB,7.33
2015-03-18,M01AE,2.0
2015-03-18,N02BA,5.3
2015-03-18,N02BE,24.4
2015-03-18,N05B,5.0
2015-03-18,N05C,0.0
2015-03-18,R03,20.0
2015-03-18,R06,2.0
2015-03-19,M01AB,2.0
2015-03-19,M01AE,2.33
2015-03-19,N02BA,1.5
2015-03-19,N02BE,31.0
2015-03-19,N05B,7.0
2015-03-19,N05C,0.0
2015-03-19,R03,15.0
2015-03-19,R06,0.0
2015-03-20,M01AB,1.0
2015-03-20,M01AE,7.0
2015-03-20,N02BA,3.0
2015-03-20,N02BE,38.6
2015-03-20,N05B,13.0
2015-03-20,N05C,1.0
2015-03-20,R03,5.0
2015-03-20,R06,1.0
2015-03-21,M01AB,10.33
2015-03-21,M01AE,3.34
2015-03-21,N02BA,3.0
2015-03-21,N02BE,41.6
2015-03-21,N05B,4.0
2015-03-21,N05C,0.0
2015-03-21,R03,6.0
2015-03-21,R06,2.0
2015-03-22,M01AB,8.34
2015-03-22,M01AE,6.67
2015-03-22,N02BA,2.0
2015-03-22,N02BE,43.2
2015-03-22,N05B,9.0
2015-03-22,N05C,0.0
2015-03-22,R03,10.0
2015-03-22,R06,0.0
2015-03-23,M01AB,2.0
2015-03-23,M01AE,4.34
2015-03-23,N02BA,7.0
2015-03-23,N02BE,28.0
2015-03-23,N05B,5.0
2015-03-23,N05C,0.0
2015-03-23,R03,0.0
2015-03-23,R06,2.0
2015-03-24,M01AB,4.0
2015-03-24,M01AE,5.47
2015-03-24,N02BA,5.2
2015-03-24,N02BE,22.4
2015-03-24,N05B,8.0
2015-03-24,N05C,2.0
2015-03-24,R03,9.0
2015-03-24,R06,4.0
2015-03-25,M01AB,3.68
2015-03-25,M01AE,8.66
2015-03-25,N02BA,6.4
2015-03-25,N02BE,17.6
2015-03-25,N05B,10.0
2015-03-25,N05C,2.0
2015-03-25,R03,13.0
2015-03-25,R06,1.0
2015-03-26,M01AB,5.0
2015-03-26,M01AE,1.75
2015-03-26,N02BA,3.0
2015-03-26,N02BE,51.4
2015-03-26,N05B,10.0
2015-03-26,N05C,0.0
2015-03-26,R03,6.0
2015-03-26,R06,5.0
2015-03-27,M01AB,3.0
2015-03-27,M01AE,2.67
2015-03-27,N02BA,2.0
2015-03-27,N02BE,27.0
2015-03-27,N05B,3.0
2015-03-27,N05C,0.0
2015-03-27,R03,22.0
2015-03-27,R06,1.0
2015-03-28,M01AB,1.33
2015-03-28,M01AE,3.06
2015-03-28,N02BA,3.0
2015-03-28,N02BE,50.5
2015-03-28,N05B,6.0
2015-03-28,N05C,0.0
2015-03-28,R03,0.0
2015-03-28,R06,2.0
2015-03-29,M01AB,6.0
2015-03-29,M01AE,5.73
2015-03-29,N02BA,2.3
2015-03-29,N02BE,35.5
2015-03-29,N05B,7.0
2015-03-29,N05C,0.0
2015-03-29,R03,8.0
2015-03-29,R06,2.0
2015-03-30,M01AB,6.33
2015-03-30,M01AE,4.83
2015-03-30,N02BA,10.0
2015-03-30,N02BE,25.7
2015-03-30,N05B,4.0
2015-03-30,N05C,0.0
2015-03-30,R03,0.0
2015-03-30,R06,0.0
2015-03-31,M01AB,5.0
2015-03-31,M01AE,2.0
2015-03-31,N02BA,11.2
2015-03-31,N02BE,33.5
2015-03-31,N05B,5.0
2015-03-31,N05C,0.0
2015-03-31,R03,2.0
2015-03-31,R06,4.0
2015-04-01,M01AB,6.34
2015-04-01,M01AE,1.33
2015-04-01,N02BA,1.0
2015-04-01,N02BE,24.8
2015-04-01,N05B,7.0
2015-04-01,N05C,2.0
2015-04-01,R03,5.0
2015-04-01,R06,1.0
2015-04-02,M01AB,5.0
2015-04-02,M01AE,3.99
2015-04-02,N02BA,5.4
2015-04-02,N02BE,35.07
2015-04-02,N05B,3.0
2015-04-02,N05C,0.0
2015-04-02,R03,3.0
2015-04-02,R06,5.0
2015-04-03,M01AB,5.33
2015-04-03,M01AE,2.32
2015-04-03,N02BA,4.0
2015-04-03,N02BE,34.2
2015-04-03,N05B,12.0
2015-04-03,N05C,0.0
2015-04-03,R03,0.0
2015-04-03,R06,4.0
2015-04-04,M01AB,3.67
2015-04-04,M01AE,4.33
2015-04-04,N02BA,6.0
2015-04-04,N02BE,43.0
2015-04-04,N05B,7.0
2015-04-04,N05C,1.0
2015-04-04,R03,5.0
2015-04-04,R06,6.0
2015-04-05,M01AB,3.34
2015-04-05,M01AE,5.01
2015-04-05,N02BA,4.5
2015-04-05,N02BE,31.6
2015-04-05,N05B,4.0
2015-04-05,N05C,0.0
2015-04-05,R03,0.0
2015-04-05,R06,1.0
2015-04-06,M01AB,7.33
2015-04-06,M01AE,3.33
2015-04-06,N02BA,5.3
2015-04-06,N02BE,32.9
2015-04-06,N05B,4.0
2015-04-06,N05C,0.0
2015-04-06,R03,3.0
2015-04-06,R06,2.0
2015-04-07,M01AB,6.0
2015-04-07,M01AE,3.66
2015-04-07,N02BA,6.7
2015-04-07,N02BE,25.0
2015-04-07,N05B,8.0
2015-04-07,N05C,0.0
2015-04-07,R03,8.0
2015-04-07,R06,1.0
2015-04-08,M01AB,4.0
2015-04-08,M01AE,2.33
2015-04-08,N02BA,3.0
2015-04-08,N02BE,18.0
2015-04-08,N05B,11.0
2015-04-08,N05C,0.0
2015-04-08,R03,10.0
2015-04-08,R06,4.0
2015-04-09,M01AB,1.33
2015-04-09,M01AE,6.0
2015-04-09,N02BA,8.0
2015-04-09,N02BE,22.2
2015-04-09,N05B,8.0
2015-04-09,N05C,0.0
2015-04-09,R03,6.0
2015-04-09,R06,1.0
2015-04-10,M01AB,9.84
2015-04-10,M01AE,6.5
2015-04-10,N02BA,4.0
2015-04-10,N02BE,65.6
2015-04-10,N05B,5.0
2015-04-10,N05C,2.0
2015-04-10,R03,8.0
2015-04-10,R06,5.0
2015-04-11,M01AB,11.68
2015-04-11,M01AE,3.0
2015-04-11,N02BA,3.4
2015-04-11,N02BE,26.0
2015-04-11,N05B,9.0
2015-04-11,N05C,0.0
2015-04-11,R03,5.0
2015-04-11,R06,6.0
2015-04-12,M01AB,0.0
2015-04-12,M01AE,0.0
2015-04-12,N02BA,0.0
2015-04-12,N02BE,0.0
2015-04-12,N05B,0.0
2015-04-12,N05C,0.0
2015-04-12,R03,0.0
2015-04-12,R06,0.0
2015-04-13,M01AB,6.67
2015-04-13,M01AE,1.34
2015-04-13,N02BA,7.0
2015-04-13,N02BE,25.2
2015-04-13,N05B,5.0
2015-04-13,N05C,0.0
2015-04-13,R03,3.0
2015-04-13,R06,7.0
2015-04-14,M01AB,4.66
2015-04-14,M01AE,6.01
2015-04-14,N02BA,7.0
2015-04-14,N02BE,41.8
2015-04-14,N05B,5.0
2015-04-14,N05C,0.0
2015-04-14,R03,5.0
2015-04-14,R06,2.0
2015-04-15,M01AB,2.0
2015-04-15,M01AE,2.33
2015-04-15,N02BA,3.0
2015-04-15,N02BE,29.25
2015-04-15,N05B,15.0
2015-04-15,N05C,0.0
2015-04-15,R03,0.0
2015-04-15,R06,2.0
2015-04-16,M01AB,2.34
2015-04-16,M01AE,1.0
2015-04-16,N02BA,7.2
2015-04-16,N02BE,30.6
2015-04-16,N05B,7.0
2015-04-16,N05C,0.0
2015-04-16,R03,9.0
2015-04-16,R06,4.0
2015-04-17,M01AB,9.33
2015-04-17,M01AE,3.66
2015-04-17,N02BA,3.0
2015-04-17,N02BE,29.65
2015-04-17,N05B,6.0
2015-04-17,N05C,0.0
2015-04-17,R03,1.0
2015-04-17,R06,5.0
2015-04-18,M01AB,7.33
2015-04-18,M01AE,3.0
2015-04-18,N02BA,1.0
2015-04-18,N02BE,31.3
2015-04-18,N05B,1.0
2015-04-18,N05C,0.0
2015-04-18,R03,1.0
2015-04-18,R06,4.0
2015-04-19,M01AB,9.32
2015-04-19,M01AE,5.53
2015-04-19,N02BA,3.8
2015-04-19,N02BE,36.5
2015-04-19,N05B,3.0
2015-04-19,N05C,0.0
2015-04-19,R03,0.0
2015-04-19,R06,2.0
2015-04-20,M01AB,3.0
2015-04-20,M01AE,5.04
2015-04-20,N02BA,3.7
2015-04-20,N02BE,38.0
2015-04-20,N05B,13.0
2015-04-20,N05C,0.0
2015-04-20,R03,1.0
2015-04-20,R06,3.0
2015-04-21,M01AB,6.33
2015-04-21,M01AE,1.0
2015-04-21,N02BA,2.0
2015-04-21,N02BE,35.2
2015-04-21,N05B,9.0
2015-04-21,N05C,0.0
2015-04-21,R03,0.0
2015-04-21,R06,6.0
2015-04-22,M01AB,1.33
2015-04-22,M01AE,4.63
2015-04-22,N02BA,3.2
2015-04-22,N02BE,32.0
2015-04-22,N05B,3.0
2015-04-22,N05C,0.0
2015-04-22,R03,1.0
2015-04-22,R06,2.0
2015-04-23,M01AB,4.0
2015-04-23,M01AE,1.0
2015-04-23,N02BA,1.0
2015-04-23,N02BE,28.2
2015-04-23,N05B,8.0
2015-04-23,N05C,0.0
2015-04-23,R03,1.0
2015-04-23,R06,4.0
2015-04-24,M01AB,10.0
2015-04-24,M01AE,1.0
2015-04-24,N02BA,4.0
2015-04-24,N02BE,30.0
2015-04-24,N05B,5.0
2015-04-24,N05C,0.0
2015-04-24,R03,1.0
2015-04-24,R06,5.0
2015-04-25,M01AB,5.0
2015-04-25,M01AE,3.16
2015-04-25,N02BA,8.0
2015-04-25,N02BE,38.1
2015-04-25,N05B,3.0
2015-04-25,N05C,0.0
2015-04-25,R03,1.0
2015-04-25,R06,3.0
2015-04-26,M01AB,7.0
2015-04-26,M01AE,6.0
2015-04-26,N02BA,3.0
2015-04-26,N02BE,37.6
2015-04-26,N05B,5.0
2015-04-26,N05C,0.0
2015-04-26,R03,1.0
2015-04-26,R06,1.0
2015-04-27,M01AB,3.0
2015-04-27,M01AE,0.78
2015-04-27,N02BA,4.0
2015-04-27,N02BE,43.0
2015-04-27,N05B,10.0
2015-04-27,N05C,0.0
2015-04-27,R03,0.0
2015-04-27,R06,10.0
2015-04-28,M01AB,4.33
2015-04-28,M01AE,4.67
2015-04-28,N02BA,3.1
2015-04-28,N02BE,15.2
2015-04-28,N05B,7.0
2015-04-28,N05C,0.0
2015-04-28,R03,5.0
2015-04-28,R06,6.0
2015-04-29,M01AB,2.0
2015-04-29,M01AE,0.43
2015-04-29,N02BA,4.2
2015-04-29,N02BE,27.6
2015-04-29,N05B,2.0
2015-04-29,N05C,0.0
2015-04-29,R03,11.0
2015-04-29,R06,3.0
2015-04-30,M01AB,3.0
2015-04-30,M01AE,8.73
2015-04-30,N02BA,2.6
2015-04-30,N02BE,32.6
2015-04-30,N05B,7.0
2015-04-30,N05C,0.0
2015-04-30,R03,3.0
2015-04-30,R06,7.0
2015-05-01,M01AB,5.34
2015-05-01,M01AE,1.68
2015-05-01,N02BA,4.94
2015-05-01,N02BE,11.4
2015-05-01,N05B,4.0
2015-05-01,N05C,0.0
2015-05-01,R03,0.0
2015-05-01,R06,4.7
2015-05-02,M01AB,5.0
2015-05-02,M01AE,3.66
2015-05-02,N02BA,3.0
2015-05-02,N02BE,47.8
2015-05-02,N05B,6.0
2015-05-02,N05C,2.0
2015-05-02,R03,0.0
2015-05-02,R06,5.0
2015-05-03,M01AB,6.67
2015-05-03,M01AE,1.07
2015-05-03,N02BA,2.1
2015-05-03,N02BE,19.2
2015-05-03,N05B,4.0
2015-05-03,N05C,0.0
2015-05-03,R03,1.0
2015-05-03,R06,6.0
2015-05-04,M01AB,4.0
2015-05-04,M01AE,4.72
2015-05-04,N02BA,8.6
2015-05-04,N02BE,36.0
2015-05-04,N05B,5.0
2015-05-04,N05C,1.0
2015-05-04,R03,10.0
2015-05-04,R06,3.3
2015-05-05,M01AB,3.34
2015-05-05,M01AE,3.46
2015-05-05,N02BA,2.0
2015-05-05,N02BE,19.0
2015-05-05,N05B,6.0
2015-05-05,N05C,0.0
2015-05-05,R03,5.0
2015-05-05,R06,2.5
2015-05-06,M01AB,4.66
2015-05-06,M01AE,6.5
2015-05-06,N02BA,2.0
2015-05-06,N02BE,40.2
2015-05-06,N05B,11.0
2015-05-06,N05C,0.0
2015-05-06,R03,0.0
2015-05-06,R06,6.0
2015-05-07,M01AB,2.0
2015-05-07,M01AE,3.34
2015-05-07,N02BA,2.0
2015-05-07,N02BE,21.0
2015-05-07,N05B,4.0
2015-05-07,N05C,1.0
2015-05-07,R03,5.0
2015-05-07,R06,10.0
2015-05-08,M01AB,1.0
2015-05-08,M01AE,6.34
2015-05-08,N02BA,5.0
2015-05-08,N02BE,16.0
2015-05-08,N05B,8.0
2015-05-08,N05C,0.0
2015-05-08,R03,4.0
2015-05-08,R06,1.0
2015-05-09,M01AB,3.66
2015-05-09,M01AE,4.34
2015-05-09,N02BA,7.4
2015-05-09,N02BE,21.0
2015-05-09,N05B,11.0
2015-05-09,N05C,1.0
2015-05-09,R03,1.0
2015-05-09,R06,6.0
2015-05-10,M01AB,3.34
2015-05-10,M01AE,5.43
2015-05-10,N02BA,3.8
2015-05-10,N02BE,13.0
2015-05-10,N05B,3.0
2015-05-10,N05C,0.0
2015-05-10,R03,1.0
2015-05-10,R06,10.0
2015-05-11,M01AB,3.33
2015-05-11,M01AE,6.66
2015-05-11,N02BA,5.9
2015-05-11,N02BE,21.0
2015-05-11,N05B,3.0
2015-05-11,N05C,0.0
2015-05-11,R03,6.0
2015-05-11,R06,4.0
2015-05-12,M01AB,7.33
2015-05-12,M01AE,1.99
2015-05-12,N02BA,8.2
2015-05-12,N02BE,22.95
2015-05-12,N05B,13.0
2015-05-12,N05C,0.0
2015-05-12,R03,0.0
2015-05-12,R06,8.0
2015-05-13,M01AB,8.0
2015-05-13,M01AE,3.44
2015-05-13,N02BA,9.0
2015-05-13,N02BE,28.4
2015-05-13,N05B,5.0
2015-05-13,N05C,0.0
2015-05-13,R03,2.0
2015-05-13,R06,4.5
2015-05-14,M01AB,3.0
2015-05-14,M01AE,5.07
2015-05-14,N02BA,3.0
2015-05-14,N02BE,14.0
2015-05-14,N05B,1.0
2015-05-14,N05C,0.0
2015-05-14,R03,0.0
2015-05-14,R06,5.0
2015-05-15,M01AB,3.34
2015-05-15,M01AE,6.53
2015-05-15,N02BA,4.3
2015-05-15,N02BE,48.4
2015-05-15,N05B,8.0
2015-05-15,N05C,0.0
2015-05-15,R03,4.0
2015-05-15,R06,3.2
2015-05-16,M01AB,5.0
2015-05-16,M01AE,4.07
2015-05-16,N02BA,4.1
2015-05-16,N02BE,40.4
2015-05-16,N05B,4.0
2015-05-16,N05C,0.0
2015-05-16,R03,0.0
2015-05-16,R06,4.0
2015-05-17,M01AB,5.0
2015-05-17,M01AE,3.33
2015-05-17,N02BA,5.0
2015-05-17,N02BE,23.2
2015-05-17,N05B,0.0
2015-05-17,N05C,0.0
2015-05-17,R03,0.0
2015-05-17,R06,8.0
2015-05-18,M01AB,7.0
2015-05-18,M01AE,2.71
2015-05-18,N02BA,5.2
2015-05-18,N02BE,21.4
2015-05-18,N05B,6.0
2015-05-18,N05C,1.0
2015-05-18,R03,2.0
2015-05-18,R06,2.2
2015-05-19,M01AB,3.0
2015-05-19,M01AE,1.66
2015-05-19,N02BA,3.0
2015-05-19,N02BE,20.0
2015-05-19,N05B,8.0
2015-05-19,N05C,0.0
2015-05-19,R03,0.0
2015-05-19,R06,3.0
2015-05-20,M01AB,5.67
2015-05-20,M01AE,6.46
2015-05-20,N02BA,2.0
2015-05-20,N02BE,17.0
2015-05-20,N05B,12.0
2015-05-20,N05C,1.0
2015-05-20,R03,5.0
2015-05-20,R06,6.0
2015-05-21,M01AB,6.0
2015-05-21,M01AE,1.96
2015-05-21,N02BA,3.0
2015-05-21,N02BE,10.0
2015-05-21,N05B,5.0
2015-05-21,N05C,0.0
2015-05-21,R03,1.0
2015-05-21,R06,3.3
2015-05-22,M01AB,3.0
2015-05-22,M01AE,0.2
2015-05-22,N02BA,2.0
2015-05-22,N02BE,15.0
2015-05-22,N05B,8.0
2015-05-22,N05C,0.0
2015-05-22,R03,0.0
2015-05-22,R06,7.0
2015-05-23,M01AB,5.68
2015-05-23,M01AE,2.69
2015-05-23,N02BA,5.0
2015-05-23,N02BE,23.45
2015-05-23,N05B,10.0
2015-05-23,N05C,0.0
2015-05-23,R03,2.0
2015-05-23,R06,7.0
2015-05-24,M01AB,5.33
2015-05-24,M01AE,7.77
2015-05-24,N02BA,3.0
2015-05-24,N02BE,20.0
2015-05-24,N05B,5.0
2015-05-24,N05C,0.0
2015-05-24,R03,0.0
2015-05-24,R06,1.3
2015-05-25,M01AB,9.66
2015-05-25,M01AE,3.33
2015-05-25,N02BA,4.0
2015-05-25,N02BE,30.0
2015-05-25,N05B,11.0
2015-05-25,N05C,3.0
2015-05-25,R03,0.0
2015-05-25,R06,3.0
2015-05-26,M01AB,7.34
2015-05-26,M01AE,3.34
2015-05-26,N02BA,4.5
2015-05-26,N02BE,27.0
2015-05-26,N05B,11.0
2015-05-26,N05C,0.0
2015-05-26,R03,22.0
2015-05-26,R06,10.0
2015-05-27,M01AB,4.0
2015-05-27,M01AE,2.66
2015-05-27,N02BA,2.0
2015-05-27,N02BE,24.2
2015-05-27,N05B,7.0
2015-05-27,N05C,0.0
2015-05-27,R03,0.0
2015-05-27,R06,1.0
2015-05-28,M01AB,6.0
2015-05-28,M01AE,2.33
2015-05-28,N02BA,6.7
2015-05-28,N02BE,17.1
2015-05-28,N05B,3.0
2015-05-28,N05C,0.0
2015-05-28,R03,20.0
2015-05-28,R06,3.0
2015-05-29,M01AB,6.33
2015-05-29,M01AE,5.01
2015-05-29,N02BA,3.0
2015-05-29,N02BE,41.8
2015-05-29,N05B,6.0
2015-05-29,N05C,0.0
2015-05-29,R03,5.0
2015-05-29,R06,3.0
2015-05-30,M01AB,14.0
2015-05-30,M01AE,2.68
2015-05-30,N02BA,6.0
2015-05-30,N02BE,24.5
2015-05-30,N05B,4.0
2015-05-30,N05C,0.0
2015-05-30,R03,4.0
2015-05-30,R06,8.0
2015-05-31,M01AB,3.0
2015-05-31,M01AE,4.7
2015-05-31,N02BA,6.3
2015-05-31,N02BE,31.5
2015-05-31,N05B,2.0
2015-05-31,N05C,0.0
2015-05-31,R03,0.0
2015-05-31,R06,10.5
2015-06-01,M01AB,4.66
2015-06-01,M01AE,5.0
2015-06-01,N02BA,2.5
2015-06-01,N02BE,23.55
2015-06-01,N05B,12.0
2015-06-01,N05C,0.0
2015-06-01,R03,2.0
2015-06-01,R06,3.0
2015-06-02,M01AB,8.33
2015-06-02,M01AE,8.0
2015-06-02,N02BA,7.9
2015-06-02,N02BE,24.0
2015-06-02,N05B,10.0
2015-06-02,N05C,4.0
2015-06-02,R03,3.0
2015-06-02,R06,6.0
2015-06-03,M01AB,5.0
2015-06-03,M01AE,1.66
2015-06-03,N02BA,5.3
2015-06-03,N02BE,30.0
2015-06-03,N05B,9.0
2015-06-03,N05C,0.0
2015-06-03,R03,6.0
2015-06-03,R06,2.0
2015-06-04,M01AB,2.33
2015-06-04,M01AE,4.0
2015-06-04,N02BA,3.0
2015-06-04,N02BE,20.0
2015-06-04,N05B,5.0
2015-06-04,N05C,0.0
2015-06-04,R03,2.0
2015-06-04,R06,2.0
2015-06-05,M01AB,5.0
2015-06-05,M01AE,0.67
2015-06-05,N02BA,5.0
2015-06-05,N02BE,13.0
2015-06-05,N05B,6.0
2015-06-05,N05C,0.0
2015-06-05,R03,1.0
2015-06-05,R06,7.0
2015-06-06,M01AB,3.68
2015-06-06,M01AE,3.68
2015-06-06,N02BA,2.0
2015-06-06,N02BE,16.0
2015-06-06,N05B,6.0
2015-06-06,N05C,0.0
2015-06-06,R03,17.0
2015-06-06,R06,2.0
2015-06-07,M01AB,6.34
2015-06-07,M01AE,5.01
2015-06-07,N02BA,2.0
2015-06-07,N02BE,17.0
2015-06-07,N05B,6.0
2015-06-07,N05C,1.0
2015-06-07,R03,22.0
2015-06-07,R06,6.0
2015-06-08,M01AB,6.0
2015-06-08,M01AE,5.66
2015-06-08,N02BA,2.5
2015-06-08,N02BE,31.0
2015-06-08,N05B,10.0
2015-06-08,N05C,1.0
2015-06-08,R03,3.0
2015-06-08,R06,7.0
2015-06-09,M01AB,3.0
2015-06-09,M01AE,4.0
2015-06-09,N02BA,4.0
2015-06-09,N02BE,26.6
2015-06-09,N05B,14.0
2015-06-09,N05C,0.0
2015-06-09,R03,0.0
2015-06-09,R06,4.6
2015-06-10,M01AB,4.34
2015-06-10,M01AE,3.01
2015-06-10,N02BA,8.0
2015-06-10,N02BE,18.68
2015-06-10,N05B,6.0
2015-06-10,N05C,0.0
2015-06-10,R03,7.0
2015-06-10,R06,2.0
2015-06-11,M01AB,6.0
2015-06-11,M01AE,2.33
2015-06-11,N02BA,5.1
2015-06-11,N02BE,38.3
2015-06-11,N05B,11.0
2015-06-11,N05C,0.0
2015-06-11,R03,1.0
2015-06-11,R06,3.0
2015-06-12,M01AB,1.67
2015-06-12,M01AE,1.66
2015-06-12,N02BA,2.0
2015-06-12,N02BE,17.5
2015-06-12,N05B,2.0
2015-06-12,N05C,2.0
2015-06-12,R03,0.0
2015-06-12,R06,5.0
2015-06-13,M01AB,2.33
2015-06-13,M01AE,4.66
2015-06-13,N02BA,7.3
2015-06-13,N02BE,21.4
2015-06-13,N05B,6.0
2015-06-13,N05C,0.0
2015-06-13,R03,12.0
2015-06-13,R06,4.0
2015-06-14,M01AB,5.0
2015-06-14,M01AE,3.67
2015-06-14,N02BA,1.6
2015-06-14,N02BE,14.0
2015-06-14,N05B,6.0
2015-06-14,N05C,0.0
2015-06-14,R03,3.0
2015-06-14,R06,2.0
2015-06-15,M01AB,4.0
2015-06-15,M01AE,3.36
2015-06-15,N02BA,5.0
2015-06-15,N02BE,37.0
2015-06-15,N05B,9.0
2015-06-15,N05C,0.0
2015-06-15,R03,6.0
2015-06-15,R06,9.0
2015-06-16,M01AB,7.0
2015-06-16,M01AE,3.34
2015-06-16,N02BA,4.0
2015-06-16,N02BE,20.0
2015-06-16,N05B,6.0
2015-06-16,N05C,0.0
2015-06-16,R03,8.0
2015-06-16,R06,5.0
2015-06-17,M01AB,3.66
2015-06-17,M01AE,3.32
2015-06-17,N02BA,8.66
2015-06-17,N02BE,24.0
2015-06-17,N05B,10.0
2015-06-17,N05C,1.0
2015-06-17,R03,20.0
2015-06-17,R06,2.0
2015-06-18,M01AB,3.0
2015-06-18,M01AE,5.33
2015-06-18,N02BA,7.0
2015-06-18,N02BE,24.6
2015-06-18,N05B,4.0
2015-06-18,N05C,0.0
2015-06-18,R03,23.0
2015-06-18,R06,3.6
2015-06-19,M01AB,5.33
2015-06-19,M01AE,4.01
2015-06-19,N02BA,3.1
2015-06-19,N02BE,24.0
2015-06-19,N05B,13.0
2015-06-19,N05C,2.0
2015-06-19,R03,10.0
2015-06-19,R06,6.3
2015-06-20,M01AB,9.34
2015-06-20,M01AE,3.0
2015-06-20,N02BA,3.0
2015-06-20,N02BE,26.8
2015-06-20,N05B,5.0
2015-06-20,N05C,0.0
2015-06-20,R03,10.0
2015-06-20,R06,7.0
2015-06-21,M01AB,9.34
2015-06-21,M01AE,0.68
2015-06-21,N02BA,5.0
2015-06-21,N02BE,18.0
2015-06-21,N05B,5.0
2015-06-21,N05C,0.0
2015-06-21,R03,6.0
2015-06-21,R06,2.0
2015-06-22,M01AB,5.17
2015-06-22,M01AE,6.99
2015-06-22,N02BA,9.6
2015-06-22,N02BE,29.06
2015-06-22,N05B,0.0
2015-06-22,N05C,0.0
2015-06-22,R03,1.0
2015-06-22,R06,5.0
2015-06-23,M01AB,4.67
2015-06-23,M01AE,5.67
2015-06-23,N02BA,3.5
2015-06-23,N02BE,19.0
2015-06-23,N05B,7.0
2015-06-23,N05C,0.0
2015-06-23,R03,5.0
2015-06-23,R06,5.0
2015-06-24,M01AB,3.83
2015-06-24,M01AE,4.0
2015-06-24,N02BA,7.0
2015-06-24,N02BE,23.8
2015-06-24,N05B,5.0
2015-06-24,N05C,1.0
2015-06-24,R03,4.0
2015-06-24,R06,3.0
2015-06-25,M01AB,6.33
2015-06-25,M01AE,4.34
2015-06-25,N02BA,6.0
2015-06-25,N02BE,24.12
2015-06-25,N05B,4.0
2015-06-25,N05C,0.0
2015-06-25,R03,0.0
2015-06-25,R06,3.0
2015-06-26,M01AB,7.17
2015-06-26,M01AE,0.33
2015-06-26,N02BA,2.0
2015-06-26,N02BE,29.0
2015-06-26,N05B,3.0
2015-06-26,N05C,0.0
2015-06-26,R03,1.0
2015-06-26,R06,4.0
2015-06-27,M01AB,7.33
2015-06-27,M01AE,3.33
2015-06-27,N02BA,6.0
2015-06-27,N02BE,36.0
2015-06-27,N05B,10.0
2015-06-27,N05C,0.0
2015-06-27,R03,1.0
2015-06-27,R06,2.0
2015-06-28,M01AB,5.34
2015-06-28,M01AE,4.65
2015-06-28,N02BA,7.4
2015-06-28,N02BE,12.0
2015-06-28,N05B,0.0
2015-06-28,N05C,0.0
2015-06-28,R03,6.0
2015-06-28,R06,6.0
2015-06-29,M01AB,5.68
2015-06-29,M01AE,3.66
2015-06-29,N02BA,4.0
2015-06-29,N02BE,22.0
2015-06-29,N05B,15.0
2015-06-29,N05C,0.0
2015-06-29,R03,11.0
2015-06-29,R06,3.0
2015-06-30,M01AB,1.0
2015-06-30,M01AE,4.67
2015-06-30,N02BA,6.0
2015-06-30,N02BE,35.0
2015-06-30,N05B,12.0
2015-06-30,N05C,0.0
2015-06-30,R03,2.0
2015-06-30,R06,4.3
2015-07-01,M01AB,8.83
2015-07-01,M01AE,5.68
2015-07-01,N02BA,5.4
2015-07-01,N02BE,18.25
2015-07-01,N05B,14.0
2015-07-01,N05C,1.0
2015-07-01,R03,12.0
2015-07-01,R06,10.0
2015-07-02,M01AB,3.0
2015-07-02,M01AE,2.0
2015-07-02,N02BA,1.0
2015-07-02,N02BE,23.15
2015-07-02,N05B,3.0
2015-07-02,N05C,0.0
2015-07-02,R03,1.0
2015-07-02,R06,2.0
2015-07-03,M01AB,5.5
2015-07-03,M01AE,4.33
2015-07-03,N02BA,3.5
2015-07-03,N02BE,24.5
2015-07-03,N05B,10.0
2015-07-03,N05C,0.0
2015-07-03,R03,8.0
2015-07-03,R06,4.0
2015-07-04,M01AB,7.35
2015-07-04,M01AE,2.34
2015-07-04,N02BA,4.2
2015-07-04,N02BE,15.2
2015-07-04,N05B,2.0
2015-07-04,N05C,0.0
2015-07-04,R03,0.0
2015-07-04,R06,3.0
2015-07-05,M01AB,5.0
2015-07-05,M01AE,4.34
2015-07-05,N02BA,4.2
2015-07-05,N02BE,14.0
2015-07-05,N05B,10.0
2015-07-05,N05C,0.0
2015-07-05,R03,1.0
2015-07-05,R06,4.0
2015-07-06,M01AB,5.5
2015-07-06,M01AE,4.68
2015-07-06,N02BA,2.0
2015-07-06,N02BE,20.0
2015-07-06,N05B,8.0
2015-07-06,N05C,0.0
2015-07-06,R03,3.0
2015-07-06,R06,3.0
2015-07-07,M01AB,4.84
2015-07-07,M01AE,4.68
2015-07-07,N02BA,2.3
2015-07-07,N02BE,19.6
2015-07-07,N05B,5.0
2015-07-07,N05C,0.0
2015-07-07,R03,3.0
2015-07-07,R06,7.0
2015-07-08,M01AB,2.0
2015-07-08,M01AE,1.35
2015-07-08,N02BA,3.0
2015-07-08,N02BE,18.6
2015-07-08,N05B,6.0
2015-07-08,N05C,0.0
2015-07-08,R03,5.0
2015-07-08,R06,3.0
2015-07-09,M01AB,2.34
2015-07-09,M01AE,1.67
2015-07-09,N02BA,2.0
2015-07-09,N02BE,32.75
2015-07-09,N05B,4.0
2015-07-09,N05C,0.0
2015-07-09,R03,0.0
2015-07-09,R06,5.0
2015-07-10,M01AB,5.5
2015-07-10,M01AE,6.34
2015-07-10,N02BA,5.0
2015-07-10,N02BE,37.0
2015-07-10,N05B,15.0
2015-07-10,N05C,0.0
2015-07-10,R03,8.0
2015-07-10,R06,6.0
2015-07-11,M01AB,4.0
2015-07-11,M01AE,2.33
2015-07-11,N02BA,4.9
2015-07-11,N02BE,45.0
2015-07-11,N05B,9.0
2015-07-11,N05C,0.0
2015-07-11,R03,2.0
2015-07-11,R06,10.0
2015-07-12,M01AB,6.33
2015-07-12,M01AE,5.33
2015-07-12,N02BA,5.0
2015-07-12,N02BE,25.3
2015-07-12,N05B,5.0
2015-07-12,N05C,0.0
2015-07-12,R03,0.0
2015-07-12,R06,6.5
2015-07-13,M01AB,3.68
2015-07-13,M01AE,0.66
2015-07-13,N02BA,8.0
2015-07-13,N02BE,22.55
2015-07-13,N05B,5.0
2015-07-13,N05C,0.0
2015-07-13,R03,0.0
2015-07-13,R06,3.0
2015-07-14,M01AB,0.34
2015-07-14,M01AE,4.33
2015-07-14,N02BA,5.0
2015-07-14,N02BE,14.0
2015-07-14,N05B,1.0
2015-07-14,N05C,0.0
2015-07-14,R03,2.0
2015-07-14,R06,2.0
2015-07-15,M01AB,8.49
2015-07-15,M01AE,1.66
2015-07-15,N02BA,4.0
2015-07-15,N02BE,20.2
2015-07-15,N05B,5.0
2015-07-15,N05C,0.0
2015-07-15,R03,1.0
2015-07-15,R06,9.0
2015-07-16,M01AB,8.34
2015-07-16,M01AE,3.33
2015-07-16,N02BA,1.0
2015-07-16,N02BE,18.0
2015-07-16,N05B,3.0
2015-07-16,N05C,0.0
2015-07-16,R03,2.0
2015-07-16,R06,4.0
2015-07-17,M01AB,2.5
2015-07-17,M01AE,1.33
2015-07-17,N02BA,1.0
2015-07-17,N02BE,28.0
2015-07-17,N05B,3.0
2015-07-17,N05C,0.0
2015-07-17,R03,0.0
2015-07-17,R06,2.3
2015-07-18,M01AB,3.68
2015-07-18,M01AE,7.38
2015-07-18,N02BA,2.0
2015-07-18,N02BE,25.0
2015-07-18,N05B,8.0
2015-07-18,N05C,3.0
2015-07-18,R03,1.0
2015-07-18,R06,3.0
2015-07-19,M01AB,11.68
2015-07-19,M01AE,1.68
2015-07-19,N02BA,2.0
2015-07-19,N02BE,15.0
2015-07-19,N05B,1.0
2015-07-19,N05C,0.0
2015-07-19,R03,1.0
2015-07-19,R06,3.0
2015-07-20,M01AB,5.84
2015-07-20,M01AE,4.67
2015-07-20,N02BA,5.0
2015-07-20,N02BE,41.0
2015-07-20,N05B,4.0
2015-07-20,N05C,0.0
2015-07-20,R03,0.0
2015-07-20,R06,2.0
2015-07-21,M01AB,4.68
2015-07-21,M01AE,1.0
2015-07-21,N02BA,3.2
2015-07-21,N02BE,14.25
2015-07-21,N05B,7.0
2015-07-21,N05C,0.0
2015-07-21,R03,1.0
2015-07-21,R06,4.0
2015-07-22,M01AB,9.33
2015-07-22,M01AE,0.34
2015-07-22,N02BA,5.0
2015-07-22,N02BE,22.0
2015-07-22,N05B,10.0
2015-07-22,N05C,0.0
2015-07-22,R03,5.0
2015-07-22,R06,3.0
2015-07-23,M01AB,1.5
2015-07-23,M01AE,4.0
2015-07-23,N02BA,3.0
2015-07-23,N02BE,14.0
2015-07-23,N05B,3.0
2015-07-23,N05C,0.0
2015-07-23,R03,0.0
2015-07-23,R06,2.0
2015-07-24,M01AB,6.0
2015-07-24,M01AE,6.34
2015-07-24,N02BA,3.6
2015-07-24,N02BE,29.6
2015-07-24,N05B,9.0
2015-07-24,N05C,1.0
2015-07-24,R03,1.0
2015-07-24,R06,10.0
2015-07-25,M01AB,4.0
2015-07-25,M01AE,4.0
2015-07-25,N02BA,5.0
2015-07-25,N02BE,22.0
2015-07-25,N05B,7.0
2015-07-25,N05C,1.0
2015-07-25,R03,0.0
2015-07-25,R06,4.0
2015-07-26,M01AB,5.0
2015-07-26,M01AE,2.99
2015-07-26,N02BA,3.0
2015-07-26,N02BE,29.0
2015-07-26,N05B,4.0
2015-07-26,N05C,0.0
2015-07-26,R03,0.0
2015-07-26,R06,0.0
2015-07-27,M01AB,7.34
2015-07-27,M01AE,3.34
2015-07-27,N02BA,7.0
2015-07-27,N02BE,24.0
2015-07-27,N05B,9.0
2015-07-27,N05C,0.0
2015-07-27,R03,0.0
2015-07-27,R06,1.5
2015-07-28,M01AB,14.18
2015-07-28,M01AE,6.02
2015-07-28,N02BA,1.0
2015-07-28,N02BE,15.2
2015-07-28,N05B,14.0
2015-07-28,N05C,0.0
2015-07-28,R03,1.0
2015-07-28,R06,3.0
2015-07-29,M01AB,10.34
2015-07-29,M01AE,3.34
2015-07-29,N02BA,4.0
2015-07-29,N02BE,21.38
2015-07-29,N05B,8.0
2015-07-29,N05C,0.0
2015-07-29,R03,2.0
2015-07-29,R06,1.0
2015-07-30,M01AB,3.0
2015-07-30,M01AE,3.33
2015-07-30,N02BA,14.0
2015-07-30,N02BE,16.3
2015-07-30,N05B,3.0
2015-07-30,N05C,0.0
2015-07-30,R03,0.0
2015-07-30,R06,4.0
2015-07-31,M01AB,5.5
2015-07-31,M01AE,9.0
2015-07-31,N02BA,6.2
2015-07-31,N02BE,24.0
2015-07-31,N05B,8.0
2015-07-31,N05C,0.0
2015-07-31,R03,0.0
2015-07-31,R06,6.0
2015-08-01,M01AB,5.0
2015-08-01,M01AE,5.0
2015-08-01,N02BA,4.0
2015-08-01,N02BE,19.0
2015-08-01,N05B,14.0
2015-08-01,N05C,0.0
2015-08-01,R03,0.0
2015-08-01,R06,2.0
2015-08-02,M01AB,5.0
2015-08-02,M01AE,6.7
2015-08-02,N02BA,4.0
2015-08-02,N02BE,15.0
2015-08-02,N05B,9.0
2015-08-02,N05C,0.0
2015-08-02,R03,0.0
2015-08-02,R06,2.0
2015-08-03,M01AB,1.5
2015-08-03,M01AE,2.33
2015-08-03,N02BA,1.5
2015-08-03,N02BE,23.0
2015-08-03,N05B,3.5
2015-08-03,N05C,1.0
2015-08-03,R03,5.0
2015-08-03,R06,1.0
2015-08-04,M01AB,6.34
2015-08-04,M01AE,2.33
2015-08-04,N02BA,3.0
2015-08-04,N02BE,23.0
2015-08-04,N05B,5.0
2015-08-04,N05C,1.0
2015-08-04,R03,0.0
2015-08-04,R06,4.0
2015-08-05,M01AB,5.0
2015-08-05,M01AE,3.33
2015-08-05,N02BA,4.2
2015-08-05,N02BE,22.2
2015-08-05,N05B,3.5
2015-08-05,N05C,0.0
2015-08-05,R03,0.0
2015-08-05,R06,1.0
2015-08-06,M01AB,5.33
2015-08-06,M01AE,1.67
2015-08-06,N02BA,8.0
2015-08-06,N02BE,35.0
2015-08-06,N05B,11.0
2015-08-06,N05C,0.0
2015-08-06,R03,3.0
2015-08-06,R06,2.0
2015-08-07,M01AB,4.33
2015-08-07,M01AE,4.0
2015-08-07,N02BA,6.0
2015-08-07,N02BE,22.0
2015-08-07,N05B,9.0
2015-08-07,N05C,2.0
2015-08-07,R03,1.0
2015-08-07,R06,6.0
2015-08-08,M01AB,6.33
2015-08-08,M01AE,5.33
2015-08-08,N02BA,7.0
2015-08-08,N02BE,22.0
2015-08-08,N05B,5.0
2015-08-08,N05C,0.0
2015-08-08,R03,0.0
2015-08-08,R06,0.7
2015-08-09,M01AB,5.0
2015-08-09,M01AE,3.66
2015-08-09,N02BA,2.0
2015-08-09,N02BE,21.0
2015-08-09,N05B,5.0
2015-08-09,N05C,0.0
2015-08-09,R03,2.0
2015-08-09,R06,3.0
2015-08-10,M01AB,3.67
2015-08-10,M01AE,5.68
2015-08-10,N02BA,4.2
2015-08-10,N02BE,29.0
2015-08-10,N05B,12.5
2015-08-10,N05C,0.0
2015-08-10,R03,1.0
2015-08-10,R06,5.0
2015-08-11,M01AB,12.33
2015-08-11,M01AE,6.66
2015-08-11,N02BA,7.4
2015-08-11,N02BE,18.1
2015-08-11,N05B,10.0
2015-08-11,N05C,0.0
2015-08-11,R03,0.0
2015-08-11,R06,4.0
2015-08-12,M01AB,8.67
2015-08-12,M01AE,7.69
2015-08-12,N02BA,4.0
2015-08-12,N02BE,28.2
2015-08-12,N05B,9.5
2015-08-12,N05C,0.0
2015-08-12,R03,1.0
2015-08-12,R06,1.0
2015-08-13,M01AB,8.0
2015-08-13,M01AE,2.0
2015-08-13,N02BA,6.0
2015-08-13,N02BE,23.44
2015-08-13,N05B,9.0
2015-08-13,N05C,0.0
2015-08-13,R03,3.0
2015-08-13,R06,3.0
2015-08-14,M01AB,3.0
2015-08-14,M01AE,4.66
2015-08-14,N02BA,4.0
2015-08-14,N02BE,16.7
2015-08-14,N05B,5.0
2015-08-14,N05C,0.0
2015-08-14,R03,1.0
2015-08-14,R06,4.0
2015-08-15,M01AB,3.34
2015-08-15,M01AE,6.34
2015-08-15,N02BA,6.0
2015-08-15,N02BE,35.0
2015-08-15,N05B,14.0
2015-08-15,N05C,1.0
2015-08-15,R03,1.0
2015-08-15,R06,1.0
2015-08-16,M01AB,2.0
2015-08-16,M01AE,4.67
2015-08-16,N02BA,2.0
2015-08-16,N02BE,19.25
2015-08-16,N05B,4.0
2015-08-16,N05C,2.0
2015-08-16,R03,0.0
2015-08-16,R06,2.0
2015-08-17,M01AB,8.0
2015-08-17,M01AE,3.0
2015-08-17,N02BA,3.0
2015-08-17,N02BE,33.0
2015-08-17,N05B,6.0
2015-08-17,N05C,0.0
2015-08-17,R03,0.0
2015-08-17,R06,2.0
2015-08-18,M01AB,6.01
2015-08-18,M01AE,2.67
2015-08-18,N02BA,3.0
2015-08-18,N02BE,24.0
2015-08-18,N05B,16.0
2015-08-18,N05C,0.0
2015-08-18,R03,3.0
2015-08-18,R06,1.0
2015-08-19,M01AB,6.33
2015-08-19,M01AE,2.66
2015-08-19,N02BA,8.0
2015-08-19,N02BE,28.0
2015-08-19,N05B,15.0
2015-08-19,N05C,0.0
2015-08-19,R03,3.0
2015-08-19,R06,3.0
2015-08-20,M01AB,3.5
2015-08-20,M01AE,3.68
2015-08-20,N02BA,5.0
2015-08-20,N02BE,19.0
2015-08-20,N05B,6.0
2015-08-20,N05C,1.0
2015-08-20,R03,0.0
2015-08-20,R06,0.0
2015-08-21,M01AB,6.0
2015-08-21,M01AE,0.67
2015-08-21,N02BA,3.0
2015-08-21,N02BE,34.0
2015-08-21,N05B,8.0
2015-08-21,N05C,1.0
2015-08-21,R03,1.0
2015-08-21,R06,4.0
2015-08-22,M01AB,2.34
2015-08-22,M01AE,6.74
2015-08-22,N02BA,4.0
2015-08-22,N02BE,28.0
2015-08-22,N05B,6.0
2015-08-22,N05C,3.0
2015-08-22,R03,1.0
2015-08-22,R06,6.0
2015-08-23,M01AB,8.99
2015-08-23,M01AE,5.33
2015-08-23,N02BA,3.0
2015-08-23,N02BE,28.0
2015-08-23,N05B,8.0
2015-08-23,N05C,0.0
2015-08-23,R03,2.0
2015-08-23,R06,2.0
2015-08-24,M01AB,8.5
2015-08-24,M01AE,3.66
2015-08-24,N02BA,3.4
2015-08-24,N02BE,45.1
2015-08-24,N05B,8.0
2015-08-24,N05C,0.0
2015-08-24,R03,0.0
2015-08-24,R06,1.0
2015-08-25,M01AB,2.34
2015-08-25,M01AE,2.67
2015-08-25,N02BA,4.0
2015-08-25,N02BE,23.5
2015-08-25,N05B,20.0
2015-08-25,N05C,0.0
2015-08-25,R03,1.0
2015-08-25,R06,3.0
2015-08-26,M01AB,2.67
2015-08-26,M01AE,4.02
2015-08-26,N02BA,7.3
2015-08-26,N02BE,27.0
2015-08-26,N05B,7.0
2015-08-26,N05C,0.0
2015-08-26,R03,1.0
2015-08-26,R06,6.0
2015-08-27,M01AB,9.33
2015-08-27,M01AE,3.0
2015-08-27,N02BA,4.5
2015-08-27,N02BE,32.0
2015-08-27,N05B,8.0
2015-08-27,N05C,0.0
2015-08-27,R03,0.0
2015-08-27,R06,3.0
2015-08-28,M01AB,7.0
2015-08-28,M01AE,8.67
2015-08-28,N02BA,1.0
2015-08-28,N02BE,15.1
2015-08-28,N05B,12.0
2015-08-28,N05C,0.0
2015-08-28,R03,0.0
2015-08-28,R06,3.0
2015-08-29,M01AB,10.84
2015-08-29,M01AE,10.34
2015-08-29,N02BA,4.0
2015-08-29,N02BE,23.2
2015-08-29,N05B,4.0
2015-08-29,N05C,3.0
2015-08-29,R03,3.0
2015-08-29,R06,2.0
2015-08-30,M01AB,11.0
2015-08-30,M01AE,6.02
2015-08-30,N02BA,3.5
2015-08-30,N02BE,21.0
2015-08-30,N05B,3.0
2015-08-30,N05C,0.0
2015-08-30,R03,6.0
2015-08-30,R06,4.0
2015-08-31,M01AB,4.0
2015-08-31,M01AE,9.34
2015-08-31,N02BA,3.4
2015-08-31,N02BE,38.0
2015-08-31,N05B,9.5
2015-08-31,N05C,0.0
2015-08-31,R03,6.0
2015-08-31,R06,2.0
2015-09-01,M01AB,8.18
2015-09-01,M01AE,2.84
2015-09-01,N02BA,4.4
2015-09-01,N02BE,28.25
2015-09-01,N05B,8.0
2015-09-01,N05C,0.0
2015-09-01,R03,0.0
2015-09-01,R06,3.0
2015-09-02,M01AB,5.33
2015-09-02,M01AE,7.0
2015-09-02,N02BA,3.0
2015-09-02,N02BE,31.3
2015-09-02,N05B,9.5
2015-09-02,N05C,0.0
2015-09-02,R03,5.0
2015-09-02,R06,5.0
2015-09-03,M01AB,1.34
2015-09-03,M01AE,3.68
2015-09-03,N02BA,2.2
2015-09-03,N02BE,19.0
2015-09-03,N05B,13.0
2015-09-03,N05C,0.0
2015-09-03,R03,4.0
2015-09-03,R06,2.0
2015-09-04,M01AB,3.34
2015-09-04,M01AE,2.68
2015-09-04,N02BA,3.1
2015-09-04,N02BE,20.0
2015-09-04,N05B,8.0
2015-09-04,N05C,1.0
2015-09-04,R03,1.0
2015-09-04,R06,2.0
2015-09-05,M01AB,8.83
2015-09-05,M01AE,6.01
2015-09-05,N02BA,3.2
2015-09-05,N02BE,20.0
2015-09-05,N05B,10.5
2015-09-05,N05C,1.0
2015-09-05,R03,6.0
2015-09-05,R06,4.0
2015-09-06,M01AB,8.33
2015-09-06,M01AE,9.67
2015-09-06,N02BA,6.0
2015-09-06,N02BE,23.6
2015-09-06,N05B,8.0
2015-09-06,N05C,1.0
2015-09-06,R03,0.0
2015-09-06,R06,3.0
2015-09-07,M01AB,4.34
2015-09-07,M01AE,6.12
2015-09-07,N02BA,2.5
2015-09-07,N02BE,32.8
2015-09-07,N05B,7.0
2015-09-07,N05C,1.0
2015-09-07,R03,5.0
2015-09-07,R06,2.0
2015-09-08,M01AB,2.67
2015-09-08,M01AE,1.69
2015-09-08,N02BA,5.0
2015-09-08,N02BE,29.2
2015-09-08,N05B,4.0
2015-09-08,N05C,0.0
2015-09-08,R03,2.0
2015-09-08,R06,4.0
2015-09-09,M01AB,2.0
2015-09-09,M01AE,3.0
2015-09-09,N02BA,1.0
2015-09-09,N02BE,34.7
2015-09-09,N05B,8.0
2015-09-09,N05C,0.0
2015-09-09,R03,2.0
2015-09-09,R06,2.0
2015-09-10,M01AB,6.0
2015-09-10,M01AE,3.99
2015-09-10,N02BA,4.2
2015-09-10,N02BE,21.2
2015-09-10,N05B,18.0
2015-09-10,N05C,0.0
2015-09-10,R03,2.0
2015-09-10,R06,2.0
2015-09-11,M01AB,11.33
2015-09-11,M01AE,5.0
2015-09-11,N02BA,9.0
2015-09-11,N02BE,30.0
2015-09-11,N05B,9.0
2015-09-11,N05C,0.0
2015-09-11,R03,2.0
2015-09-11,R06,2.0
2015-09-12,M01AB,4.66
2015-09-12,M01AE,7.66
2015-09-12,N02BA,5.2
2015-09-12,N02BE,63.3
2015-09-12,N05B,6.0
2015-09-12,N05C,3.0
2015-09-12,R03,0.0
2015-09-12,R06,2.0
2015-09-13,M01AB,7.33
2015-09-13,M01AE,6.16
2015-09-13,N02BA,7.2
2015-09-13,N02BE,25.0
2015-09-13,N05B,4.0
2015-09-13,N05C,0.0
2015-09-13,R03,11.0
2015-09-13,R06,3.0
2015-09-14,M01AB,4.68
2015-09-14,M01AE,5.0
2015-09-14,N02BA,1.0
2015-09-14,N02BE,31.3
2015-09-14,N05B,14.0
2015-09-14,N05C,0.0
2015-09-14,R03,0.0
2015-09-14,R06,0.0
2015-09-15,M01AB,3.33
2015-09-15,M01AE,5.08
2015-09-15,N02BA,4.2
2015-09-15,N02BE,23.8
2015-09-15,N05B,7.5
2015-09-15,N05C,0.0
2015-09-15,R03,6.0
2015-09-15,R06,5.0
2015-09-16,M01AB,0.67
2015-09-16,M01AE,4.84
2015-09-16,N02BA,2.2
2015-09-16,N02BE,16.6
2015-09-16,N05B,6.0
2015-09-16,N05C,0.0
2015-09-16,R03,2.0
2015-09-16,R06,1.0
2015-09-17,M01AB,9.83
2015-09-17,M01AE,6.33
2015-09-17,N02BA,0.0
2015-09-17,N02BE,35.5
2015-09-17,N05B,3.0
2015-09-17,N05C,0.0
2015-09-17,R03,1.0
2015-09-17,R06,2.0
2015-09-18,M01AB,3.34
2015-09-18,M01AE,1.33
2015-09-18,N02BA,3.0
2015-09-18,N02BE,16.0
2015-09-18,N05B,4.0
2015-09-18,N05C,0.0
2015-09-18,R03,4.0
2015-09-18,R06,3.0
2015-09-19,M01AB,6.83
2015-09-19,M01AE,0.99
2015-09-19,N02BA,7.0
2015-09-19,N02BE,37.0
2015-09-19,N05B,7.0
2015-09-19,N05C,0.0
2015-09-19,R03,4.0
2015-09-19,R06,5.0
2015-09-20,M01AB,9.99
2015-09-20,M01AE,3.99
2015-09-20,N02BA,6.5
2015-09-20,N02BE,28.9
2015-09-20,N05B,15.0
2015-09-20,N05C,0.0
2015-09-20,R03,0.0
2015-09-20,R06,2.0
2015-09-21,M01AB,2.0
2015-09-21,M01AE,10.0
2015-09-21,N02BA,2.0
2015-09-21,N02BE,46.7
2015-09-21,N05B,6.0
2015-09-21,N05C,0.0
2015-09-21,R03,0.0
2015-09-21,R06,2.0
2015-09-22,M01AB,6.99
2015-09-22,M01AE,1.33
2015-09-22,N02BA,4.0
2015-09-22,N02BE,19.5
2015-09-22,N05B,10.0
2015-09-22,N05C,2.0
2015-09-22,R03,5.0
2015-09-22,R06,5.0
2015-09-23,M01AB,6.16
2015-09-23,M01AE,4.06
2015-09-23,N02BA,3.3
2015-09-23,N02BE,34.65
2015-09-23,N05B,7.0
2015-09-23,N05C,0.0
2015-09-23,R03,2.0
2015-09-23,R06,1.0
2015-09-24,M01AB,2.99
2015-09-24,M01AE,4.34
2015-09-24,N02BA,4.2
2015-09-24,N02BE,37.6
2015-09-24,N05B,7.0
2015-09-24,N05C,0.0
2015-09-24,R03,0.0
2015-09-24,R06,0.0
2015-09-25,M01AB,4.83
2015-09-25,M01AE,4.98
2015-09-25,N02BA,5.2
2015-09-25,N02BE,25.2
2015-09-25,N05B,11.0
2015-09-25,N05C,0.0
2015-09-25,R03,1.0
2015-09-25,R06,3.0
2015-09-26,M01AB,12.42
2015-09-26,M01AE,3.33
2015-09-26,N02BA,2.5
2015-09-26,N02BE,33.0
2015-09-26,N05B,6.0
2015-09-26,N05C,1.0
2015-09-26,R03,7.0
2015-09-26,R06,2.0
2015-09-27,M01AB,5.83
2015-09-27,M01AE,3.0
2015-09-27,N02BA,2.3
2015-09-27,N02BE,10.42
2015-09-27,N05B,3.0
2015-09-27,N05C,1.0
2015-09-27,R03,2.0
2015-09-27,R06,1.0
2015-09-28,M01AB,1.0
2015-09-28,M01AE,1.33
2015-09-28,N02BA,2.0
2015-09-28,N02BE,15.4
2015-09-28,N05B,8.0
2015-09-28,N05C,0.0
2015-09-28,R03,17.0
2015-09-28,R06,2.0
2015-09-29,M01AB,6.33
2015-09-29,M01AE,4.36
2015-09-29,N02BA,1.0
2015-09-29,N02BE,39.7
2015-09-29,N05B,7.0
2015-09-29,N05C,0.0
2015-09-29,R03,0.0
2015-09-29,R06,0.0
2015-09-30,M01AB,5.32
2015-09-30,M01AE,4.33
2015-09-30,N02BA,4.0
2015-09-30,N02BE,22.5
2015-09-30,N05B,9.0
2015-09-30,N05C,0.0
2015-09-30,R03,0.0
2015-09-30,R06,1.0
2015-10-01,M01AB,9.66
2015-10-01,M01AE,5.99
2015-10-01,N02BA,4.0
2015-10-01,N02BE,34.56
2015-10-01,N05B,2.0
2015-10-01,N05C,0.0
2015-10-01,R03,5.0
2015-10-01,R06,2.0
2015-10-02,M01AB,5.0
2015-10-02,M01AE,4.73
2015-10-02,N02BA,4.0
2015-10-02,N02BE,37.3
2015-10-02,N05B,5.0
2015-10-02,N05C,0.0
2015-10-02,R03,5.0
2015-10-02,R06,1.0
2015-10-03,M01AB,10.34
2015-10-03,M01AE,5.34
2015-10-03,N02BA,3.0
2015-10-03,N02BE,37.2
2015-10-03,N05B,7.0
2015-10-03,N05C,0.0
2015-10-03,R03,7.0
2015-10-03,R06,2.0
2015-10-04,M01AB,7.0
2015-10-04,M01AE,4.0
2015-10-04,N02BA,4.0
2015-10-04,N02BE,59.0
2015-10-04,N05B,3.0
2015-10-04,N05C,0.0
2015-10-04,R03,16.0
2015-10-04,R06,2.0
2015-10-05,M01AB,5.0
2015-10-05,M01AE,2.37
2015-10-05,N02BA,2.2
2015-10-05,N02BE,70.95
2015-10-05,N05B,11.0
2015-10-05,N05C,1.0
2015-10-05,R03,7.0
2015-10-05,R06,5.0
2015-10-06,M01AB,5.69
2015-10-06,M01AE,3.66
2015-10-06,N02BA,5.5
2015-10-06,N02BE,42.72
2015-10-06,N05B,9.0
2015-10-06,N05C,1.0
2015-10-06,R03,5.0
2015-10-06,R06,4.0
2015-10-07,M01AB,7.33
2015-10-07,M01AE,2.66
2015-10-07,N02BA,6.0
2015-10-07,N02BE,44.3
2015-10-07,N05B,8.0
2015-10-07,N05C,0.0
2015-10-07,R03,5.0
2015-10-07,R06,2.0
2015-10-08,M01AB,8.82
2015-10-08,M01AE,4.33
2015-10-08,N02BA,3.0
2015-10-08,N02BE,30.7
2015-10-08,N05B,5.0
2015-10-08,N05C,0.0
2015-10-08,R03,20.0
2015-10-08,R06,0.0
2015-10-09,M01AB,2.0
2015-10-09,M01AE,2.77
2015-10-09,N02BA,7.6
2015-10-09,N02BE,28.06
2015-10-09,N05B,13.0
2015-10-09,N05C,2.0
2015-10-09,R03,10.0
2015-10-09,R06,2.0
2015-10-10,M01AB,6.16
2015-10-10,M01AE,5.66
2015-10-10,N02BA,3.0
2015-10-10,N02BE,46.3
2015-10-10,N05B,19.5
2015-10-10,N05C,0.0
2015-10-10,R03,1.0
2015-10-10,R06,0.0
2015-10-11,M01AB,10.33
2015-10-11,M01AE,2.79
2015-10-11,N02BA,7.1
2015-10-11,N02BE,70.3
2015-10-11,N05B,8.0
2015-10-11,N05C,0.0
2015-10-11,R03,3.0
2015-10-11,R06,5.0
2015-10-12,M01AB,9.66
2015-10-12,M01AE,7.33
2015-10-12,N02BA,6.0
2015-10-12,N02BE,68.85
2015-10-12,N05B,12.0
2015-10-12,N05C,0.0
2015-10-12,R03,5.0
2015-10-12,R06,3.0
2015-10-13,M01AB,3.83
2015-10-13,M01AE,7.0
2015-10-13,N02BA,5.2
2015-10-13,N02BE,63.8
2015-10-13,N05B,5.5
2015-10-13,N05C,0.0
2015-10-13,R03,5.0
2015-10-13,R06,1.0
2015-10-14,M01AB,4.66
2015-10-14,M01AE,7.33
2015-10-14,N02BA,3.9
2015-10-14,N02BE,38.6
2015-10-14,N05B,7.0
2015-10-14,N05C,0.0
2015-10-14,R03,0.0
2015-10-14,R06,1.0
2015-10-15,M01AB,5.16
2015-10-15,M01AE,5.73
2015-10-15,N02BA,7.3
2015-10-15,N02BE,64.72
2015-10-15,N05B,4.0
2015-10-15,N05C,0.0
2015-10-15,R03,9.0
2015-10-15,R06,1.0
2015-10-16,M01AB,1.67
2015-10-16,M01AE,3.33
2015-10-16,N02BA,5.2
2015-10-16,N02BE,57.3
2015-10-16,N05B,2.0
2015-10-16,N05C,0.0
2015-10-16,R03,5.0
2015-10-16,R06,1.0
2015-10-17,M01AB,10.34
2015-10-17,M01AE,2.84
2015-10-17,N02BA,3.4
2015-10-17,N02BE,74.3
2015-10-17,N05B,8.0
2015-10-17,N05C,0.0
2015-10-17,R03,0.0
2015-10-17,R06,1.0
2015-10-18,M01AB,7.34
2015-10-18,M01AE,6.54
2015-10-18,N02BA,4.9
2015-10-18,N02BE,55.6
2015-10-18,N05B,3.0
2015-10-18,N05C,1.0
2015-10-18,R03,8.0
2015-10-18,R06,8.0
2015-10-19,M01AB,12.0
2015-10-19,M01AE,3.8
2015-10-19,N02BA,3.0
2015-10-19,N02BE,62.6
2015-10-19,N05B,3.0
2015-10-19,N05C,0.0
2015-10-19,R03,17.0
2015-10-19,R06,0.0
2015-10-20,M01AB,3.34
2015-10-20,M01AE,1.99
2015-10-20,N02BA,2.3
2015-10-20,N02BE,44.7
2015-10-20,N05B,6.0
2015-10-20,N05C,0.0
2015-10-20,R03,10.0
2015-10-20,R06,5.0
2015-10-21,M01AB,8.66
2015-10-21,M01AE,2.36
2015-10-21,N02BA,3.2
2015-10-21,N02BE,36.8
2015-10-21,N05B,9.0
2015-10-21,N05C,1.0
2015-10-21,R03,1.0
2015-10-21,R06,4.0
2015-10-22,M01AB,4.33
2015-10-22,M01AE,0.34
2015-10-22,N02BA,0.0
2015-10-22,N02BE,35.26
2015-10-22,N05B,9.0
2015-10-22,N05C,0.0
2015-10-22,R03,2.0
2015-10-22,R06,2.0
2015-10-23,M01AB,7.0
2015-10-23,M01AE,1.66
2015-10-23,N02BA,10.2
2015-10-23,N02BE,41.4
2015-10-23,N05B,3.0
2015-10-23,N05C,0.0
2015-10-23,R03,6.0
2015-10-23,R06,2.0
2015-10-24,M01AB,9.84
2015-10-24,M01AE,8.35
2015-10-24,N02BA,9.1
2015-10-24,N02BE,67.4
2015-10-24,N05B,8.0
2015-10-24,N05C,0.0
2015-10-24,R03,4.0
2015-10-24,R06,2.0
2015-10-25,M01AB,3.0
2015-10-25,M01AE,3.33
2015-10-25,N02BA,3.1
2015-10-25,N02BE,64.6
2015-10-25,N05B,4.0
2015-10-25,N05C,0.0
2015-10-25,R03,0.0
2015-10-25,R06,4.0
2015-10-26,M01AB,9.0
2015-10-26,M01AE,5.33
2015-10-26,N02BA,8.0
2015-10-26,N02BE,53.3
2015-10-26,N05B,8.0
2015-10-26,N05C,1.0
2015-10-26,R03,2.0
2015-10-26,R06,2.0
2015-10-27,M01AB,4.33
2015-10-27,M01AE,2.0
2015-10-27,N02BA,8.5
2015-10-27,N02BE,64.4
2015-10-27,N05B,7.0
2015-10-27,N05C,0.0
2015-10-27,R03,8.0
2015-10-27,R06,3.0
2015-10-28,M01AB,1.0
2015-10-28,M01AE,1.66
2015-10-28,N02BA,1.0
2015-10-28,N02BE,33.0
2015-10-28,N05B,11.0
2015-10-28,N05C,1.0
2015-10-28,R03,6.0
2015-10-28,R06,2.0
2015-10-29,M01AB,2.33
2015-10-29,M01AE,3.69
2015-10-29,N02BA,1.3
2015-10-29,N02BE,38.3
2015-10-29,N05B,8.0
2015-10-29,N05C,0.0
2015-10-29,R03,0.0
2015-10-29,R06,1.0
2015-10-30,M01AB,5.33
2015-10-30,M01AE,3.67
2015-10-30,N02BA,3.2
2015-10-30,N02BE,49.6
2015-10-30,N05B,8.0
2015-10-30,N05C,0.0
2015-10-30,R03,5.0
2015-10-30,R06,3.0
2015-10-31,M01AB,5.66
2015-10-31,M01AE,4.65
2015-10-31,N02BA,8.0
2015-10-31,N02BE,58.4
2015-10-31,N05B,6.0
2015-10-31,N05C,0.0
2015-10-31,R03,7.0
2015-10-31,R06,1.0
2015-11-01,M01AB,2.33
2015-11-01,M01AE,7.99
2015-11-01,N02BA,5.6
2015-11-01,N02BE,80.4
2015-11-01,N05B,11.0
2015-11-01,N05C,0.0
2015-11-01,R03,5.0
2015-11-01,R06,0.0
2015-11-02,M01AB,4.66
2015-11-02,M01AE,4.33
2015-11-02,N02BA,4.0
2015-11-02,N02BE,46.3
2015-11-02,N05B,7.0
2015-11-02,N05C,0.0
2015-11-02,R03,7.0
2015-11-02,R06,2.0
2015-11-03,M01AB,1.34
2015-11-03,M01AE,4.35
2015-11-03,N02BA,4.3
2015-11-03,N02BE,41.8
2015-11-03,N05B,5.0
2015-11-03,N05C,0.0
2015-11-03,R03,3.0
2015-11-03,R06,0.0
2015-11-04,M01AB,8.5
2015-11-04,M01AE,2.34
2015-11-04,N02BA,3.0
2015-11-04,N02BE,59.8
2015-11-04,N05B,18.0
2015-11-04,N05C,3.0
2015-11-04,R03,3.0
2015-11-04,R06,4.0
2015-11-05,M01AB,4.33
2015-11-05,M01AE,3.56
2015-11-05,N02BA,7.4
2015-11-05,N02BE,45.0
2015-11-05,N05B,3.0
2015-11-05,N05C,0.0
2015-11-05,R03,0.0
2015-11-05,R06,2.0
2015-11-06,M01AB,3.33
2015-11-06,M01AE,6.74
2015-11-06,N02BA,4.0
2015-11-06,N02BE,31.48
2015-11-06,N05B,5.0
2015-11-06,N05C,2.0
2015-11-06,R03,1.0
2015-11-06,R06,0.0
2015-11-07,M01AB,4.0
2015-11-07,M01AE,3.11
2015-11-07,N02BA,4.8
2015-11-07,N02BE,69.9
2015-11-07,N05B,15.0
2015-11-07,N05C,1.0
2015-11-07,R03,6.0
2015-11-07,R06,1.0
2015-11-08,M01AB,6.33
2015-11-08,M01AE,3.67
2015-11-08,N02BA,7.2
2015-11-08,N02BE,48.6
2015-11-08,N05B,7.0
2015-11-08,N05C,0.0
2015-11-08,R03,13.0
2015-11-08,R06,1.0
2015-11-09,M01AB,3.66
2015-11-09,M01AE,6.2
2015-11-09,N02BA,4.2
2015-11-09,N02BE,40.75
2015-11-09,N05B,3.0
2015-11-09,N05C,1.0
2015-11-09,R03,12.0
2015-11-09,R06,1.0
2015-11-10,M01AB,6.33
2015-11-10,M01AE,7.48
2015-11-10,N02BA,10.0
2015-11-10,N02BE,41.2
2015-11-10,N05B,8.0
2015-11-10,N05C,0.0
2015-11-10,R03,9.0
2015-11-10,R06,2.0
2015-11-11,M01AB,9.66
2015-11-11,M01AE,5.34
2015-11-11,N02BA,7.2
2015-11-11,N02BE,60.0
2015-11-11,N05B,4.0
2015-11-11,N05C,0.0
2015-11-11,R03,12.0
2015-11-11,R06,3.0
2015-11-12,M01AB,6.0
2015-11-12,M01AE,4.33
2015-11-12,N02BA,6.0
2015-11-12,N02BE,24.0
2015-11-12,N05B,11.0
2015-11-12,N05C,0.0
2015-11-12,R03,20.0
2015-11-12,R06,0.0
2015-11-13,M01AB,5.0
2015-11-13,M01AE,2.44
2015-11-13,N02BA,2.0
2015-11-13,N02BE,22.0
2015-11-13,N05B,13.0
2015-11-13,N05C,0.0
2015-11-13,R03,0.0
2015-11-13,R06,0.0
2015-11-14,M01AB,4.99
2015-11-14,M01AE,0.33
2015-11-14,N02BA,3.7
2015-11-14,N02BE,19.0
2015-11-14,N05B,5.0
2015-11-14,N05C,1.0
2015-11-14,R03,0.0
2015-11-14,R06,1.0
2015-11-15,M01AB,1.33
2015-11-15,M01AE,11.99
2015-11-15,N02BA,9.3
2015-11-15,N02BE,42.35
2015-11-15,N05B,8.0
2015-11-15,N05C,2.0
2015-11-15,R03,17.0
2015-11-15,R06,0.0
2015-11-16,M01AB,5.67
2015-11-16,M01AE,3.67
2015-11-16,N02BA,6.0
2015-11-16,N02BE,50.3
2015-11-16,N05B,9.0
2015-11-16,N05C,0.0
2015-11-16,R03,3.0
2015-11-16,R06,2.0
2015-11-17,M01AB,6.34
2015-11-17,M01AE,4.69
2015-11-17,N02BA,4.7
2015-11-17,N02BE,60.0
2015-11-17,N05B,1.0
2015-11-17,N05C,0.0
2015-11-17,R03,0.0
2015-11-17,R06,2.0
2015-11-18,M01AB,6.34
2015-11-18,M01AE,5.33
2015-11-18,N02BA,5.5
2015-11-18,N02BE,24.5
2015-11-18,N05B,11.0
2015-11-18,N05C,0.0
2015-11-18,R03,0.0
2015-11-18,R06,2.0
2015-11-19,M01AB,2.0
2015-11-19,M01AE,2.99
2015-11-19,N02BA,2.1
2015-11-19,N02BE,26.4
2015-11-19,N05B,22.0
2015-11-19,N05C,0.0
2015-11-19,R03,0.0
2015-11-19,R06,0.0
2015-11-20,M01AB,5.66
2015-11-20,M01AE,1.66
2015-11-20,N02BA,3.8
2015-11-20,N02BE,25.6
2015-11-20,N05B,2.0
2015-11-20,N05C,2.0
2015-11-20,R03,10.0
2015-11-20,R06,3.0
2015-11-21,M01AB,4.0
2015-11-21,M01AE,2.01
2015-11-21,N02BA,5.2
2015-11-21,N02BE,45.5
2015-11-21,N05B,4.0
2015-11-21,N05C,0.0
2015-11-21,R03,17.0
2015-11-21,R06,3.0
2015-11-22,M01AB,2.0
2015-11-22,M01AE,3.44
2015-11-22,N02BA,2.6
2015-11-22,N02BE,41.2
2015-11-22,N05B,6.0
2015-11-22,N05C,2.0
2015-11-22,R03,2.0
2015-11-22,R06,1.0
2015-11-23,M01AB,3.0
2015-11-23,M01AE,1.0
2015-11-23,N02BA,4.7
2015-11-23,N02BE,69.0
2015-11-23,N05B,3.0
2015-11-23,N05C,0.0
2015-11-23,R03,1.0
2015-11-23,R06,2.0
2015-11-24,M01AB,5.0
2015-11-24,M01AE,6.33
2015-11-24,N02BA,6.4
2015-11-24,N02BE,19.8
2015-11-24,N05B,12.0
2015-11-24,N05C,3.0
2015-11-24,R03,1.0
2015-11-24,R06,5.0
2015-11-25,M01AB,5.66
2015-11-25,M01AE,5.33
2015-11-25,N02BA,3.2
2015-11-25,N02BE,29.0
2015-11-25,N05B,11.0
2015-11-25,N05C,0.0
2015-11-25,R03,3.0
2015-11-25,R06,3.0
2015-11-26,M01AB,4.33
2015-11-26,M01AE,4.0
2015-11-26,N02BA,2.0
2015-11-26,N02BE,25.98
2015-11-26,N05B,8.0
2015-11-26,N05C,0.0
2015-11-26,R03,0.0
2015-11-26,R06,0.0
2015-11-27,M01AB,0.67
2015-11-27,M01AE,4.37
2015-11-27,N02BA,2.0
2015-11-27,N02BE,20.8
2015-11-27,N05B,7.0
2015-11-27,N05C,0.0
2015-11-27,R03,0.0
2015-11-27,R06,0.0
2015-11-28,M01AB,6.33
2015-11-28,M01AE,3.66
2015-11-28,N02BA,4.0
2015-11-28,N02BE,46.82
2015-11-28,N05B,3.0
2015-11-28,N05C,0.0
2015-11-28,R03,10.0
2015-11-28,R06,1.0
2015-11-29,M01AB,6.66
2015-11-29,M01AE,3.73
2015-11-29,N02BA,6.0
2015-11-29,N02BE,42.2
2015-11-29,N05B,1.0
2015-11-29,N05C,0.0
2015-11-29,R03,4.0
2015-11-29,R06,0.0
2015-11-30,M01AB,7.33
2015-11-30,M01AE,1.82
2015-11-30,N02BA,5.0
2015-11-30,N02BE,35.3
2015-11-30,N05B,5.0
2015-11-30,N05C,1.0
2015-11-30,R03,6.0
2015-11-30,R06,3.0
2015-12-01,M01AB,1.99
2015-12-01,M01AE,2.02
2015-12-01,N02BA,6.3
2015-12-01,N02BE,23.9
2015-12-01,N05B,4.0
2015-12-01,N05C,1.0
2015-12-01,R03,5.0
2015-12-01,R06,1.0
2015-12-02,M01AB,1.0
2015-12-02,M01AE,3.33
2015-12-02,N02BA,2.4
2015-12-02,N02BE,42.0
2015-12-02,N05B,23.0
2015-12-02,N05C,4.0
2015-12-02,R03,0.0
2015-12-02,R06,0.0
2015-12-03,M01AB,4.0
2015-12-03,M01AE,3.0
2015-12-03,N02BA,5.6
2015-12-03,N02BE,56.0
2015-12-03,N05B,6.0
2015-12-03,N05C,1.0
2015-12-03,R03,1.0
2015-12-03,R06,1.0
2015-12-04,M01AB,3.33
2015-12-04,M01AE,4.76
2015-12-04,N02BA,4.7
2015-12-04,N02BE,25.6
2015-12-04,N05B,9.0
2015-12-04,N05C,3.0
2015-12-04,R03,3.0
2015-12-04,R06,1.0
2015-12-05,M01AB,8.0
2015-12-05,M01AE,3.03
2015-12-05,N02BA,2.0
2015-12-05,N02BE,35.05
2015-12-05,N05B,2.0
2015-12-05,N05C,0.0
2015-12-05,R03,7.0
2015-12-05,R06,2.33
2015-12-06,M01AB,5.67
2015-12-06,M01AE,7.0
2015-12-06,N02BA,3.4
2015-12-06,N02BE,60.4
2015-12-06,N05B,5.0
2015-12-06,N05C,2.0
2015-12-06,R03,3.0
2015-12-06,R06,1.0
2015-12-07,M01AB,3.0
2015-12-07,M01AE,2.1
2015-12-07,N02BA,2.2
2015-12-07,N02BE,26.5
2015-12-07,N05B,6.0
2015-12-07,N05C,1.0
2015-12-07,R03,11.0
2015-12-07,R06,6.0
2015-12-08,M01AB,2.0
2015-12-08,M01AE,6.34
2015-12-08,N02BA,2.0
2015-12-08,N02BE,41.32
2015-12-08,N05B,8.0
2015-12-08,N05C,0.0
2015-12-08,R03,0.0
2015-12-08,R06,0.0
2015-12-09,M01AB,3.34
2015-12-09,M01AE,3.47
2015-12-09,N02BA,7.0
2015-12-09,N02BE,41.26
2015-12-09,N05B,16.0
2015-12-09,N05C,0.0
2015-12-09,R03,3.0
2015-12-09,R06,1.0
2015-12-10,M01AB,11.66
2015-12-10,M01AE,10.69
2015-12-10,N02BA,16.0
2015-12-10,N02BE,31.9
2015-12-10,N05B,9.0
2015-12-10,N05C,0.0
2015-12-10,R03,9.0
2015-12-10,R06,2.1
2015-12-11,M01AB,5.84
2015-12-11,M01AE,6.16
2015-12-11,N02BA,3.0
2015-12-11,N02BE,22.7
2015-12-11,N05B,9.0
2015-12-11,N05C,0.0
2015-12-11,R03,16.0
2015-12-11,R06,1.0
2015-12-12,M01AB,6.34
2015-12-12,M01AE,3.2
2015-12-12,N02BA,3.0
2015-12-12,N02BE,42.2
2015-12-12,N05B,5.0
2015-12-12,N05C,2.0
2015-12-12,R03,6.0
2015-12-12,R06,1.0
2015-12-13,M01AB,9.33
2015-12-13,M01AE,4.32
2015-12-13,N02BA,7.0
2015-12-13,N02BE,29.0
2015-12-13,N05B,5.0
2015-12-13,N05C,0.0
2015-12-13,R03,27.0
2015-12-13,R06,0.0
2015-12-14,M01AB,5.0
2015-12-14,M01AE,3.0
2015-12-14,N02BA,6.6
2015-12-14,N02BE,37.4
2015-12-14,N05B,11.0
2015-12-14,N05C,0.0
2015-12-14,R03,21.0
2015-12-14,R06,1.0
2015-12-15,M01AB,4.99
2015-12-15,M01AE,2.0
2015-12-15,N02BA,5.0
2015-12-15,N02BE,42.0
2015-12-15,N05B,3.0
2015-12-15,N05C,1.0
2015-12-15,R03,2.0
2015-12-15,R06,1.0
2015-12-16,M01AB,6.67
2015-12-16,M01AE,4.0
2015-12-16,N02BA,4.0
2015-12-16,N02BE,42.0
2015-12-16,N05B,11.0
2015-12-16,N05C,1.0
2015-12-16,R03,11.0
2015-12-16,R06,0.0
2015-12-17,M01AB,9.0
2015-12-17,M01AE,3.01
2015-12-17,N02BA,3.0
2015-12-17,N02BE,25.0
2015-12-17,N05B,7.0
2015-12-17,N05C,0.0
2015-12-17,R03,0.0
2015-12-17,R06,2.0
2015-12-18,M01AB,4.33
2015-12-18,M01AE,8.9
2015-12-18,N02BA,4.3
2015-12-18,N02BE,27.2
2015-12-18,N05B,12.0
2015-12-18,N05C,4.0
2015-12-18,R03,2.0
2015-12-18,R06,1.0
2015-12-19,M01AB,0.0
2015-12-19,M01AE,0.0
2015-12-19,N02BA,0.0
2015-12-19,N02BE,0.0
2015-12-19,N05B,0.0
2015-12-19,N05C,0.0
2015-12-19,R03,0.0
2015-12-19,R06,0.0
2015-12-20,M01AB,3.0
2015-12-20,M01AE,3.47
2015-12-20,N02BA,2.2
2015-12-20,N02BE,43.0
2015-12-20,N05B,3.0
2015-12-20,N05C,0.0
2015-12-20,R03,16.0
2015-12-20,R06,1.0
2015-12-21,M01AB,5.0
2015-12-21,M01AE,6.34
2015-12-21,N02BA,2.0
2015-12-21,N02BE,53.6
2015-12-21,N05B,14.0
2015-12-21,N05C,0.0
2015-12-21,R03,6.0
2015-12-21,R06,0.4
2015-12-22,M01AB,5.66
2015-12-22,M01AE,0.0
2015-12-22,N02BA,5.0
2015-12-22,N02BE,48.0
2015-12-22,N05B,6.0
2015-12-22,N05C,0.0
2015-12-22,R03,13.0
2015-12-22,R06,1.0
2015-12-23,M01AB,3.33
2015-12-23,M01AE,4.01
2015-12-23,N02BA,2.3
2015-12-23,N02BE,28.8
2015-12-23,N05B,3.0
2015-12-23,N05C,0.0
2015-12-23,R03,0.0
2015-12-23,R06,0.0
2015-12-24,M01AB,7.33
2015-12-24,M01AE,3.4
2015-12-24,N02BA,5.0
2015-12-24,N02BE,28.3
2015-12-24,N05B,5.0
2015-12-24,N05C,0.0
2015-12-24,R03,16.0
2015-12-24,R06,0.0
2015-12-25,M01AB,0.66
2015-12-25,M01AE,4.66
2015-12-25,N02BA,2.0
2015-12-25,N02BE,20.66
2015-12-25,N05B,28.0
2015-12-25,N05C,2.0
2015-12-25,R03,1.0
2015-12-25,R06,1.0
2015-12-26,M01AB,4.67
2015-12-26,M01AE,1.66
2015-12-26,N02BA,5.0
2015-12-26,N02BE,87.2
2015-12-26,N05B,15.0
2015-12-26,N05C,3.0
2015-12-26,R03,0.0
2015-12-26,R06,4.3
2015-12-27,M01AB,5.33
2015-12-27,M01AE,6.79
2015-12-27,N02BA,5.2
2015-12-27,N02BE,63.5
2015-12-27,N05B,4.0
2015-12-27,N05C,0.0
2015-12-27,R03,14.0
2015-12-27,R06,4.6
2015-12-28,M01AB,4.0
2015-12-28,M01AE,5.1
2015-12-28,N02BA,9.2
2015-12-28,N02BE,61.5
2015-12-28,N05B,18.0
2015-12-28,N05C,3.0
2015-12-28,R03,26.0
2015-12-28,R06,1.0
2015-12-29,M01AB,10.67
2015-12-29,M01AE,2.33
2015-12-29,N02BA,2.0
2015-12-29,N02BE,71.6
2015-12-29,N05B,9.0
2015-12-29,N05C,0.0
2015-12-29,R03,2.0
2015-12-29,R06,3.0
2015-12-30,M01AB,6.66
2015-12-30,M01AE,7.09
2015-12-30,N02BA,2.0
2015-12-30,N02BE,56.4
2015-12-30,N05B,12.0
2015-12-30,N05C,0.0
2015-12-30,R03,4.0
2015-12-30,R06,2.0
2015-12-31,M01AB,7.66
2015-12-31,M01AE,6.1
2015-12-31,N02BA,7.6
2015-12-31,N02BE,44.35
2015-12-31,N05B,18.0
2015-12-31,N05C,0.0
2015-12-31,R03,6.0
2015-12-31,R06,1.0
2016-01-01,M01AB,0.0
2016-01-01,M01AE,0.0
2016-01-01,N02BA,0.0
2016-01-01,N02BE,0.0
2016-01-01,N05B,0.0
2016-01-01,N05C,0.0
2016-01-01,R03,0.0
2016-01-01,R06,0.0
2016-01-02,M01AB,0.34
2016-01-02,M01AE,1.02
2016-01-02,N02BA,1.0
2016-01-02,N02BE,51.2
2016-01-02,N05B,0.0
2016-01-02,N05C,1.0
2016-01-02,R03,5.0
2016-01-02,R06,5.0
2016-01-03,M01AB,4.0
2016-01-03,M01AE,4.0
2016-01-03,N02BA,2.5
2016-01-03,N02BE,56.1
2016-01-03,N05B,1.0
2016-01-03,N05C,0.0
2016-01-03,R03,5.0
2016-01-03,R06,1.0
2016-01-04,M01AB,7.33
2016-01-04,M01AE,5.99
2016-01-04,N02BA,6.0
2016-01-04,N02BE,46.6
2016-01-04,N05B,6.0
2016-01-04,N05C,0.0
2016-01-04,R03,12.0
2016-01-04,R06,1.0
2016-01-05,M01AB,5.33
2016-01-05,M01AE,5.99
2016-01-05,N02BA,4.6
2016-01-05,N02BE,38.6
2016-01-05,N05B,15.0
2016-01-05,N05C,0.0
2016-01-05,R03,5.0
2016-01-05,R06,1.0
2016-01-06,M01AB,6.66
2016-01-06,M01AE,3.0
2016-01-06,N02BA,6.0
2016-01-06,N02BE,61.9
2016-01-06,N05B,2.0
2016-01-06,N05C,0.0
2016-01-06,R03,12.0
2016-01-06,R06,2.0
2016-01-07,M01AB,0.0
2016-01-07,M01AE,0.0
2016-01-07,N02BA,0.0
2016-01-07,N02BE,0.0
2016-01-07,N05B,0.0
2016-01-07,N05C,0.0
2016-01-07,R03,0.0
2016-01-07,R06,0.0
2016-01-08,M01AB,8.0
2016-01-08,M01AE,3.46
2016-01-08,N02BA,7.7
2016-01-08,N02BE,39.2
2016-01-08,N05B,8.0
2016-01-08,N05C,3.0
2016-01-08,R03,2.0
2016-01-08,R06,2.0
2016-01-09,M01AB,7.33
2016-01-09,M01AE,2.66
2016-01-09,N02BA,5.0
2016-01-09,N02BE,88.3
2016-01-09,N05B,9.0
2016-01-09,N05C,0.0
2016-01-09,R03,3.0
2016-01-09,R06,3.0
2016-01-10,M01AB,7.0
2016-01-10,M01AE,4.03
2016-01-10,N02BA,12.0
2016-01-10,N02BE,67.6
2016-01-10,N05B,8.0
2016-01-10,N05C,1.0
2016-01-10,R03,1.0
2016-01-10,R06,0.0
2016-01-11,M01AB,9.34
2016-01-11,M01AE,5.66
2016-01-11,N02BA,7.0
2016-01-11,N02BE,64.9
2016-01-11,N05B,18.0
2016-01-11,N05C,0.0
2016-01-11,R03,0.0
2016-01-11,R06,4.0
2016-01-12,M01AB,12.0
2016-01-12,M01AE,3.13
2016-01-12,N02BA,12.0
2016-01-12,N02BE,61.35
2016-01-12,N05B,8.0
2016-01-12,N05C,0.0
2016-01-12,R03,0.0
2016-01-12,R06,0.0
2016-01-13,M01AB,9.0
2016-01-13,M01AE,1.66
2016-01-13,N02BA,5.0
2016-01-13,N02BE,41.7
2016-01-13,N05B,15.0
2016-01-13,N05C,0.0
2016-01-13,R03,1.0
2016-01-13,R06,2.0
2016-01-14,M01AB,2.0
2016-01-14,M01AE,5.16
2016-01-14,N02BA,6.0
2016-01-14,N02BE,69.0
2016-01-14,N05B,18.0
2016-01-14,N05C,0.0
2016-01-14,R03,8.0
2016-01-14,R06,2.0
2016-01-15,M01AB,8.98
2016-01-15,M01AE,4.66
2016-01-15,N02BA,10.6
2016-01-15,N02BE,18.1
2016-01-15,N05B,8.0
2016-01-15,N05C,0.0
2016-01-15,R03,10.0
2016-01-15,R06,2.0
2016-01-16,M01AB,3.34
2016-01-16,M01AE,5.34
2016-01-16,N02BA,6.0
2016-01-16,N02BE,63.6
2016-01-16,N05B,11.0
2016-01-16,N05C,0.0
2016-01-16,R03,2.0
2016-01-16,R06,1.0
2016-01-17,M01AB,7.01
2016-01-17,M01AE,1.6
2016-01-17,N02BA,3.9
2016-01-17,N02BE,46.6
2016-01-17,N05B,4.0
2016-01-17,N05C,0.0
2016-01-17,R03,0.0
2016-01-17,R06,1.0
2016-01-18,M01AB,3.5
2016-01-18,M01AE,2.99
2016-01-18,N02BA,4.3
2016-01-18,N02BE,62.8
2016-01-18,N05B,3.0
2016-01-18,N05C,2.0
2016-01-18,R03,9.0
2016-01-18,R06,2.0
2016-01-19,M01AB,6.0
2016-01-19,M01AE,5.66
2016-01-19,N02BA,6.0
2016-01-19,N02BE,49.8
2016-01-19,N05B,7.0
2016-01-19,N05C,0.0
2016-01-19,R03,0.0
2016-01-19,R06,3.0
2016-01-20,M01AB,2.32
2016-01-20,M01AE,3.36
2016-01-20,N02BA,3.0
2016-01-20,N02BE,15.1
2016-01-20,N05B,29.0
2016-01-20,N05C,3.0
2016-01-20,R03,3.0
2016-01-20,R06,2.0
2016-01-21,M01AB,5.0
2016-01-21,M01AE,1.43
2016-01-21,N02BA,1.0
2016-01-21,N02BE,68.4
2016-01-21,N05B,8.0
2016-01-21,N05C,4.0
2016-01-21,R03,6.0
2016-01-21,R06,5.0
2016-01-22,M01AB,0.83
2016-01-22,M01AE,7.68
2016-01-22,N02BA,7.0
2016-01-22,N02BE,39.5
2016-01-22,N05B,11.0
2016-01-22,N05C,0.0
2016-01-22,R03,10.0
2016-01-22,R06,0.0
2016-01-23,M01AB,6.33
2016-01-23,M01AE,6.13
2016-01-23,N02BA,7.1
2016-01-23,N02BE,36.8
2016-01-23,N05B,4.0
2016-01-23,N05C,0.0
2016-01-23,R03,6.0
2016-01-23,R06,2.0
2016-01-24,M01AB,4.0
2016-01-24,M01AE,6.12
2016-01-24,N02BA,11.3
2016-01-24,N02BE,48.1
2016-01-24,N05B,3.0
2016-01-24,N05C,0.0
2016-01-24,R03,12.0
2016-01-24,R06,3.0
2016-01-25,M01AB,10.33
2016-01-25,M01AE,4.26
2016-01-25,N02BA,4.0
2016-01-25,N02BE,46.95
2016-01-25,N05B,12.0
2016-01-25,N05C,2.0
2016-01-25,R03,10.0
2016-01-25,R06,1.5
2016-01-26,M01AB,5.68
2016-01-26,M01AE,4.07
2016-01-26,N02BA,8.0
2016-01-26,N02BE,30.3
2016-01-26,N05B,9.0
2016-01-26,N05C,0.0
2016-01-26,R03,15.0
2016-01-26,R06,0.0
2016-01-27,M01AB,4.34
2016-01-27,M01AE,4.43
2016-01-27,N02BA,3.4
2016-01-27,N02BE,30.06
2016-01-27,N05B,18.0
2016-01-27,N05C,5.0
2016-01-27,R03,5.0
2016-01-27,R06,2.0
2016-01-28,M01AB,7.33
2016-01-28,M01AE,6.66
2016-01-28,N02BA,4.4
2016-01-28,N02BE,33.0
2016-01-28,N05B,4.0
2016-01-28,N05C,0.0
2016-01-28,R03,4.0
2016-01-28,R06,3.0
2016-01-29,M01AB,5.0
2016-01-29,M01AE,8.67
2016-01-29,N02BA,8.6
2016-01-29,N02BE,74.4
2016-01-29,N05B,3.0
2016-01-29,N05C,1.0
2016-01-29,R03,17.0
2016-01-29,R06,2.0
2016-01-30,M01AB,9.0
2016-01-30,M01AE,4.43
2016-01-30,N02BA,5.3
2016-01-30,N02BE,47.46
2016-01-30,N05B,3.0
2016-01-30,N05C,2.0
2016-01-30,R03,5.0
2016-01-30,R06,2.0
2016-01-31,M01AB,4.33
2016-01-31,M01AE,5.14
2016-01-31,N02BA,3.8
2016-01-31,N02BE,78.9
2016-01-31,N05B,3.0
2016-01-31,N05C,0.0
2016-01-31,R03,6.0
2016-01-31,R06,2.0
2016-02-01,M01AB,6.34
2016-02-01,M01AE,5.0
2016-02-01,N02BA,7.1
2016-02-01,N02BE,18.0
2016-02-01,N05B,7.0
2016-02-01,N05C,0.0
2016-02-01,R03,6.0
2016-02-01,R06,1.0
2016-02-02,M01AB,14.33
2016-02-02,M01AE,4.88
2016-02-02,N02BA,1.3
2016-02-02,N02BE,39.0
2016-02-02,N05B,6.0
2016-02-02,N05C,0.0
2016-02-02,R03,0.0
2016-02-02,R06,1.0
2016-02-03,M01AB,8.0
2016-02-03,M01AE,6.69
2016-02-03,N02BA,11.5
2016-02-03,N02BE,39.06
2016-02-03,N05B,11.0
2016-02-03,N05C,5.0
2016-02-03,R03,0.0
2016-02-03,R06,0.0
2016-02-04,M01AB,8.34
2016-02-04,M01AE,4.0
2016-02-04,N02BA,4.2
2016-02-04,N02BE,28.8
2016-02-04,N05B,5.0
2016-02-04,N05C,0.0
2016-02-04,R03,4.0
2016-02-04,R06,4.0
2016-02-05,M01AB,5.66
2016-02-05,M01AE,2.0
2016-02-05,N02BA,3.0
2016-02-05,N02BE,51.6
2016-02-05,N05B,7.0
2016-02-05,N05C,0.0
2016-02-05,R03,3.0
2016-02-05,R06,1.0
2016-02-06,M01AB,5.33
2016-02-06,M01AE,10.33
2016-02-06,N02BA,3.0
2016-02-06,N02BE,57.16
2016-02-06,N05B,1.0
2016-02-06,N05C,0.0
2016-02-06,R03,11.0
2016-02-06,R06,2.0
2016-02-07,M01AB,3.66
2016-02-07,M01AE,6.06
2016-02-07,N02BA,4.5
2016-02-07,N02BE,88.2
2016-02-07,N05B,2.0
2016-02-07,N05C,0.0
2016-02-07,R03,13.0
2016-02-07,R06,1.0
2016-02-08,M01AB,6.33
2016-02-08,M01AE,6.99
2016-02-08,N02BA,5.5
2016-02-08,N02BE,28.04
2016-02-08,N05B,5.0
2016-02-08,N05C,0.0
2016-02-08,R03,23.0
2016-02-08,R06,1.0
2016-02-09,M01AB,7.0
2016-02-09,M01AE,3.33
2016-02-09,N02BA,4.4
2016-02-09,N02BE,47.7
2016-02-09,N05B,16.0
2016-02-09,N05C,2.0
2016-02-09,R03,1.0
2016-02-09,R06,2.0
2016-02-10,M01AB,4.34
2016-02-10,M01AE,4.7
2016-02-10,N02BA,7.2
2016-02-10,N02BE,34.1
2016-02-10,N05B,29.0
2016-02-10,N05C,0.0
2016-02-10,R03,4.0
2016-02-10,R06,2.0
2016-02-11,M01AB,1.66
2016-02-11,M01AE,4.16
2016-02-11,N02BA,2.7
2016-02-11,N02BE,38.1
2016-02-11,N05B,10.0
2016-02-11,N05C,1.0
2016-02-11,R03,13.0
2016-02-11,R06,4.0
2016-02-12,M01AB,5.99
2016-02-12,M01AE,6.43
2016-02-12,N02BA,8.5
2016-02-12,N02BE,60.68
2016-02-12,N05B,4.0
2016-02-12,N05C,0.0
2016-02-12,R03,20.0
2016-02-12,R06,1.0
2016-02-13,M01AB,2.67
2016-02-13,M01AE,3.67
2016-02-13,N02BA,5.0
2016-02-13,N02BE,42.4
2016-02-13,N05B,2.0
2016-02-13,N05C,0.0
2016-02-13,R03,10.0
2016-02-13,R06,2.0
2016-02-14,M01AB,5.84
2016-02-14,M01AE,7.34
2016-02-14,N02BA,3.8
2016-02-14,N02BE,43.6
2016-02-14,N05B,5.0
2016-02-14,N05C,0.0
2016-02-14,R03,7.0
2016-02-14,R06,4.0
2016-02-15,M01AB,5.33
2016-02-15,M01AE,5.33
2016-02-15,N02BA,5.3
2016-02-15,N02BE,52.2
2016-02-15,N05B,6.0
2016-02-15,N05C,0.0
2016-02-15,R03,0.0
2016-02-15,R06,0.0
2016-02-16,M01AB,7.33
2016-02-16,M01AE,2.32
2016-02-16,N02BA,3.0
2016-02-16,N02BE,29.0
2016-02-16,N05B,3.0
2016-02-16,N05C,2.0
2016-02-16,R03,9.0
2016-02-16,R06,3.0
2016-02-17,M01AB,3.0
2016-02-17,M01AE,5.0
2016-02-17,N02BA,4.0
2016-02-17,N02BE,26.6
2016-02-17,N05B,12.0
2016-02-17,N05C,1.0
2016-02-17,R03,1.0
2016-02-17,R06,0.0
2016-02-18,M01AB,2.34
2016-02-18,M01AE,1.0
2016-02-18,N02BA,4.3
2016-02-18,N02BE,43.85
2016-02-18,N05B,3.0
2016-02-18,N05C,0.0
2016-02-18,R03,9.0
2016-02-18,R06,1.0
2016-02-19,M01AB,4.0
2016-02-19,M01AE,1.67
2016-02-19,N02BA,4.0
2016-02-19,N02BE,28.7
2016-02-19,N05B,18.0
2016-02-19,N05C,2.0
2016-02-19,R03,26.0
2016-02-19,R06,1.0
2016-02-20,M01AB,10.33
2016-02-20,M01AE,4.12
2016-02-20,N02BA,4.0
2016-02-20,N02BE,36.9
2016-02-20,N05B,5.0
2016-02-20,N05C,0.0
2016-02-20,R03,8.0
2016-02-20,R06,3.0
2016-02-21,M01AB,6.34
2016-02-21,M01AE,4.0
2016-02-21,N02BA,0.0
2016-02-21,N02BE,55.7
2016-02-21,N05B,5.0
2016-02-21,N05C,2.0
2016-02-21,R03,7.0
2016-02-21,R06,4.0
2016-02-22,M01AB,3.0
2016-02-22,M01AE,5.32
2016-02-22,N02BA,3.0
2016-02-22,N02BE,51.12
2016-02-22,N05B,10.0
2016-02-22,N05C,0.0
2016-02-22,R03,12.0
2016-02-22,R06,4.0
2016-02-23,M01AB,3.0
2016-02-23,M01AE,2.33
2016-02-23,N02BA,2.6
2016-02-23,N02BE,41.3
2016-02-23,N05B,11.0
2016-02-23,N05C,0.0
2016-02-23,R03,15.0
2016-02-23,R06,3.0
2016-02-24,M01AB,7.66
2016-02-24,M01AE,2.33
2016-02-24,N02BA,2.1
2016-02-24,N02BE,35.0
2016-02-24,N05B,6.0
2016-02-24,N05C,2.0
2016-02-24,R03,5.0
2016-02-24,R06,1.0
2016-02-25,M01AB,7.99
2016-02-25,M01AE,3.99
2016-02-25,N02BA,5.0
2016-02-25,N02BE,41.0
2016-02-25,N05B,22.0
2016-02-25,N05C,1.0
2016-02-25,R03,4.0
2016-02-25,R06,3.0
2016-02-26,M01AB,5.0
2016-02-26,M01AE,5.85
2016-02-26,N02BA,4.5
2016-02-26,N02BE,28.55
2016-02-26,N05B,6.0
2016-02-26,N05C,2.0
2016-02-26,R03,0.0
2016-02-26,R06,1.0
2016-02-27,M01AB,8.0
2016-02-27,M01AE,7.0
2016-02-27,N02BA,6.6
2016-02-27,N02BE,25.8
2016-02-27,N05B,3.0
2016-02-27,N05C,0.0
2016-02-27,R03,5.0
2016-02-27,R06,2.0
2016-02-28,M01AB,8.0
2016-02-28,M01AE,4.03
2016-02-28,N02BA,10.1
2016-02-28,N02BE,66.5
2016-02-28,N05B,6.0
2016-02-28,N05C,0.0
2016-02-28,R03,26.0
2016-02-28,R06,5.0
2016-02-29,M01AB,7.0
2016-02-29,M01AE,7.66
2016-02-29,N02BA,4.0
2016-02-29,N02BE,46.2
2016-02-29,N05B,13.0
2016-02-29,N05C,0.0
2016-02-29,R03,3.0
2016-02-29,R06,1.0
2016-03-01,M01AB,10.0
2016-03-01,M01AE,4.0
2016-03-01,N02BA,2.2
2016-03-01,N02BE,31.0
2016-03-01,N05B,11.0
2016-03-01,N05C,2.0
2016-03-01,R03,0.0
2016-03-01,R06,2.0
2016-03-02,M01AB,3.33
2016-03-02,M01AE,10.4
2016-03-02,N02BA,5.3
2016-03-02,N02BE,21.3
2016-03-02,N05B,15.0
2016-03-02,N05C,2.0
2016-03-02,R03,1.0
2016-03-02,R06,0.0
2016-03-03,M01AB,2.83
2016-03-03,M01AE,2.0
2016-03-03,N02BA,5.0
2016-03-03,N02BE,55.8
2016-03-03,N05B,2.0
2016-03-03,N05C,0.0
2016-03-03,R03,9.0
2016-03-03,R06,4.0
2016-03-04,M01AB,5.0
2016-03-04,M01AE,0.99
2016-03-04,N02BA,4.4
2016-03-04,N02BE,26.6
2016-03-04,N05B,3.0
2016-03-04,N05C,0.0
2016-03-04,R03,0.0
2016-03-04,R06,0.0
2016-03-05,M01AB,5.0
2016-03-05,M01AE,4.89
2016-03-05,N02BA,8.0
2016-03-05,N02BE,38.0
2016-03-05,N05B,9.0
2016-03-05,N05C,0.0
2016-03-05,R03,10.0
2016-03-05,R06,5.0
2016-03-06,M01AB,5.0
2016-03-06,M01AE,8.14
2016-03-06,N02BA,4.9
2016-03-06,N02BE,79.9
2016-03-06,N05B,2.0
2016-03-06,N05C,0.0
2016-03-06,R03,5.0
2016-03-06,R06,7.0
2016-03-07,M01AB,5.33
2016-03-07,M01AE,7.34
2016-03-07,N02BA,4.0
2016-03-07,N02BE,43.5
2016-03-07,N05B,3.0
2016-03-07,N05C,1.0
2016-03-07,R03,6.0
2016-03-07,R06,1.0
2016-03-08,M01AB,4.0
2016-03-08,M01AE,6.66
2016-03-08,N02BA,3.0
2016-03-08,N02BE,44.0
2016-03-08,N05B,7.0
2016-03-08,N05C,0.0
2016-03-08,R03,3.0
2016-03-08,R06,3.0
2016-03-09,M01AB,4.34
2016-03-09,M01AE,5.67
2016-03-09,N02BA,7.0
2016-03-09,N02BE,21.8
2016-03-09,N05B,7.0
2016-03-09,N05C,1.0
2016-03-09,R03,6.0
2016-03-09,R06,4.0
2016-03-10,M01AB,6.33
2016-03-10,M01AE,10.33
2016-03-10,N02BA,2.0
2016-03-10,N02BE,23.4
2016-03-10,N05B,8.0
2016-03-10,N05C,0.0
2016-03-10,R03,2.0
2016-03-10,R06,2.0
2016-03-11,M01AB,3.33
2016-03-11,M01AE,4.36
2016-03-11,N02BA,6.2
2016-03-11,N02BE,22.0
2016-03-11,N05B,8.0
2016-03-11,N05C,0.0
2016-03-11,R03,18.0
2016-03-11,R06,1.0
2016-03-12,M01AB,3.0
2016-03-12,M01AE,6.37
2016-03-12,N02BA,1.4
2016-03-12,N02BE,41.8
2016-03-12,N05B,4.0
2016-03-12,N05C,0.0
2016-03-12,R03,23.0
2016-03-12,R06,1.0
2016-03-13,M01AB,2.5
2016-03-13,M01AE,4.13
2016-03-13,N02BA,1.5
2016-03-13,N02BE,59.2
2016-03-13,N05B,4.0
2016-03-13,N05C,0.0
2016-03-13,R03,4.0
2016-03-13,R06,0.34
2016-03-14,M01AB,4.33
2016-03-14,M01AE,3.32
2016-03-14,N02BA,10.0
2016-03-14,N02BE,35.9
2016-03-14,N05B,12.0
2016-03-14,N05C,0.0
2016-03-14,R03,23.0
2016-03-14,R06,1.0
2016-03-15,M01AB,5.33
2016-03-15,M01AE,3.32
2016-03-15,N02BA,2.0
2016-03-15,N02BE,24.0
2016-03-15,N05B,7.0
2016-03-15,N05C,0.0
2016-03-15,R03,18.0
2016-03-15,R06,3.0
2016-03-16,M01AB,5.33
2016-03-16,M01AE,13.34
2016-03-16,N02BA,5.7
2016-03-16,N02BE,37.4
2016-03-16,N05B,16.0
2016-03-16,N05C,0.0
2016-03-16,R03,4.0
2016-03-16,R06,4.0
2016-03-17,M01AB,5.66
2016-03-17,M01AE,5.4
2016-03-17,N02BA,5.0
2016-03-17,N02BE,60.2
2016-03-17,N05B,10.0
2016-03-17,N05C,0.0
2016-03-17,R03,8.0
2016-03-17,R06,5.0
2016-03-18,M01AB,3.34
2016-03-18,M01AE,5.35
2016-03-18,N02BA,5.2
2016-03-18,N02BE,25.46
2016-03-18,N05B,15.0
2016-03-18,N05C,2.0
2016-03-18,R03,8.0
2016-03-18,R06,3.0
2016-03-19,M01AB,10.66
2016-03-19,M01AE,8.33
2016-03-19,N02BA,2.8
2016-03-19,N02BE,19.5
2016-03-19,N05B,6.0
2016-03-19,N05C,1.0
2016-03-19,R03,5.0
2016-03-19,R06,5.0
2016-03-20,M01AB,7.99
2016-03-20,M01AE,9.69
2016-03-20,N02BA,2.2
2016-03-20,N02BE,42.2
2016-03-20,N05B,1.0
2016-03-20,N05C,0.0
2016-03-20,R03,15.0
2016-03-20,R06,5.0
2016-03-21,M01AB,5.0
2016-03-21,M01AE,8.06
2016-03-21,N02BA,6.0
2016-03-21,N02BE,45.7
2016-03-21,N05B,11.0
2016-03-21,N05C,0.0
2016-03-21,R03,36.0
2016-03-21,R06,7.0
2016-03-22,M01AB,2.33
2016-03-22,M01AE,0.0
2016-03-22,N02BA,5.0
2016-03-22,N02BE,42.19
2016-03-22,N05B,12.0
2016-03-22,N05C,2.0
2016-03-22,R03,4.0
2016-03-22,R06,2.0
2016-03-23,M01AB,4.0
2016-03-23,M01AE,3.0
2016-03-23,N02BA,6.0
2016-03-23,N02BE,24.25
2016-03-23,N05B,22.0
2016-03-23,N05C,1.0
2016-03-23,R03,0.0
2016-03-23,R06,3.0
2016-03-24,M01AB,6.84
2016-03-24,M01AE,2.0
2016-03-24,N02BA,3.0
2016-03-24,N02BE,32.0
2016-03-24,N05B,4.0
2016-03-24,N05C,0.0
2016-03-24,R03,8.0
2016-03-24,R06,2.0
2016-03-25,M01AB,7.0
2016-03-25,M01AE,7.35
2016-03-25,N02BA,4.2
2016-03-25,N02BE,42.8
2016-03-25,N05B,8.0
2016-03-25,N05C,0.0
2016-03-25,R03,3.0
2016-03-25,R06,3.0
2016-03-26,M01AB,2.5
2016-03-26,M01AE,0.66
2016-03-26,N02BA,7.5
2016-03-26,N02BE,33.25
2016-03-26,N05B,4.0
2016-03-26,N05C,0.0
2016-03-26,R03,0.0
2016-03-26,R06,5.0
2016-03-27,M01AB,7.83
2016-03-27,M01AE,5.45
2016-03-27,N02BA,13.7
2016-03-27,N02BE,63.3
2016-03-27,N05B,11.0
2016-03-27,N05C,1.0
2016-03-27,R03,1.0
2016-03-27,R06,4.0
2016-03-28,M01AB,3.34
2016-03-28,M01AE,2.34
2016-03-28,N02BA,1.7
2016-03-28,N02BE,24.6
2016-03-28,N05B,20.0
2016-03-28,N05C,0.0
2016-03-28,R03,4.0
2016-03-28,R06,4.5
2016-03-29,M01AB,5.68
2016-03-29,M01AE,1.33
2016-03-29,N02BA,3.2
2016-03-29,N02BE,36.2
2016-03-29,N05B,4.0
2016-03-29,N05C,0.0
2016-03-29,R03,12.0
2016-03-29,R06,1.0
2016-03-30,M01AB,7.16
2016-03-30,M01AE,2.68
2016-03-30,N02BA,7.4
2016-03-30,N02BE,22.2
2016-03-30,N05B,3.0
2016-03-30,N05C,0.0
2016-03-30,R03,12.0
2016-03-30,R06,5.0
2016-03-31,M01AB,2.33
2016-03-31,M01AE,8.68
2016-03-31,N02BA,2.9
2016-03-31,N02BE,31.25
2016-03-31,N05B,1.0
2016-03-31,N05C,0.0
2016-03-31,R03,5.0
2016-03-31,R06,5.0
2016-04-01,M01AB,6.33
2016-04-01,M01AE,3.01
2016-04-01,N02BA,2.7
2016-04-01,N02BE,50.4
2016-04-01,N05B,4.0
2016-04-01,N05C,0.0
2016-04-01,R03,16.0
2016-04-01,R06,10.5
2016-04-02,M01AB,3.67
2016-04-02,M01AE,2.0
2016-04-02,N02BA,7.0
2016-04-02,N02BE,32.3
2016-04-02,N05B,4.0
2016-04-02,N05C,0.0
2016-04-02,R03,19.0
2016-04-02,R06,7.4
2016-04-03,M01AB,9.67
2016-04-03,M01AE,7.4
2016-04-03,N02BA,5.3
2016-04-03,N02BE,73.5
2016-04-03,N05B,5.0
2016-04-03,N05C,0.0
2016-04-03,R03,6.0
2016-04-03,R06,11.0
2016-04-04,M01AB,7.0
2016-04-04,M01AE,5.23
2016-04-04,N02BA,5.0
2016-04-04,N02BE,21.6
2016-04-04,N05B,3.0
2016-04-04,N05C,1.0
2016-04-04,R03,11.0
2016-04-04,R06,2.0
2016-04-05,M01AB,6.0
2016-04-05,M01AE,5.33
2016-04-05,N02BA,4.0
2016-04-05,N02BE,40.3
2016-04-05,N05B,5.0
2016-04-05,N05C,1.0
2016-04-05,R03,11.0
2016-04-05,R06,12.0
2016-04-06,M01AB,6.66
2016-04-06,M01AE,5.36
2016-04-06,N02BA,2.0
2016-04-06,N02BE,15.25
2016-04-06,N05B,7.0
2016-04-06,N05C,0.0
2016-04-06,R03,6.0
2016-04-06,R06,3.0
2016-04-07,M01AB,6.33
2016-04-07,M01AE,5.98
2016-04-07,N02BA,4.0
2016-04-07,N02BE,21.0
2016-04-07,N05B,7.0
2016-04-07,N05C,2.0
2016-04-07,R03,4.0
2016-04-07,R06,8.2
2016-04-08,M01AB,7.67
2016-04-08,M01AE,3.66
2016-04-08,N02BA,5.0
2016-04-08,N02BE,42.3
2016-04-08,N05B,2.0
2016-04-08,N05C,1.0
2016-04-08,R03,3.0
2016-04-08,R06,4.4
2016-04-09,M01AB,9.0
2016-04-09,M01AE,9.01
2016-04-09,N02BA,3.1
2016-04-09,N02BE,38.8
2016-04-09,N05B,7.0
2016-04-09,N05C,0.0
2016-04-09,R03,14.0
2016-04-09,R06,3.0
2016-04-10,M01AB,5.0
2016-04-10,M01AE,6.67
2016-04-10,N02BA,5.15
2016-04-10,N02BE,21.4
2016-04-10,N05B,4.0
2016-04-10,N05C,1.0
2016-04-10,R03,11.0
2016-04-10,R06,8.0
2016-04-11,M01AB,0.33
2016-04-11,M01AE,4.99
2016-04-11,N02BA,3.0
2016-04-11,N02BE,26.0
2016-04-11,N05B,11.0
2016-04-11,N05C,2.0
2016-04-11,R03,17.0
2016-04-11,R06,6.0
2016-04-12,M01AB,4.34
2016-04-12,M01AE,4.65
2016-04-12,N02BA,6.0
2016-04-12,N02BE,41.6
2016-04-12,N05B,19.0
2016-04-12,N05C,1.0
2016-04-12,R03,2.0
2016-04-12,R06,5.0
2016-04-13,M01AB,6.33
2016-04-13,M01AE,3.07
2016-04-13,N02BA,3.0
2016-04-13,N02BE,34.0
2016-04-13,N05B,22.33
2016-04-13,N05C,0.0
2016-04-13,R03,2.0
2016-04-13,R06,3.0
2016-04-14,M01AB,2.66
2016-04-14,M01AE,2.32
2016-04-14,N02BA,8.5
2016-04-14,N02BE,44.22
2016-04-14,N05B,9.0
2016-04-14,N05C,0.0
2016-04-14,R03,4.0
2016-04-14,R06,6.0
2016-04-15,M01AB,4.33
2016-04-15,M01AE,3.06
2016-04-15,N02BA,2.7
2016-04-15,N02BE,23.6
2016-04-15,N05B,6.0
2016-04-15,N05C,0.0
2016-04-15,R03,10.0
2016-04-15,R06,4.2
2016-04-16,M01AB,5.34
2016-04-16,M01AE,6.66
2016-04-16,N02BA,5.3
2016-04-16,N02BE,33.0
2016-04-16,N05B,11.0
2016-04-16,N05C,0.0
2016-04-16,R03,8.0
2016-04-16,R06,8.5
2016-04-17,M01AB,4.33
2016-04-17,M01AE,8.18
2016-04-17,N02BA,3.0
2016-04-17,N02BE,52.8
2016-04-17,N05B,2.0
2016-04-17,N05C,0.0
2016-04-17,R03,7.0
2016-04-17,R06,7.2
2016-04-18,M01AB,3.66
2016-04-18,M01AE,2.0
2016-04-18,N02BA,5.0
2016-04-18,N02BE,22.1
2016-04-18,N05B,15.0
2016-04-18,N05C,3.0
2016-04-18,R03,7.0
2016-04-18,R06,7.0
2016-04-19,M01AB,3.0
2016-04-19,M01AE,1.34
2016-04-19,N02BA,8.3
2016-04-19,N02BE,24.3
2016-04-19,N05B,7.0
2016-04-19,N05C,0.0
2016-04-19,R03,6.0
2016-04-19,R06,4.0
2016-04-20,M01AB,2.66
2016-04-20,M01AE,3.33
2016-04-20,N02BA,2.4
2016-04-20,N02BE,17.1
2016-04-20,N05B,11.0
2016-04-20,N05C,5.0
2016-04-20,R03,15.0
2016-04-20,R06,3.0
2016-04-21,M01AB,3.0
2016-04-21,M01AE,3.46
2016-04-21,N02BA,3.0
2016-04-21,N02BE,21.6
2016-04-21,N05B,6.0
2016-04-21,N05C,0.0
2016-04-21,R03,0.0
2016-04-21,R06,2.3
2016-04-22,M01AB,6.0
2016-04-22,M01AE,5.67
2016-04-22,N02BA,4.0
2016-04-22,N02BE,21.9
2016-04-22,N05B,4.0
2016-04-22,N05C,0.0
2016-04-22,R03,6.0
2016-04-22,R06,1.0
2016-04-23,M01AB,13.66
2016-04-23,M01AE,3.69
2016-04-23,N02BA,8.0
2016-04-23,N02BE,33.2
2016-04-23,N05B,8.0
2016-04-23,N05C,0.0
2016-04-23,R03,0.0
2016-04-23,R06,4.5
2016-04-24,M01AB,1.0
2016-04-24,M01AE,6.66
2016-04-24,N02BA,5.5
2016-04-24,N02BE,36.95
2016-04-24,N05B,3.0
2016-04-24,N05C,0.0
2016-04-24,R03,6.0
2016-04-24,R06,5.0
2016-04-25,M01AB,6.67
2016-04-25,M01AE,1.66
2016-04-25,N02BA,7.25
2016-04-25,N02BE,21.7
2016-04-25,N05B,20.0
2016-04-25,N05C,1.0
2016-04-25,R03,3.0
2016-04-25,R06,2.5
2016-04-26,M01AB,5.33
2016-04-26,M01AE,4.99
2016-04-26,N02BA,7.0
2016-04-26,N02BE,27.2
2016-04-26,N05B,19.0
2016-04-26,N05C,0.0
2016-04-26,R03,7.0
2016-04-26,R06,2.0
2016-04-27,M01AB,5.66
2016-04-27,M01AE,7.5
2016-04-27,N02BA,7.0
2016-04-27,N02BE,47.4
2016-04-27,N05B,27.0
2016-04-27,N05C,0.0
2016-04-27,R03,1.0
2016-04-27,R06,2.0
2016-04-28,M01AB,4.66
2016-04-28,M01AE,6.34
2016-04-28,N02BA,6.0
2016-04-28,N02BE,28.0
2016-04-28,N05B,17.67
2016-04-28,N05C,0.0
2016-04-28,R03,12.0
2016-04-28,R06,12.0
2016-04-29,M01AB,6.66
2016-04-29,M01AE,3.0
2016-04-29,N02BA,2.5
2016-04-29,N02BE,37.0
2016-04-29,N05B,15.0
2016-04-29,N05C,0.0
2016-04-29,R03,1.0
2016-04-29,R06,3.2
2016-04-30,M01AB,9.66
2016-04-30,M01AE,10.32
2016-04-30,N02BA,7.0
2016-04-30,N02BE,47.81
2016-04-30,N05B,11.0
2016-04-30,N05C,0.0
2016-04-30,R03,1.0
2016-04-30,R06,4.5
2016-05-01,M01AB,0.0
2016-05-01,M01AE,0.0
2016-05-01,N02BA,0.0
2016-05-01,N02BE,0.0
2016-05-01,N05B,0.0
2016-05-01,N05C,0.0
2016-05-01,R03,0.0
2016-05-01,R06,0.0
2016-05-02,M01AB,4.0
2016-05-02,M01AE,1.02
2016-05-02,N02BA,1.0
2016-05-02,N02BE,39.2
2016-05-02,N05B,7.0
2016-05-02,N05C,0.0
2016-05-02,R03,5.0
2016-05-02,R06,2.0
2016-05-03,M01AB,6.33
2016-05-03,M01AE,5.99
2016-05-03,N02BA,3.0
2016-05-03,N02BE,23.9
2016-05-03,N05B,3.0
2016-05-03,N05C,0.0
2016-05-03,R03,0.0
2016-05-03,R06,2.0
2016-05-04,M01AB,7.34
2016-05-04,M01AE,3.0
2016-05-04,N02BA,5.0
2016-05-04,N02BE,32.2
2016-05-04,N05B,4.0
2016-05-04,N05C,0.0
2016-05-04,R03,1.0
2016-05-04,R06,2.0
2016-05-05,M01AB,4.66
2016-05-05,M01AE,3.0
2016-05-05,N02BA,6.0
2016-05-05,N02BE,41.0
2016-05-05,N05B,16.0
2016-05-05,N05C,3.0
2016-05-05,R03,1.0
2016-05-05,R06,2.0
2016-05-06,M01AB,4.0
2016-05-06,M01AE,2.99
2016-05-06,N02BA,1.0
2016-05-06,N02BE,33.6
2016-05-06,N05B,7.0
2016-05-06,N05C,0.0
2016-05-06,R03,1.0
2016-05-06,R06,3.0
2016-05-07,M01AB,3.99
2016-05-07,M01AE,8.34
2016-05-07,N02BA,4.0
2016-05-07,N02BE,47.2
2016-05-07,N05B,5.0
2016-05-07,N05C,1.0
2016-05-07,R03,0.0
2016-05-07,R06,10.0
2016-05-08,M01AB,5.0
2016-05-08,M01AE,10.66
2016-05-08,N02BA,1.0
2016-05-08,N02BE,40.4
2016-05-08,N05B,12.0
2016-05-08,N05C,0.0
2016-05-08,R03,1.0
2016-05-08,R06,11.0
2016-05-09,M01AB,5.67
2016-05-09,M01AE,6.36
2016-05-09,N02BA,5.0
2016-05-09,N02BE,29.2
2016-05-09,N05B,3.0
2016-05-09,N05C,0.0
2016-05-09,R03,2.0
2016-05-09,R06,5.0
2016-05-10,M01AB,7.33
2016-05-10,M01AE,3.67
2016-05-10,N02BA,7.0
2016-05-10,N02BE,28.25
2016-05-10,N05B,4.0
2016-05-10,N05C,0.0
2016-05-10,R03,2.0
2016-05-10,R06,3.5
2016-05-11,M01AB,5.33
2016-05-11,M01AE,4.66
2016-05-11,N02BA,4.0
2016-05-11,N02BE,23.0
2016-05-11,N05B,13.0
2016-05-11,N05C,0.0
2016-05-11,R03,3.0
2016-05-11,R06,2.0
2016-05-12,M01AB,3.01
2016-05-12,M01AE,1.76
2016-05-12,N02BA,8.0
2016-05-12,N02BE,28.1
2016-05-12,N05B,8.0
2016-05-12,N05C,1.0
2016-05-12,R03,2.0
2016-05-12,R06,0.0
2016-05-13,M01AB,2.33
2016-05-13,M01AE,2.33
2016-05-13,N02BA,3.0
2016-05-13,N02BE,37.0
2016-05-13,N05B,9.0
2016-05-13,N05C,0.0
2016-05-13,R03,0.0
2016-05-13,R06,5.0
2016-05-14,M01AB,5.34
2016-05-14,M01AE,4.67
2016-05-14,N02BA,5.55
2016-05-14,N02BE,31.25
2016-05-14,N05B,13.0
2016-05-14,N05C,0.0
2016-05-14,R03,21.0
2016-05-14,R06,1.0
2016-05-15,M01AB,5.33
2016-05-15,M01AE,8.19
2016-05-15,N02BA,1.2
2016-05-15,N02BE,44.1
2016-05-15,N05B,6.0
2016-05-15,N05C,0.0
2016-05-15,R03,5.0
2016-05-15,R06,4.0
2016-05-16,M01AB,5.0
2016-05-16,M01AE,3.66
2016-05-16,N02BA,2.0
2016-05-16,N02BE,24.0
2016-05-16,N05B,17.0
2016-05-16,N05C,0.0
2016-05-16,R03,2.0
2016-05-16,R06,3.0
2016-05-17,M01AB,4.0
2016-05-17,M01AE,2.33
2016-05-17,N02BA,7.1
2016-05-17,N02BE,38.4
2016-05-17,N05B,4.0
2016-05-17,N05C,0.0
2016-05-17,R03,1.0
2016-05-17,R06,3.2
2016-05-18,M01AB,4.0
2016-05-18,M01AE,5.33
2016-05-18,N02BA,5.25
2016-05-18,N02BE,35.0
2016-05-18,N05B,7.0
2016-05-18,N05C,0.0
2016-05-18,R03,1.0
2016-05-18,R06,5.0
2016-05-19,M01AB,6.34
2016-05-19,M01AE,5.66
2016-05-19,N02BA,2.0
2016-05-19,N02BE,30.5
2016-05-19,N05B,10.0
2016-05-19,N05C,0.0
2016-05-19,R03,16.0
2016-05-19,R06,3.0
2016-05-20,M01AB,3.0
2016-05-20,M01AE,1.13
2016-05-20,N02BA,3.0
2016-05-20,N02BE,14.0
2016-05-20,N05B,14.0
2016-05-20,N05C,2.0
2016-05-20,R03,9.0
2016-05-20,R06,5.0
2016-05-21,M01AB,2.0
2016-05-21,M01AE,5.34
2016-05-21,N02BA,5.2
2016-05-21,N02BE,42.5
2016-05-21,N05B,3.0
2016-05-21,N05C,0.0
2016-05-21,R03,17.0
2016-05-21,R06,5.0
2016-05-22,M01AB,4.34
2016-05-22,M01AE,4.51
2016-05-22,N02BA,9.05
2016-05-22,N02BE,55.6
2016-05-22,N05B,6.0
2016-05-22,N05C,1.0
2016-05-22,R03,0.0
2016-05-22,R06,10.0
2016-05-23,M01AB,5.0
2016-05-23,M01AE,2.36
2016-05-23,N02BA,5.0
2016-05-23,N02BE,54.7
2016-05-23,N05B,19.0
2016-05-23,N05C,0.0
2016-05-23,R03,7.0
2016-05-23,R06,4.0
2016-05-24,M01AB,12.0
2016-05-24,M01AE,3.17
2016-05-24,N02BA,4.0
2016-05-24,N02BE,32.0
2016-05-24,N05B,3.0
2016-05-24,N05C,0.0
2016-05-24,R03,3.0
2016-05-24,R06,2.0
2016-05-25,M01AB,8.34
2016-05-25,M01AE,1.67
2016-05-25,N02BA,6.0
2016-05-25,N02BE,25.05
2016-05-25,N05B,16.0
2016-05-25,N05C,1.0
2016-05-25,R03,0.0
2016-05-25,R06,1.2
2016-05-26,M01AB,4.67
2016-05-26,M01AE,5.33
2016-05-26,N02BA,5.35
2016-05-26,N02BE,24.8
2016-05-26,N05B,20.0
2016-05-26,N05C,1.0
2016-05-26,R03,0.0
2016-05-26,R06,9.0
2016-05-27,M01AB,8.67
2016-05-27,M01AE,2.68
2016-05-27,N02BA,5.25
2016-05-27,N02BE,17.0
2016-05-27,N05B,14.0
2016-05-27,N05C,7.0
2016-05-27,R03,2.0
2016-05-27,R06,6.0
2016-05-28,M01AB,12.33
2016-05-28,M01AE,0.36
2016-05-28,N02BA,3.0
2016-05-28,N02BE,43.0
2016-05-28,N05B,4.0
2016-05-28,N05C,0.0
2016-05-28,R03,4.0
2016-05-28,R06,9.0
2016-05-29,M01AB,8.67
2016-05-29,M01AE,4.33
2016-05-29,N02BA,6.0
2016-05-29,N02BE,31.8
2016-05-29,N05B,2.0
2016-05-29,N05C,1.0
2016-05-29,R03,5.0
2016-05-29,R06,9.2
2016-05-30,M01AB,3.34
2016-05-30,M01AE,3.02
2016-05-30,N02BA,4.1
2016-05-30,N02BE,29.4
2016-05-30,N05B,3.0
2016-05-30,N05C,0.0
2016-05-30,R03,7.0
2016-05-30,R06,8.0
2016-05-31,M01AB,6.0
2016-05-31,M01AE,3.33
2016-05-31,N02BA,3.5
2016-05-31,N02BE,21.0
2016-05-31,N05B,3.0
2016-05-31,N05C,0.0
2016-05-31,R03,13.0
2016-05-31,R06,2.0
2016-06-01,M01AB,9.0
2016-06-01,M01AE,1.1
2016-06-01,N02BA,2.0
2016-06-01,N02BE,20.0
2016-06-01,N05B,11.0
2016-06-01,N05C,0.0
2016-06-01,R03,7.0
2016-06-01,R06,5.0
2016-06-02,M01AB,2.33
2016-06-02,M01AE,6.0
2016-06-02,N02BA,1.05
2016-06-02,N02BE,21.25
2016-06-02,N05B,18.0
2016-06-02,N05C,3.0
2016-06-02,R03,4.0
2016-06-02,R06,1.0
2016-06-03,M01AB,7.33
2016-06-03,M01AE,3.0
2016-06-03,N02BA,4.0
2016-06-03,N02BE,18.0
2016-06-03,N05B,8.0
2016-06-03,N05C,0.0
2016-06-03,R03,1.0
2016-06-03,R06,7.0
2016-06-04,M01AB,3.33
2016-06-04,M01AE,3.34
2016-06-04,N02BA,3.3
2016-06-04,N02BE,21.0
2016-06-04,N05B,2.0
2016-06-04,N05C,0.0
2016-06-04,R03,0.0
2016-06-04,R06,4.0
2016-06-05,M01AB,10.34
2016-06-05,M01AE,3.07
2016-06-05,N02BA,4.3
2016-06-05,N02BE,23.4
2016-06-05,N05B,5.0
2016-06-05,N05C,0.0
2016-06-05,R03,3.0
2016-06-05,R06,4.0
2016-06-06,M01AB,5.33
2016-06-06,M01AE,2.8
2016-06-06,N02BA,4.0
2016-06-06,N02BE,26.2
2016-06-06,N05B,5.0
2016-06-06,N05C,0.0
2016-06-06,R03,6.0
2016-06-06,R06,6.0
2016-06-07,M01AB,6.0
2016-06-07,M01AE,3.36
2016-06-07,N02BA,4.1
2016-06-07,N02BE,28.5
2016-06-07,N05B,13.0
2016-06-07,N05C,0.0
2016-06-07,R03,10.0
2016-06-07,R06,3.0
2016-06-08,M01AB,8.66
2016-06-08,M01AE,1.33
2016-06-08,N02BA,5.5
2016-06-08,N02BE,45.06
2016-06-08,N05B,10.0
2016-06-08,N05C,0.0
2016-06-08,R03,5.0
2016-06-08,R06,6.0
2016-06-09,M01AB,8.67
2016-06-09,M01AE,4.33
2016-06-09,N02BA,2.0
2016-06-09,N02BE,20.6
2016-06-09,N05B,7.0
2016-06-09,N05C,0.0
2016-06-09,R03,1.0
2016-06-09,R06,4.2
2016-06-10,M01AB,8.33
2016-06-10,M01AE,4.0
2016-06-10,N02BA,4.0
2016-06-10,N02BE,26.0
2016-06-10,N05B,11.0
2016-06-10,N05C,2.0
2016-06-10,R03,0.0
2016-06-10,R06,5.0
2016-06-11,M01AB,10.66
2016-06-11,M01AE,2.82
2016-06-11,N02BA,2.0
2016-06-11,N02BE,35.6
2016-06-11,N05B,4.0
2016-06-11,N05C,1.0
2016-06-11,R03,10.0
2016-06-11,R06,8.0
2016-06-12,M01AB,8.34
2016-06-12,M01AE,7.35
2016-06-12,N02BA,3.4
2016-06-12,N02BE,47.0
2016-06-12,N05B,8.0
2016-06-12,N05C,0.0
2016-06-12,R03,4.0
2016-06-12,R06,6.0
2016-06-13,M01AB,5.66
2016-06-13,M01AE,4.74
2016-06-13,N02BA,1.0
2016-06-13,N02BE,15.0
2016-06-13,N05B,7.0
2016-06-13,N05C,0.0
2016-06-13,R03,1.0
2016-06-13,R06,2.0
2016-06-14,M01AB,2.33
2016-06-14,M01AE,6.0
2016-06-14,N02BA,6.1
2016-06-14,N02BE,17.4
2016-06-14,N05B,17.0
2016-06-14,N05C,1.0
2016-06-14,R03,2.0
2016-06-14,R06,3.0
2016-06-15,M01AB,5.0
2016-06-15,M01AE,5.5
2016-06-15,N02BA,7.0
2016-06-15,N02BE,35.0
2016-06-15,N05B,22.0
2016-06-15,N05C,1.0
2016-06-15,R03,1.0
2016-06-15,R06,6.0
2016-06-16,M01AB,4.0
2016-06-16,M01AE,0.33
2016-06-16,N02BA,1.0
2016-06-16,N02BE,20.5
2016-06-16,N05B,4.0
2016-06-16,N05C,0.0
2016-06-16,R03,22.0
2016-06-16,R06,3.0
2016-06-17,M01AB,3.34
2016-06-17,M01AE,3.67
2016-06-17,N02BA,3.65
2016-06-17,N02BE,20.0
2016-06-17,N05B,8.0
2016-06-17,N05C,0.0
2016-06-17,R03,4.0
2016-06-17,R06,4.0
2016-06-18,M01AB,2.0
2016-06-18,M01AE,4.33
2016-06-18,N02BA,6.5
2016-06-18,N02BE,37.5
2016-06-18,N05B,1.0
2016-06-18,N05C,0.0
2016-06-18,R03,5.0
2016-06-18,R06,4.0
2016-06-19,M01AB,6.34
2016-06-19,M01AE,6.01
2016-06-19,N02BA,3.0
2016-06-19,N02BE,40.0
2016-06-19,N05B,1.0
2016-06-19,N05C,0.0
2016-06-19,R03,7.0
2016-06-19,R06,15.0
2016-06-20,M01AB,7.34
2016-06-20,M01AE,3.34
2016-06-20,N02BA,6.0
2016-06-20,N02BE,22.39
2016-06-20,N05B,5.0
2016-06-20,N05C,0.0
2016-06-20,R03,8.0
2016-06-20,R06,6.0
2016-06-21,M01AB,7.33
2016-06-21,M01AE,4.66
2016-06-21,N02BA,9.0
2016-06-21,N02BE,23.0
2016-06-21,N05B,15.0
2016-06-21,N05C,0.0
2016-06-21,R03,7.0
2016-06-21,R06,5.6
2016-06-22,M01AB,2.0
2016-06-22,M01AE,6.07
2016-06-22,N02BA,2.3
2016-06-22,N02BE,42.0
2016-06-22,N05B,6.0
2016-06-22,N05C,0.0
2016-06-22,R03,2.0
2016-06-22,R06,2.0
2016-06-23,M01AB,3.0
2016-06-23,M01AE,0.33
2016-06-23,N02BA,2.3
2016-06-23,N02BE,19.0
2016-06-23,N05B,5.0
2016-06-23,N05C,0.0
2016-06-23,R03,1.0
2016-06-23,R06,3.0
2016-06-24,M01AB,6.0
2016-06-24,M01AE,2.34
2016-06-24,N02BA,3.05
2016-06-24,N02BE,19.0
2016-06-24,N05B,15.0
2016-06-24,N05C,0.0
2016-06-24,R03,1.0
2016-06-24,R06,2.0
2016-06-25,M01AB,5.68
2016-06-25,M01AE,4.99
2016-06-25,N02BA,8.0
2016-06-25,N02BE,20.25
2016-06-25,N05B,5.0
2016-06-25,N05C,0.0
2016-06-25,R03,1.0
2016-06-25,R06,4.0
2016-06-26,M01AB,3.0
2016-06-26,M01AE,3.84
2016-06-26,N02BA,2.0
2016-06-26,N02BE,17.4
2016-06-26,N05B,20.0
2016-06-26,N05C,0.0
2016-06-26,R03,2.0
2016-06-26,R06,3.0
2016-06-27,M01AB,6.0
2016-06-27,M01AE,3.07
2016-06-27,N02BA,5.25
2016-06-27,N02BE,24.0
2016-06-27,N05B,9.0
2016-06-27,N05C,0.0
2016-06-27,R03,9.0
2016-06-27,R06,2.0
2016-06-28,M01AB,1.33
2016-06-28,M01AE,1.43
2016-06-28,N02BA,2.25
2016-06-28,N02BE,24.0
2016-06-28,N05B,20.0
2016-06-28,N05C,5.0
2016-06-28,R03,2.0
2016-06-28,R06,7.0
2016-06-29,M01AB,7.0
2016-06-29,M01AE,8.01
2016-06-29,N02BA,6.5
2016-06-29,N02BE,22.0
2016-06-29,N05B,12.5
2016-06-29,N05C,7.0
2016-06-29,R03,1.0
2016-06-29,R06,2.0
2016-06-30,M01AB,4.0
2016-06-30,M01AE,3.8
2016-06-30,N02BA,3.2
2016-06-30,N02BE,9.0
2016-06-30,N05B,6.0
2016-06-30,N05C,0.0
2016-06-30,R03,0.0
2016-06-30,R06,2.0
2016-07-01,M01AB,4.0
2016-07-01,M01AE,2.01
2016-07-01,N02BA,5.5
2016-07-01,N02BE,24.0
2016-07-01,N05B,1.0
2016-07-01,N05C,0.0
2016-07-01,R03,20.0
2016-07-01,R06,7.0
2016-07-02,M01AB,4.66
2016-07-02,M01AE,5.13
2016-07-02,N02BA,6.0
2016-07-02,N02BE,25.4
2016-07-02,N05B,9.0
2016-07-02,N05C,0.0
2016-07-02,R03,2.0
2016-07-02,R06,3.0
2016-07-03,M01AB,6.67
2016-07-03,M01AE,4.16
2016-07-03,N02BA,5.4
2016-07-03,N02BE,18.6
2016-07-03,N05B,4.0
2016-07-03,N05C,0.0
2016-07-03,R03,11.0
2016-07-03,R06,5.0
2016-07-04,M01AB,8.34
2016-07-04,M01AE,5.34
2016-07-04,N02BA,1.15
2016-07-04,N02BE,14.0
2016-07-04,N05B,8.0
2016-07-04,N05C,3.0
2016-07-04,R03,7.0
2016-07-04,R06,6.0
2016-07-05,M01AB,6.0
2016-07-05,M01AE,4.01
2016-07-05,N02BA,2.0
2016-07-05,N02BE,19.0
2016-07-05,N05B,10.0
2016-07-05,N05C,0.0
2016-07-05,R03,0.0
2016-07-05,R06,3.0
2016-07-06,M01AB,9.33
2016-07-06,M01AE,5.73
2016-07-06,N02BA,5.0
2016-07-06,N02BE,30.0
2016-07-06,N05B,5.0
2016-07-06,N05C,0.0
2016-07-06,R03,8.0
2016-07-06,R06,4.0
2016-07-07,M01AB,7.34
2016-07-07,M01AE,5.01
2016-07-07,N02BA,1.0
2016-07-07,N02BE,21.0
2016-07-07,N05B,11.0
2016-07-07,N05C,1.0
2016-07-07,R03,0.0
2016-07-07,R06,2.0
2016-07-08,M01AB,1.34
2016-07-08,M01AE,7.06
2016-07-08,N02BA,9.2
2016-07-08,N02BE,28.0
2016-07-08,N05B,12.0
2016-07-08,N05C,1.0
2016-07-08,R03,0.0
2016-07-08,R06,4.3
2016-07-09,M01AB,3.33
2016-07-09,M01AE,6.0
2016-07-09,N02BA,4.5
2016-07-09,N02BE,11.0
2016-07-09,N05B,12.0
2016-07-09,N05C,0.0
2016-07-09,R03,0.0
2016-07-09,R06,2.0
2016-07-10,M01AB,5.66
2016-07-10,M01AE,8.32
2016-07-10,N02BA,4.2
2016-07-10,N02BE,29.0
2016-07-10,N05B,6.0
2016-07-10,N05C,0.0
2016-07-10,R03,0.0
2016-07-10,R06,3.0
2016-07-11,M01AB,6.33
2016-07-11,M01AE,1.7
2016-07-11,N02BA,3.0
2016-07-11,N02BE,19.31
2016-07-11,N05B,9.0
2016-07-11,N05C,0.0
2016-07-11,R03,4.0
2016-07-11,R06,6.2
2016-07-12,M01AB,5.67
2016-07-12,M01AE,2.67
2016-07-12,N02BA,4.0
2016-07-12,N02BE,27.2
2016-07-12,N05B,14.0
2016-07-12,N05C,0.0
2016-07-12,R03,3.0
2016-07-12,R06,4.0
2016-07-13,M01AB,6.22
2016-07-13,M01AE,7.0
2016-07-13,N02BA,5.0
2016-07-13,N02BE,26.4
2016-07-13,N05B,11.0
2016-07-13,N05C,0.0
2016-07-13,R03,3.0
2016-07-13,R06,2.0
2016-07-14,M01AB,2.34
2016-07-14,M01AE,2.36
2016-07-14,N02BA,5.0
2016-07-14,N02BE,12.4
2016-07-14,N05B,3.0
2016-07-14,N05C,0.0
2016-07-14,R03,3.0
2016-07-14,R06,5.0
2016-07-15,M01AB,3.0
2016-07-15,M01AE,8.0
2016-07-15,N02BA,2.0
2016-07-15,N02BE,15.0
2016-07-15,N05B,4.0
2016-07-15,N05C,0.0
2016-07-15,R03,0.0
2016-07-15,R06,3.33
2016-07-16,M01AB,9.33
2016-07-16,M01AE,6.74
2016-07-16,N02BA,3.0
2016-07-16,N02BE,23.3
2016-07-16,N05B,6.0
2016-07-16,N05C,0.0
2016-07-16,R03,1.0
2016-07-16,R06,8.0
2016-07-17,M01AB,9.01
2016-07-17,M01AE,4.01
2016-07-17,N02BA,3.0
2016-07-17,N02BE,26.65
2016-07-17,N05B,3.0
2016-07-17,N05C,0.0
2016-07-17,R03,7.0
2016-07-17,R06,4.0
2016-07-18,M01AB,6.0
2016-07-18,M01AE,2.5
2016-07-18,N02BA,8.0
2016-07-18,N02BE,25.4
2016-07-18,N05B,2.0
2016-07-18,N05C,0.0
2016-07-18,R03,3.0
2016-07-18,R06,4.0
2016-07-19,M01AB,7.34
2016-07-19,M01AE,1.33
2016-07-19,N02BA,6.0
2016-07-19,N02BE,19.0
2016-07-19,N05B,5.0
2016-07-19,N05C,0.0
2016-07-19,R03,1.0
2016-07-19,R06,2.0
2016-07-20,M01AB,10.33
2016-07-20,M01AE,4.66
2016-07-20,N02BA,7.1
2016-07-20,N02BE,25.2
2016-07-20,N05B,6.0
2016-07-20,N05C,0.0
2016-07-20,R03,5.0
2016-07-20,R06,5.0
2016-07-21,M01AB,5.66
2016-07-21,M01AE,5.32
2016-07-21,N02BA,4.1
2016-07-21,N02BE,17.0
2016-07-21,N05B,15.0
2016-07-21,N05C,0.0
2016-07-21,R03,1.0
2016-07-21,R06,2.0
2016-07-22,M01AB,3.33
2016-07-22,M01AE,1.66
2016-07-22,N02BA,7.0
2016-07-22,N02BE,14.0
2016-07-22,N05B,4.0
2016-07-22,N05C,0.0
2016-07-22,R03,0.0
2016-07-22,R06,2.0
2016-07-23,M01AB,4.66
2016-07-23,M01AE,5.49
2016-07-23,N02BA,2.1
2016-07-23,N02BE,15.0
2016-07-23,N05B,6.0
2016-07-23,N05C,0.0
2016-07-23,R03,0.0
2016-07-23,R06,5.0
2016-07-24,M01AB,2.33
2016-07-24,M01AE,4.99
2016-07-24,N02BA,4.0
2016-07-24,N02BE,32.0
2016-07-24,N05B,4.0
2016-07-24,N05C,0.0
2016-07-24,R03,0.0
2016-07-24,R06,2.0
2016-07-25,M01AB,13.0
2016-07-25,M01AE,3.33
2016-07-25,N02BA,7.0
2016-07-25,N02BE,22.0
2016-07-25,N05B,9.0
2016-07-25,N05C,0.0
2016-07-25,R03,4.0
2016-07-25,R06,4.0
2016-07-26,M01AB,8.32
2016-07-26,M01AE,2.66
2016-07-26,N02BA,1.0
2016-07-26,N02BE,10.0
2016-07-26,N05B,16.0
2016-07-26,N05C,0.0
2016-07-26,R03,0.0
2016-07-26,R06,2.0
2016-07-27,M01AB,3.0
2016-07-27,M01AE,6.33
2016-07-27,N02BA,4.15
2016-07-27,N02BE,10.0
2016-07-27,N05B,4.0
2016-07-27,N05C,1.0
2016-07-27,R03,9.0
2016-07-27,R06,2.0
2016-07-28,M01AB,9.67
2016-07-28,M01AE,3.99
2016-07-28,N02BA,4.0
2016-07-28,N02BE,22.5
2016-07-28,N05B,12.0
2016-07-28,N05C,1.0
2016-07-28,R03,5.0
2016-07-28,R06,3.0
2016-07-29,M01AB,9.99
2016-07-29,M01AE,4.51
2016-07-29,N02BA,6.0
2016-07-29,N02BE,11.0
2016-07-29,N05B,17.0
2016-07-29,N05C,1.0
2016-07-29,R03,11.0
2016-07-29,R06,2.0
2016-07-30,M01AB,6.33
2016-07-30,M01AE,3.99
2016-07-30,N02BA,4.0
2016-07-30,N02BE,37.0
2016-07-30,N05B,7.0
2016-07-30,N05C,0.0
2016-07-30,R03,1.0
2016-07-30,R06,6.0
2016-07-31,M01AB,6.0
2016-07-31,M01AE,5.01
2016-07-31,N02BA,4.5
2016-07-31,N02BE,22.0
2016-07-31,N05B,5.0
2016-07-31,N05C,0.0
2016-07-31,R03,0.0
2016-07-31,R06,4.0
2016-08-01,M01AB,8.33
2016-08-01,M01AE,1.4
2016-08-01,N02BA,5.0
2016-08-01,N02BE,14.0
2016-08-01,N05B,7.5
2016-08-01,N05C,1.0
2016-08-01,R03,1.0
2016-08-01,R06,6.0
2016-08-02,M01AB,8.33
2016-08-02,M01AE,7.0
2016-08-02,N02BA,5.0
2016-08-02,N02BE,12.0
2016-08-02,N05B,12.0
2016-08-02,N05C,0.0
2016-08-02,R03,1.0
2016-08-02,R06,1.0
2016-08-03,M01AB,8.0
2016-08-03,M01AE,2.98
2016-08-03,N02BA,3.5
2016-08-03,N02BE,21.0
2016-08-03,N05B,11.0
2016-08-03,N05C,0.0
2016-08-03,R03,13.0
2016-08-03,R06,3.0
2016-08-04,M01AB,8.0
2016-08-04,M01AE,2.69
2016-08-04,N02BA,2.0
2016-08-04,N02BE,34.4
2016-08-04,N05B,12.0
2016-08-04,N05C,0.0
2016-08-04,R03,17.0
2016-08-04,R06,4.0
2016-08-05,M01AB,10.33
2016-08-05,M01AE,3.42
2016-08-05,N02BA,3.7
2016-08-05,N02BE,21.0
2016-08-05,N05B,24.0
2016-08-05,N05C,0.0
2016-08-05,R03,24.0
2016-08-05,R06,1.3
2016-08-06,M01AB,3.0
2016-08-06,M01AE,3.66
2016-08-06,N02BA,5.0
2016-08-06,N02BE,20.0
2016-08-06,N05B,33.0
2016-08-06,N05C,0.0
2016-08-06,R03,1.0
2016-08-06,R06,2.0
2016-08-07,M01AB,8.0
2016-08-07,M01AE,4.16
2016-08-07,N02BA,8.2
2016-08-07,N02BE,40.2
2016-08-07,N05B,12.0
2016-08-07,N05C,0.0
2016-08-07,R03,5.0
2016-08-07,R06,3.0
2016-08-08,M01AB,8.34
2016-08-08,M01AE,5.99
2016-08-08,N02BA,5.5
2016-08-08,N02BE,15.0
2016-08-08,N05B,36.0
2016-08-08,N05C,0.0
2016-08-08,R03,1.0
2016-08-08,R06,4.0
2016-08-09,M01AB,6.33
2016-08-09,M01AE,4.66
2016-08-09,N02BA,7.0
2016-08-09,N02BE,29.0
2016-08-09,N05B,26.0
2016-08-09,N05C,1.0
2016-08-09,R03,2.0
2016-08-09,R06,4.0
2016-08-10,M01AB,11.34
2016-08-10,M01AE,2.99
2016-08-10,N02BA,7.0
2016-08-10,N02BE,24.1
2016-08-10,N05B,11.0
2016-08-10,N05C,0.0
2016-08-10,R03,3.0
2016-08-10,R06,2.0
2016-08-11,M01AB,5.67
2016-08-11,M01AE,3.66
2016-08-11,N02BA,0.0
2016-08-11,N02BE,25.0
2016-08-11,N05B,1.0
2016-08-11,N05C,0.0
2016-08-11,R03,0.0
2016-08-11,R06,2.0
2016-08-12,M01AB,8.66
2016-08-12,M01AE,5.66
2016-08-12,N02BA,6.1
2016-08-12,N02BE,27.6
2016-08-12,N05B,6.0
2016-08-12,N05C,4.0
2016-08-12,R03,0.0
2016-08-12,R06,2.0
2016-08-13,M01AB,8.0
2016-08-13,M01AE,6.74
2016-08-13,N02BA,5.0
2016-08-13,N02BE,32.0
2016-08-13,N05B,2.0
2016-08-13,N05C,0.0
2016-08-13,R03,0.0
2016-08-13,R06,5.0
2016-08-14,M01AB,5.0
2016-08-14,M01AE,4.86
2016-08-14,N02BA,4.5
2016-08-14,N02BE,18.22
2016-08-14,N05B,2.0
2016-08-14,N05C,0.0
2016-08-14,R03,7.0
2016-08-14,R06,0.0
2016-08-15,M01AB,5.0
2016-08-15,M01AE,2.33
2016-08-15,N02BA,2.0
2016-08-15,N02BE,21.0
2016-08-15,N05B,11.0
2016-08-15,N05C,0.0
2016-08-15,R03,0.0
2016-08-15,R06,2.0
2016-08-16,M01AB,10.0
2016-08-16,M01AE,4.66
2016-08-16,N02BA,3.0
2016-08-16,N02BE,14.45
2016-08-16,N05B,4.0
2016-08-16,N05C,0.0
2016-08-16,R03,11.0
2016-08-16,R06,3.5
2016-08-17,M01AB,8.66
2016-08-17,M01AE,2.01
2016-08-17,N02BA,4.0
2016-08-17,N02BE,9.5
2016-08-17,N05B,7.0
2016-08-17,N05C,0.0
2016-08-17,R03,5.0
2016-08-17,R06,5.0
2016-08-18,M01AB,6.99
2016-08-18,M01AE,3.36
2016-08-18,N02BA,4.0
2016-08-18,N02BE,25.6
2016-08-18,N05B,7.0
2016-08-18,N05C,0.0
2016-08-18,R03,0.0
2016-08-18,R06,1.0
2016-08-19,M01AB,1.0
2016-08-19,M01AE,4.33
2016-08-19,N02BA,0.6
2016-08-19,N02BE,27.0
2016-08-19,N05B,12.0
2016-08-19,N05C,0.0
2016-08-19,R03,0.0
2016-08-19,R06,4.0
2016-08-20,M01AB,4.33
2016-08-20,M01AE,2.99
2016-08-20,N02BA,6.0
2016-08-20,N02BE,26.2
2016-08-20,N05B,1.0
2016-08-20,N05C,0.0
2016-08-20,R03,0.0
2016-08-20,R06,6.0
2016-08-21,M01AB,8.0
2016-08-21,M01AE,3.63
2016-08-21,N02BA,7.4
2016-08-21,N02BE,39.0
2016-08-21,N05B,3.0
2016-08-21,N05C,4.0
2016-08-21,R03,1.0
2016-08-21,R06,1.0
2016-08-22,M01AB,3.34
2016-08-22,M01AE,3.39
2016-08-22,N02BA,0.0
2016-08-22,N02BE,23.2
2016-08-22,N05B,3.0
2016-08-22,N05C,0.0
2016-08-22,R03,0.0
2016-08-22,R06,6.0
2016-08-23,M01AB,3.0
2016-08-23,M01AE,3.07
2016-08-23,N02BA,4.0
2016-08-23,N02BE,14.7
2016-08-23,N05B,7.0
2016-08-23,N05C,1.0
2016-08-23,R03,0.0
2016-08-23,R06,1.2
2016-08-24,M01AB,9.33
2016-08-24,M01AE,3.49
2016-08-24,N02BA,8.0
2016-08-24,N02BE,11.3
2016-08-24,N05B,2.0
2016-08-24,N05C,0.0
2016-08-24,R03,0.0
2016-08-24,R06,3.0
2016-08-25,M01AB,4.33
2016-08-25,M01AE,2.67
2016-08-25,N02BA,8.0
2016-08-25,N02BE,19.4
2016-08-25,N05B,4.0
2016-08-25,N05C,1.0
2016-08-25,R03,4.0
2016-08-25,R06,5.0
2016-08-26,M01AB,4.0
2016-08-26,M01AE,2.02
2016-08-26,N02BA,2.0
2016-08-26,N02BE,20.7
2016-08-26,N05B,3.0
2016-08-26,N05C,0.0
2016-08-26,R03,0.0
2016-08-26,R06,0.0
2016-08-27,M01AB,8.83
2016-08-27,M01AE,1.74
2016-08-27,N02BA,1.0
2016-08-27,N02BE,17.52
2016-08-27,N05B,2.0
2016-08-27,N05C,0.0
2016-08-27,R03,11.0
2016-08-27,R06,0.0
2016-08-28,M01AB,7.33
2016-08-28,M01AE,7.02
2016-08-28,N02BA,6.2
2016-08-28,N02BE,37.0
2016-08-28,N05B,3.0
2016-08-28,N05C,0.0
2016-08-28,R03,6.0
2016-08-28,R06,2.0
2016-08-29,M01AB,9.0
2016-08-29,M01AE,0.67
2016-08-29,N02BA,2.0
2016-08-29,N02BE,14.2
2016-08-29,N05B,4.0
2016-08-29,N05C,0.0
2016-08-29,R03,1.0
2016-08-29,R06,1.3
2016-08-30,M01AB,4.66
2016-08-30,M01AE,1.32
2016-08-30,N02BA,2.0
2016-08-30,N02BE,8.9
2016-08-30,N05B,4.0
2016-08-30,N05C,0.0
2016-08-30,R03,1.0
2016-08-30,R06,0.0
2016-08-31,M01AB,6.0
2016-08-31,M01AE,5.83
2016-08-31,N02BA,5.0
2016-08-31,N02BE,23.2
2016-08-31,N05B,3.0
2016-08-31,N05C,0.0
2016-08-31,R03,1.0
2016-08-31,R06,5.0
2016-09-01,M01AB,5.0
2016-09-01,M01AE,3.66
2016-09-01,N02BA,5.0
2016-09-01,N02BE,31.4
2016-09-01,N05B,2.0
2016-09-01,N05C,0.0
2016-09-01,R03,0.0
2016-09-01,R06,3.0
2016-09-02,M01AB,9.34
2016-09-02,M01AE,4.02
2016-09-02,N02BA,5.0
2016-09-02,N02BE,10.0
2016-09-02,N05B,25.0
2016-09-02,N05C,0.0
2016-09-02,R03,5.0
2016-09-02,R06,2.0
2016-09-03,M01AB,5.33
2016-09-03,M01AE,4.03
2016-09-03,N02BA,6.5
2016-09-03,N02BE,54.2
2016-09-03,N05B,5.0
2016-09-03,N05C,0.0
2016-09-03,R03,4.0
2016-09-03,R06,4.0
2016-09-04,M01AB,8.33
2016-09-04,M01AE,4.4
2016-09-04,N02BA,0.0
2016-09-04,N02BE,30.9
2016-09-04,N05B,10.0
2016-09-04,N05C,0.0
2016-09-04,R03,4.0
2016-09-04,R06,5.0
2016-09-05,M01AB,3.32
2016-09-05,M01AE,4.4
2016-09-05,N02BA,2.0
2016-09-05,N02BE,34.3
2016-09-05,N05B,8.0
2016-09-05,N05C,2.0
2016-09-05,R03,2.0
2016-09-05,R06,4.0
2016-09-06,M01AB,5.0
2016-09-06,M01AE,1.33
2016-09-06,N02BA,1.0
2016-09-06,N02BE,32.8
2016-09-06,N05B,14.0
2016-09-06,N05C,3.0
2016-09-06,R03,0.0
2016-09-06,R06,3.0
2016-09-07,M01AB,2.33
2016-09-07,M01AE,2.19
2016-09-07,N02BA,3.0
2016-09-07,N02BE,37.6
2016-09-07,N05B,14.0
2016-09-07,N05C,0.0
2016-09-07,R03,0.0
2016-09-07,R06,3.0
2016-09-08,M01AB,6.0
2016-09-08,M01AE,2.99
2016-09-08,N02BA,4.0
2016-09-08,N02BE,33.0
2016-09-08,N05B,8.0
2016-09-08,N05C,1.0
2016-09-08,R03,0.0
2016-09-08,R06,0.0
2016-09-09,M01AB,4.99
2016-09-09,M01AE,3.99
2016-09-09,N02BA,3.25
2016-09-09,N02BE,26.12
2016-09-09,N05B,11.0
2016-09-09,N05C,2.0
2016-09-09,R03,10.0
2016-09-09,R06,3.0
2016-09-10,M01AB,8.33
2016-09-10,M01AE,11.31
2016-09-10,N02BA,10.0
2016-09-10,N02BE,34.0
2016-09-10,N05B,9.0
2016-09-10,N05C,0.0
2016-09-10,R03,4.0
2016-09-10,R06,3.0
2016-09-11,M01AB,2.66
2016-09-11,M01AE,6.99
2016-09-11,N02BA,7.1
2016-09-11,N02BE,57.2
2016-09-11,N05B,8.0
2016-09-11,N05C,0.0
2016-09-11,R03,10.0
2016-09-11,R06,4.0
2016-09-12,M01AB,7.0
2016-09-12,M01AE,6.0
2016-09-12,N02BA,4.0
2016-09-12,N02BE,24.0
2016-09-12,N05B,10.0
2016-09-12,N05C,0.0
2016-09-12,R03,8.0
2016-09-12,R06,4.0
2016-09-13,M01AB,7.0
2016-09-13,M01AE,5.76
2016-09-13,N02BA,4.0
2016-09-13,N02BE,32.0
2016-09-13,N05B,13.0
2016-09-13,N05C,0.0
2016-09-13,R03,2.0
2016-09-13,R06,0.0
2016-09-14,M01AB,6.0
2016-09-14,M01AE,3.79
2016-09-14,N02BA,2.5
2016-09-14,N02BE,24.4
2016-09-14,N05B,7.0
2016-09-14,N05C,0.0
2016-09-14,R03,8.0
2016-09-14,R06,2.0
2016-09-15,M01AB,3.0
2016-09-15,M01AE,6.63
2016-09-15,N02BA,2.0
2016-09-15,N02BE,38.0
2016-09-15,N05B,31.0
2016-09-15,N05C,0.0
2016-09-15,R03,3.0
2016-09-15,R06,1.0
2016-09-16,M01AB,2.0
2016-09-16,M01AE,1.33
2016-09-16,N02BA,4.0
2016-09-16,N02BE,26.3
2016-09-16,N05B,17.0
2016-09-16,N05C,0.0
2016-09-16,R03,3.0
2016-09-16,R06,0.0
2016-09-17,M01AB,6.67
2016-09-17,M01AE,3.69
2016-09-17,N02BA,2.4
2016-09-17,N02BE,56.0
2016-09-17,N05B,11.0
2016-09-17,N05C,0.0
2016-09-17,R03,5.0
2016-09-17,R06,4.1
2016-09-18,M01AB,5.99
2016-09-18,M01AE,7.32
2016-09-18,N02BA,2.0
2016-09-18,N02BE,24.45
2016-09-18,N05B,4.0
2016-09-18,N05C,0.0
2016-09-18,R03,8.0
2016-09-18,R06,1.0
2016-09-19,M01AB,4.0
2016-09-19,M01AE,3.4
2016-09-19,N02BA,2.15
2016-09-19,N02BE,31.0
2016-09-19,N05B,11.0
2016-09-19,N05C,2.0
2016-09-19,R03,0.0
2016-09-19,R06,1.0
2016-09-20,M01AB,4.67
2016-09-20,M01AE,2.79
2016-09-20,N02BA,3.0
2016-09-20,N02BE,33.4
2016-09-20,N05B,14.0
2016-09-20,N05C,0.0
2016-09-20,R03,4.0
2016-09-20,R06,1.0
2016-09-21,M01AB,8.34
2016-09-21,M01AE,4.31
2016-09-21,N02BA,3.05
2016-09-21,N02BE,19.7
2016-09-21,N05B,12.0
2016-09-21,N05C,0.0
2016-09-21,R03,3.0
2016-09-21,R06,2.0
2016-09-22,M01AB,6.33
2016-09-22,M01AE,2.33
2016-09-22,N02BA,2.1
2016-09-22,N02BE,29.4
2016-09-22,N05B,6.0
2016-09-22,N05C,0.0
2016-09-22,R03,4.0
2016-09-22,R06,3.0
2016-09-23,M01AB,2.33
2016-09-23,M01AE,6.99
2016-09-23,N02BA,6.0
2016-09-23,N02BE,28.4
2016-09-23,N05B,13.0
2016-09-23,N05C,3.0
2016-09-23,R03,7.0
2016-09-23,R06,1.0
2016-09-24,M01AB,2.0
2016-09-24,M01AE,3.78
2016-09-24,N02BA,6.2
2016-09-24,N02BE,61.2
2016-09-24,N05B,8.0
2016-09-24,N05C,0.0
2016-09-24,R03,1.0
2016-09-24,R06,1.0
2016-09-25,M01AB,6.0
2016-09-25,M01AE,4.33
2016-09-25,N02BA,3.0
2016-09-25,N02BE,61.12
2016-09-25,N05B,3.0
2016-09-25,N05C,0.0
2016-09-25,R03,10.0
2016-09-25,R06,2.0
2016-09-26,M01AB,5.99
2016-09-26,M01AE,1.0
2016-09-26,N02BA,4.0
2016-09-26,N02BE,57.6
2016-09-26,N05B,4.0
2016-09-26,N05C,2.0
2016-09-26,R03,4.0
2016-09-26,R06,1.0
2016-09-27,M01AB,7.0
2016-09-27,M01AE,4.67
2016-09-27,N02BA,7.4
2016-09-27,N02BE,51.7
2016-09-27,N05B,17.0
2016-09-27,N05C,3.0
2016-09-27,R03,1.0
2016-09-27,R06,3.0
2016-09-28,M01AB,13.68
2016-09-28,M01AE,1.8
2016-09-28,N02BA,5.45
2016-09-28,N02BE,64.5
2016-09-28,N05B,3.0
2016-09-28,N05C,0.0
2016-09-28,R03,0.0
2016-09-28,R06,4.0
2016-09-29,M01AB,7.33
2016-09-29,M01AE,2.0
2016-09-29,N02BA,4.0
2016-09-29,N02BE,50.6
2016-09-29,N05B,4.0
2016-09-29,N05C,0.0
2016-09-29,R03,1.0
2016-09-29,R06,1.2
2016-09-30,M01AB,7.0
2016-09-30,M01AE,5.0
2016-09-30,N02BA,2.6
2016-09-30,N02BE,23.4
2016-09-30,N05B,5.0
2016-09-30,N05C,0.0
2016-09-30,R03,10.0
2016-09-30,R06,3.0
2016-10-01,M01AB,7.33
2016-10-01,M01AE,7.65
2016-10-01,N02BA,1.2
2016-10-01,N02BE,54.04
2016-10-01,N05B,5.0
2016-10-01,N05C,0.0
2016-10-01,R03,4.0
2016-10-01,R06,2.0
2016-10-02,M01AB,17.0
2016-10-02,M01AE,4.06
2016-10-02,N02BA,9.7
2016-10-02,N02BE,80.5
2016-10-02,N05B,6.0
2016-10-02,N05C,0.0
2016-10-02,R03,18.0
2016-10-02,R06,3.0
2016-10-03,M01AB,3.33
2016-10-03,M01AE,5.33
2016-10-03,N02BA,3.0
2016-10-03,N02BE,59.66
2016-10-03,N05B,2.0
2016-10-03,N05C,2.0
2016-10-03,R03,17.0
2016-10-03,R06,3.0
2016-10-04,M01AB,6.33
2016-10-04,M01AE,2.99
2016-10-04,N02BA,6.0
2016-10-04,N02BE,47.6
2016-10-04,N05B,8.0
2016-10-04,N05C,0.0
2016-10-04,R03,10.0
2016-10-04,R06,2.5
2016-10-05,M01AB,4.0
2016-10-05,M01AE,4.0
2016-10-05,N02BA,4.0
2016-10-05,N02BE,78.2
2016-10-05,N05B,8.0
2016-10-05,N05C,0.0
2016-10-05,R03,1.0
2016-10-05,R06,1.0
2016-10-06,M01AB,4.33
2016-10-06,M01AE,3.99
2016-10-06,N02BA,6.0
2016-10-06,N02BE,44.0
2016-10-06,N05B,4.0
2016-10-06,N05C,0.0
2016-10-06,R03,3.0
2016-10-06,R06,0.0
2016-10-07,M01AB,4.34
2016-10-07,M01AE,4.3
2016-10-07,N02BA,6.0
2016-10-07,N02BE,47.62
2016-10-07,N05B,4.0
2016-10-07,N05C,0.0
2016-10-07,R03,0.0
2016-10-07,R06,1.0
2016-10-08,M01AB,7.34
2016-10-08,M01AE,6.33
2016-10-08,N02BA,5.0
2016-10-08,N02BE,52.7
2016-10-08,N05B,2.0
2016-10-08,N05C,0.0
2016-10-08,R03,6.0
2016-10-08,R06,5.0
2016-10-09,M01AB,6.68
2016-10-09,M01AE,5.02
2016-10-09,N02BA,5.5
2016-10-09,N02BE,88.4
2016-10-09,N05B,2.0
2016-10-09,N05C,0.0
2016-10-09,R03,9.0
2016-10-09,R06,1.0
2016-10-10,M01AB,2.0
2016-10-10,M01AE,5.07
2016-10-10,N02BA,5.0
2016-10-10,N02BE,31.6
2016-10-10,N05B,1.0
2016-10-10,N05C,0.0
2016-10-10,R03,3.0
2016-10-10,R06,1.0
2016-10-11,M01AB,7.33
2016-10-11,M01AE,2.41
2016-10-11,N02BA,11.65
2016-10-11,N02BE,52.6
2016-10-11,N05B,54.83
2016-10-11,N05C,1.0
2016-10-11,R03,8.0
2016-10-11,R06,1.0
2016-10-12,M01AB,8.33
2016-10-12,M01AE,2.37
2016-10-12,N02BA,2.0
2016-10-12,N02BE,45.75
2016-10-12,N05B,18.0
2016-10-12,N05C,1.0
2016-10-12,R03,17.0
2016-10-12,R06,2.0
2016-10-13,M01AB,4.66
2016-10-13,M01AE,4.33
2016-10-13,N02BA,3.2
2016-10-13,N02BE,42.2
2016-10-13,N05B,20.0
2016-10-13,N05C,0.0
2016-10-13,R03,3.0
2016-10-13,R06,2.3
2016-10-14,M01AB,7.0
2016-10-14,M01AE,4.0
2016-10-14,N02BA,3.0
2016-10-14,N02BE,38.7
2016-10-14,N05B,22.0
2016-10-14,N05C,0.0
2016-10-14,R03,9.0
2016-10-14,R06,1.0
2016-10-15,M01AB,4.0
2016-10-15,M01AE,5.97
2016-10-15,N02BA,3.35
2016-10-15,N02BE,47.2
2016-10-15,N05B,16.0
2016-10-15,N05C,1.0
2016-10-15,R03,13.0
2016-10-15,R06,1.0
2016-10-16,M01AB,8.33
2016-10-16,M01AE,5.12
2016-10-16,N02BA,10.0
2016-10-16,N02BE,89.3
2016-10-16,N05B,3.0
2016-10-16,N05C,0.0
2016-10-16,R03,6.0
2016-10-16,R06,5.0
2016-10-17,M01AB,2.0
2016-10-17,M01AE,5.0
2016-10-17,N02BA,5.0
2016-10-17,N02BE,50.8
2016-10-17,N05B,1.0
2016-10-17,N05C,0.0
2016-10-17,R03,9.0
2016-10-17,R06,1.0
2016-10-18,M01AB,3.0
2016-10-18,M01AE,5.06
2016-10-18,N02BA,9.0
2016-10-18,N02BE,42.1
2016-10-18,N05B,9.0
2016-10-18,N05C,3.0
2016-10-18,R03,7.0
2016-10-18,R06,3.1
2016-10-19,M01AB,4.33
2016-10-19,M01AE,6.66
2016-10-19,N02BA,5.0
2016-10-19,N02BE,26.7
2016-10-19,N05B,11.0
2016-10-19,N05C,0.0
2016-10-19,R03,2.0
2016-10-19,R06,1.0
2016-10-20,M01AB,1.64
2016-10-20,M01AE,5.66
2016-10-20,N02BA,6.0
2016-10-20,N02BE,52.5
2016-10-20,N05B,2.0
2016-10-20,N05C,0.0
2016-10-20,R03,2.0
2016-10-20,R06,2.0
2016-10-21,M01AB,8.66
2016-10-21,M01AE,3.82
2016-10-21,N02BA,0.0
2016-10-21,N02BE,40.8
2016-10-21,N05B,5.0
2016-10-21,N05C,0.0
2016-10-21,R03,6.0
2016-10-21,R06,2.0
2016-10-22,M01AB,7.0
2016-10-22,M01AE,2.67
2016-10-22,N02BA,4.0
2016-10-22,N02BE,29.7
2016-10-22,N05B,3.0
2016-10-22,N05C,0.0
2016-10-22,R03,10.0
2016-10-22,R06,4.0
2016-10-23,M01AB,12.33
2016-10-23,M01AE,5.78
2016-10-23,N02BA,3.8
2016-10-23,N02BE,51.22
2016-10-23,N05B,10.0
2016-10-23,N05C,0.0
2016-10-23,R03,11.0
2016-10-23,R06,2.0
2016-10-24,M01AB,2.66
2016-10-24,M01AE,3.02
2016-10-24,N02BA,7.5
2016-10-24,N02BE,37.0
2016-10-24,N05B,1.0
2016-10-24,N05C,1.0
2016-10-24,R03,2.0
2016-10-24,R06,1.0
2016-10-25,M01AB,4.33
2016-10-25,M01AE,4.57
2016-10-25,N02BA,5.4
2016-10-25,N02BE,62.4
2016-10-25,N05B,10.0
2016-10-25,N05C,0.0
2016-10-25,R03,7.0
2016-10-25,R06,0.0
2016-10-26,M01AB,2.33
2016-10-26,M01AE,2.4
2016-10-26,N02BA,6.0
2016-10-26,N02BE,28.4
2016-10-26,N05B,10.0
2016-10-26,N05C,0.0
2016-10-26,R03,2.0
2016-10-26,R06,1.0
2016-10-27,M01AB,6.5
2016-10-27,M01AE,2.02
2016-10-27,N02BA,3.0
2016-10-27,N02BE,32.2
2016-10-27,N05B,10.0
2016-10-27,N05C,2.0
2016-10-27,R03,4.0
2016-10-27,R06,0.0
2016-10-28,M01AB,7.0
2016-10-28,M01AE,3.78
2016-10-28,N02BA,6.0
2016-10-28,N02BE,34.4
2016-10-28,N05B,9.0
2016-10-28,N05C,0.0
2016-10-28,R03,5.0
2016-10-28,R06,0.0
2016-10-29,M01AB,15.33
2016-10-29,M01AE,4.54
2016-10-29,N02BA,6.1
2016-10-29,N02BE,78.5
2016-10-29,N05B,23.0
2016-10-29,N05C,0.0
2016-10-29,R03,9.0
2016-10-29,R06,5.0
2016-10-30,M01AB,4.66
2016-10-30,M01AE,10.32
2016-10-30,N02BA,5.75
2016-10-30,N02BE,73.1
2016-10-30,N05B,5.0
2016-10-30,N05C,0.0
2016-10-30,R03,0.0
2016-10-30,R06,2.0
2016-10-31,M01AB,2.66
2016-10-31,M01AE,3.82
2016-10-31,N02BA,3.0
2016-10-31,N02BE,43.8
2016-10-31,N05B,6.0
2016-10-31,N05C,0.0
2016-10-31,R03,17.0
2016-10-31,R06,5.0
2016-11-01,M01AB,2.33
2016-11-01,M01AE,1.7
2016-11-01,N02BA,4.0
2016-11-01,N02BE,25.9
2016-11-01,N05B,18.0
2016-11-01,N05C,0.0
2016-11-01,R03,6.0
2016-11-01,R06,3.0
2016-11-02,M01AB,4.0
2016-11-02,M01AE,3.7
2016-11-02,N02BA,4.1
2016-11-02,N02BE,42.2
2016-11-02,N05B,1.0
2016-11-02,N05C,0.0
2016-11-02,R03,2.0
2016-11-02,R06,3.0
2016-11-03,M01AB,2.0
2016-11-03,M01AE,1.0
2016-11-03,N02BA,3.0
2016-11-03,N02BE,42.5
2016-11-03,N05B,3.0
2016-11-03,N05C,0.0
2016-11-03,R03,0.0
2016-11-03,R06,1.0
2016-11-04,M01AB,8.33
2016-11-04,M01AE,4.37
2016-11-04,N02BA,3.6
2016-11-04,N02BE,24.3
2016-11-04,N05B,14.0
2016-11-04,N05C,1.0
2016-11-04,R03,6.0
2016-11-04,R06,4.2
2016-11-05,M01AB,7.67
2016-11-05,M01AE,3.02
2016-11-05,N02BA,5.8
2016-11-05,N02BE,35.4
2016-11-05,N05B,9.0
2016-11-05,N05C,0.0
2016-11-05,R03,0.0
2016-11-05,R06,2.0
2016-11-06,M01AB,8.0
2016-11-06,M01AE,4.34
2016-11-06,N02BA,3.0
2016-11-06,N02BE,42.45
2016-11-06,N05B,3.0
2016-11-06,N05C,2.0
2016-11-06,R03,11.0
2016-11-06,R06,5.0
2016-11-07,M01AB,5.0
2016-11-07,M01AE,2.73
2016-11-07,N02BA,6.3
2016-11-07,N02BE,35.0
2016-11-07,N05B,9.0
2016-11-07,N05C,0.0
2016-11-07,R03,5.0
2016-11-07,R06,1.0
2016-11-08,M01AB,7.0
2016-11-08,M01AE,2.35
2016-11-08,N02BA,8.0
2016-11-08,N02BE,20.0
2016-11-08,N05B,19.17
2016-11-08,N05C,2.0
2016-11-08,R03,8.0
2016-11-08,R06,3.0
2016-11-09,M01AB,2.34
2016-11-09,M01AE,5.66
2016-11-09,N02BA,1.4
2016-11-09,N02BE,25.0
2016-11-09,N05B,18.0
2016-11-09,N05C,0.0
2016-11-09,R03,4.0
2016-11-09,R06,0.0
2016-11-10,M01AB,7.33
2016-11-10,M01AE,6.33
2016-11-10,N02BA,7.0
2016-11-10,N02BE,31.1
2016-11-10,N05B,5.0
2016-11-10,N05C,2.0
2016-11-10,R03,12.0
2016-11-10,R06,3.4
2016-11-11,M01AB,10.66
2016-11-11,M01AE,1.76
2016-11-11,N02BA,4.0
2016-11-11,N02BE,33.0
2016-11-11,N05B,6.0
2016-11-11,N05C,0.0
2016-11-11,R03,1.0
2016-11-11,R06,1.0
2016-11-12,M01AB,8.0
2016-11-12,M01AE,3.82
2016-11-12,N02BA,7.0
2016-11-12,N02BE,56.5
2016-11-12,N05B,10.0
2016-11-12,N05C,0.0
2016-11-12,R03,1.0
2016-11-12,R06,1.2
2016-11-13,M01AB,6.0
2016-11-13,M01AE,11.32
2016-11-13,N02BA,3.6
2016-11-13,N02BE,60.2
2016-11-13,N05B,0.0
2016-11-13,N05C,0.0
2016-11-13,R03,5.0
2016-11-13,R06,1.0
2016-11-14,M01AB,10.0
2016-11-14,M01AE,4.73
2016-11-14,N02BA,3.8
2016-11-14,N02BE,50.5
2016-11-14,N05B,5.0
2016-11-14,N05C,3.0
2016-11-14,R03,1.0
2016-11-14,R06,1.0
2016-11-15,M01AB,5.33
2016-11-15,M01AE,0.33
2016-11-15,N02BA,4.0
2016-11-15,N02BE,30.1
2016-11-15,N05B,27.0
2016-11-15,N05C,5.0
2016-11-15,R03,5.0
2016-11-15,R06,1.0
2016-11-16,M01AB,4.0
2016-11-16,M01AE,3.17
2016-11-16,N02BA,4.0
2016-11-16,N02BE,38.91
2016-11-16,N05B,5.0
2016-11-16,N05C,0.0
2016-11-16,R03,10.0
2016-11-16,R06,1.0
2016-11-17,M01AB,5.0
2016-11-17,M01AE,2.73
2016-11-17,N02BA,5.7
2016-11-17,N02BE,41.4
2016-11-17,N05B,0.0
2016-11-17,N05C,0.0
2016-11-17,R03,1.0
2016-11-17,R06,1.4
2016-11-18,M01AB,1.33
2016-11-18,M01AE,4.33
2016-11-18,N02BA,6.25
2016-11-18,N02BE,31.0
2016-11-18,N05B,7.0
2016-11-18,N05C,1.0
2016-11-18,R03,2.0
2016-11-18,R06,2.0
2016-11-19,M01AB,5.0
2016-11-19,M01AE,2.7
2016-11-19,N02BA,4.0
2016-11-19,N02BE,35.4
2016-11-19,N05B,3.0
2016-11-19,N05C,0.0
2016-11-19,R03,3.0
2016-11-19,R06,2.0
2016-11-20,M01AB,7.0
2016-11-20,M01AE,4.34
2016-11-20,N02BA,5.0
2016-11-20,N02BE,25.5
2016-11-20,N05B,3.0
2016-11-20,N05C,0.0
2016-11-20,R03,0.0
2016-11-20,R06,2.0
2016-11-21,M01AB,1.34
2016-11-21,M01AE,3.34
2016-11-21,N02BA,5.25
2016-11-21,N02BE,30.0
2016-11-21,N05B,1.0
2016-11-21,N05C,0.0
2016-11-21,R03,13.0
2016-11-21,R06,3.0
2016-11-22,M01AB,4.01
2016-11-22,M01AE,4.7
2016-11-22,N02BA,1.1
2016-11-22,N02BE,23.0
2016-11-22,N05B,3.0
2016-11-22,N05C,2.0
2016-11-22,R03,7.0
2016-11-22,R06,2.0
2016-11-23,M01AB,3.0
2016-11-23,M01AE,4.33
2016-11-23,N02BA,3.7
2016-11-23,N02BE,44.12
2016-11-23,N05B,5.0
2016-11-23,N05C,0.0
2016-11-23,R03,0.0
2016-11-23,R06,1.0
2016-11-24,M01AB,8.67
2016-11-24,M01AE,4.33
2016-11-24,N02BA,6.0
2016-11-24,N02BE,28.0
2016-11-24,N05B,2.0
2016-11-24,N05C,0.0
2016-11-24,R03,10.0
2016-11-24,R06,3.0
2016-11-25,M01AB,7.34
2016-11-25,M01AE,5.0
2016-11-25,N02BA,7.0
2016-11-25,N02BE,21.0
2016-11-25,N05B,20.0
2016-11-25,N05C,4.0
2016-11-25,R03,5.0
2016-11-25,R06,1.0
2016-11-26,M01AB,3.33
2016-11-26,M01AE,5.0
2016-11-26,N02BA,4.0
2016-11-26,N02BE,36.0
2016-11-26,N05B,9.0
2016-11-26,N05C,3.0
2016-11-26,R03,12.0
2016-11-26,R06,2.0
2016-11-27,M01AB,9.33
2016-11-27,M01AE,5.69
2016-11-27,N02BA,3.9
2016-11-27,N02BE,61.0
2016-11-27,N05B,5.0
2016-11-27,N05C,0.0
2016-11-27,R03,1.0
2016-11-27,R06,0.0
2016-11-28,M01AB,4.5
2016-11-28,M01AE,1.36
2016-11-28,N02BA,2.05
2016-11-28,N02BE,23.0
2016-11-28,N05B,5.0
2016-11-28,N05C,0.0
2016-11-28,R03,12.0
2016-11-28,R06,0.0
2016-11-29,M01AB,5.68
2016-11-29,M01AE,5.67
2016-11-29,N02BA,3.0
2016-11-29,N02BE,45.6
2016-11-29,N05B,6.0
2016-11-29,N05C,2.0
2016-11-29,R03,0.0
2016-11-29,R06,0.0
2016-11-30,M01AB,3.33
2016-11-30,M01AE,2.99
2016-11-30,N02BA,4.3
2016-11-30,N02BE,24.6
2016-11-30,N05B,13.0
2016-11-30,N05C,0.0
2016-11-30,R03,7.0
2016-11-30,R06,0.0
2016-12-01,M01AB,4.5
2016-12-01,M01AE,2.36
2016-12-01,N02BA,1.5
2016-12-01,N02BE,55.66
2016-12-01,N05B,8.0
2016-12-01,N05C,0.0
2016-12-01,R03,9.0
2016-12-01,R06,0.0
2016-12-02,M01AB,6.0
2016-12-02,M01AE,1.08
2016-12-02,N02BA,3.2
2016-12-02,N02BE,43.0
2016-12-02,N05B,14.0
2016-12-02,N05C,0.0
2016-12-02,R03,26.0
2016-12-02,R06,0.2
2016-12-03,M01AB,3.17
2016-12-03,M01AE,2.68
2016-12-03,N02BA,3.0
2016-12-03,N02BE,43.3
2016-12-03,N05B,2.0
2016-12-03,N05C,0.0
2016-12-03,R03,1.0
2016-12-03,R06,4.0
2016-12-04,M01AB,7.0
2016-12-04,M01AE,9.12
2016-12-04,N02BA,2.9
2016-12-04,N02BE,67.0
2016-12-04,N05B,4.0
2016-12-04,N05C,0.0
2016-12-04,R03,0.0
2016-12-04,R06,0.0
2016-12-05,M01AB,9.5
2016-12-05,M01AE,1.68
2016-12-05,N02BA,4.0
2016-12-05,N02BE,23.0
2016-12-05,N05B,6.0
2016-12-05,N05C,1.0
2016-12-05,R03,13.0
2016-12-05,R06,2.0
2016-12-06,M01AB,6.0
2016-12-06,M01AE,5.09
2016-12-06,N02BA,4.4
2016-12-06,N02BE,27.2
2016-12-06,N05B,4.0
2016-12-06,N05C,0.0
2016-12-06,R03,20.0
2016-12-06,R06,1.0
2016-12-07,M01AB,4.34
2016-12-07,M01AE,2.73
2016-12-07,N02BA,1.7
2016-12-07,N02BE,47.0
2016-12-07,N05B,8.0
2016-12-07,N05C,3.0
2016-12-07,R03,7.0
2016-12-07,R06,3.0
2016-12-08,M01AB,5.67
2016-12-08,M01AE,1.67
2016-12-08,N02BA,5.0
2016-12-08,N02BE,35.7
2016-12-08,N05B,9.0
2016-12-08,N05C,0.0
2016-12-08,R03,2.0
2016-12-08,R06,0.0
2016-12-09,M01AB,5.66
2016-12-09,M01AE,1.67
2016-12-09,N02BA,4.0
2016-12-09,N02BE,35.06
2016-12-09,N05B,2.0
2016-12-09,N05C,0.0
2016-12-09,R03,0.0
2016-12-09,R06,2.0
2016-12-10,M01AB,7.34
2016-12-10,M01AE,6.33
2016-12-10,N02BA,10.1
2016-12-10,N02BE,45.4
2016-12-10,N05B,1.0
2016-12-10,N05C,0.0
2016-12-10,R03,15.0
2016-12-10,R06,2.0
2016-12-11,M01AB,3.34
2016-12-11,M01AE,4.73
2016-12-11,N02BA,8.55
2016-12-11,N02BE,62.06
2016-12-11,N05B,7.0
2016-12-11,N05C,0.0
2016-12-11,R03,14.0
2016-12-11,R06,1.0
2016-12-12,M01AB,3.66
2016-12-12,M01AE,2.43
2016-12-12,N02BA,3.1
2016-12-12,N02BE,44.5
2016-12-12,N05B,28.33
2016-12-12,N05C,3.0
2016-12-12,R03,21.0
2016-12-12,R06,4.0
2016-12-13,M01AB,1.0
2016-12-13,M01AE,4.0
2016-12-13,N02BA,5.1
2016-12-13,N02BE,43.6
2016-12-13,N05B,0.0
2016-12-13,N05C,0.0
2016-12-13,R03,18.0
2016-12-13,R06,0.0
2016-12-14,M01AB,5.83
2016-12-14,M01AE,3.78
2016-12-14,N02BA,5.65
2016-12-14,N02BE,32.2
2016-12-14,N05B,21.0
2016-12-14,N05C,0.0
2016-12-14,R03,10.0
2016-12-14,R06,1.2
2016-12-15,M01AB,9.66
2016-12-15,M01AE,3.33
2016-12-15,N02BA,1.0
2016-12-15,N02BE,22.8
2016-12-15,N05B,8.0
2016-12-15,N05C,0.0
2016-12-15,R03,5.0
2016-12-15,R06,1.0
2016-12-16,M01AB,7.33
2016-12-16,M01AE,6.32
2016-12-16,N02BA,2.2
2016-12-16,N02BE,39.78
2016-12-16,N05B,8.0
2016-12-16,N05C,3.0
2016-12-16,R03,23.0
2016-12-16,R06,1.0
2016-12-17,M01AB,5.99
2016-12-17,M01AE,2.66
2016-12-17,N02BA,4.15
2016-12-17,N02BE,59.95
2016-12-17,N05B,10.0
2016-12-17,N05C,0.0
2016-12-17,R03,6.0
2016-12-17,R06,1.0
2016-12-18,M01AB,1.67
2016-12-18,M01AE,5.02
2016-12-18,N02BA,4.2
2016-12-18,N02BE,60.7
2016-12-18,N05B,13.0
2016-12-18,N05C,0.0
2016-12-18,R03,5.0
2016-12-18,R06,1.0
2016-12-19,M01AB,0.0
2016-12-19,M01AE,0.0
2016-12-19,N02BA,0.0
2016-12-19,N02BE,0.0
2016-12-19,N05B,0.0
2016-12-19,N05C,0.0
2016-12-19,R03,0.0
2016-12-19,R06,0.0
2016-12-20,M01AB,6.33
2016-12-20,M01AE,3.66
2016-12-20,N02BA,4.0
2016-12-20,N02BE,46.0
2016-12-20,N05B,12.0
2016-12-20,N05C,2.0
2016-12-20,R03,1.0
2016-12-20,R06,0.0
2016-12-21,M01AB,1.34
2016-12-21,M01AE,2.81
2016-12-21,N02BA,0.25
2016-12-21,N02BE,37.0
2016-12-21,N05B,5.0
2016-12-21,N05C,0.0
2016-12-21,R03,6.0
2016-12-21,R06,2.5
2016-12-22,M01AB,4.34
2016-12-22,M01AE,4.16
2016-12-22,N02BA,3.8
2016-12-22,N02BE,38.4
2016-12-22,N05B,1.0
2016-12-22,N05C,0.0
2016-12-22,R03,5.0
2016-12-22,R06,0.0
2016-12-23,M01AB,5.33
2016-12-23,M01AE,4.67
2016-12-23,N02BA,1.15
2016-12-23,N02BE,32.0
2016-12-23,N05B,6.0
2016-12-23,N05C,0.0
2016-12-23,R03,8.0
2016-12-23,R06,2.0
2016-12-24,M01AB,6.33
2016-12-24,M01AE,6.7
2016-12-24,N02BA,4.2
2016-12-24,N02BE,82.0
2016-12-24,N05B,4.0
2016-12-24,N05C,1.0
2016-12-24,R03,2.0
2016-12-24,R06,1.0
2016-12-25,M01AB,2.33
2016-12-25,M01AE,7.63
2016-12-25,N02BA,5.7
2016-12-25,N02BE,79.8
2016-12-25,N05B,0.0
2016-12-25,N05C,0.0
2016-12-25,R03,9.0
2016-12-25,R06,1.0
2016-12-26,M01AB,10.33
2016-12-26,M01AE,4.66
2016-12-26,N02BA,2.0
2016-12-26,N02BE,58.92
2016-12-26,N05B,6.0
2016-12-26,N05C,0.0
2016-12-26,R03,2.0
2016-12-26,R06,2.0
2016-12-27,M01AB,6.0
2016-12-27,M01AE,5.0
2016-12-27,N02BA,0.42
2016-12-27,N02BE,54.2
2016-12-27,N05B,8.0
2016-12-27,N05C,2.0
2016-12-27,R03,13.0
2016-12-27,R06,0.0
2016-12-28,M01AB,4.34
2016-12-28,M01AE,6.33
2016-12-28,N02BA,6.45
2016-12-28,N02BE,57.2
2016-12-28,N05B,7.0
2016-12-28,N05C,0.0
2016-12-28,R03,13.0
2016-12-28,R06,0.0
2016-12-29,M01AB,11.0
2016-12-29,M01AE,6.01
2016-12-29,N02BA,6.35
2016-12-29,N02BE,81.2
2016-12-29,N05B,4.0
2016-12-29,N05C,3.0
2016-12-29,R03,6.0
2016-12-29,R06,2.0
2016-12-30,M01AB,5.66
2016-12-30,M01AE,8.99
2016-12-30,N02BA,7.3
2016-12-30,N02BE,161.0
2016-12-30,N05B,13.0
2016-12-30,N05C,0.0
2016-12-30,R03,3.0
2016-12-30,R06,0.0
2016-12-31,M01AB,8.33
2016-12-31,M01AE,7.76
2016-12-31,N02BA,7.45
2016-12-31,N02BE,108.7
2016-12-31,N05B,7.0
2016-12-31,N05C,0.0
2016-12-31,R03,12.0
2016-12-31,R06,0.0
2017-01-01,M01AB,3.54
2017-01-01,M01AE,3.96
2017-01-01,N02BA,1.56
2017-01-01,N02BE,25.68
2017-01-01,N05B,8.75
2017-01-01,N05C,1.88
2017-01-01,R03,6.25
2017-01-01,R06,0.62
2017-01-02,M01AB,0.21
2017-01-02,M01AE,0.64
2017-01-02,N02BA,0.62
2017-01-02,N02BE,32.0
2017-01-02,N05B,0.0
2017-01-02,N05C,0.62
2017-01-02,R03,3.12
2017-01-02,R06,3.12
2017-01-03,M01AB,6.25
2017-01-03,M01AE,5.83
2017-01-03,N02BA,4.62
2017-01-03,N02BE,66.81
2017-01-03,N05B,8.75
2017-01-03,N05C,0.0
2017-01-03,R03,7.03
2017-01-03,R06,1.88
2017-01-04,M01AB,6.8
2017-01-04,M01AE,5.97
2017-01-04,N02BA,6.42
2017-01-04,N02BE,56.77
2017-01-04,N05B,10.0
2017-01-04,N05C,1.25
2017-01-04,R03,5.0
2017-01-04,R06,2.92
2017-01-05,M01AB,7.5
2017-01-05,M01AE,7.88
2017-01-05,N02BA,5.21
2017-01-05,N02BE,62.21
2017-01-05,N05B,14.58
2017-01-05,N05C,0.0
2017-01-05,R03,11.25
2017-01-05,R06,2.5
2017-01-06,M01AB,4.58
2017-01-06,M01AE,3.05
2017-01-06,N02BA,5.62
2017-01-06,N02BE,65.56
2017-01-06,N05B,10.83
2017-01-06,N05C,0.0
2017-01-06,R03,15.42
2017-01-06,R06,2.5
2017-01-07,M01AB,2.92
2017-01-07,M01AE,5.15
2017-01-07,N02BA,5.96
2017-01-07,N02BE,34.62
2017-01-07,N05B,8.75
2017-01-07,N05C,0.0
2017-01-07,R03,2.5
2017-01-07,R06,0.0
2017-01-08,M01AB,5.42
2017-01-08,M01AE,1.86
2017-01-08,N02BA,5.08
2017-01-08,N02BE,25.38
2017-01-08,N05B,10.0
2017-01-08,N05C,2.08
2017-01-08,R03,3.33
2017-01-08,R06,1.67
2017-01-09,M01AB,3.89
2017-01-09,M01AE,4.06
2017-01-09,N02BA,2.58
2017-01-09,N02BE,56.12
2017-01-09,N05B,9.17
2017-01-09,N05C,0.42
2017-01-09,R03,1.67
2017-01-09,R06,2.08
2017-01-10,M01AB,6.39
2017-01-10,M01AE,4.74
2017-01-10,N02BA,13.29
2017-01-10,N02BE,54.25
2017-01-10,N05B,25.0
2017-01-10,N05C,1.67
2017-01-10,R03,7.5
2017-01-10,R06,0.83
2017-01-11,M01AB,9.31
2017-01-11,M01AE,5.5
2017-01-11,N02BA,9.17
2017-01-11,N02BE,51.04
2017-01-11,N05B,20.0
2017-01-11,N05C,1.25
2017-01-11,R03,1.67
2017-01-11,R06,2.92
2017-01-12,M01AB,8.33
2017-01-12,M01AE,5.2
2017-01-12,N02BA,8.75
2017-01-12,N02BE,65.94
2017-01-12,N05B,14.17
2017-01-12,N05C,1.25
2017-01-12,R03,4.58
2017-01-12,R06,1.67
2017-01-13,M01AB,6.8
2017-01-13,M01AE,3.89
2017-01-13,N02BA,9.54
2017-01-13,N02BE,54.42
2017-01-13,N05B,19.58
2017-01-13,N05C,0.0
2017-01-13,R03,3.33
2017-01-13,R06,1.33
2017-01-14,M01AB,5.98
2017-01-14,M01AE,4.36
2017-01-14,N02BA,7.71
2017-01-14,N02BE,47.92
2017-01-14,N05B,16.67
2017-01-14,N05C,0.83
2017-01-14,R03,5.42
2017-01-14,R06,2.08
2017-01-15,M01AB,8.05
2017-01-15,M01AE,6.52
2017-01-15,N02BA,9.08
2017-01-15,N02BE,38.79
2017-01-15,N05B,15.42
2017-01-15,N05C,0.0
2017-01-15,R03,7.5
2017-01-15,R06,1.25
2017-01-16,M01AB,6.67
2017-01-16,M01AE,4.03
2017-01-16,N02BA,8.04
2017-01-16,N02BE,63.56
2017-01-16,N05B,12.5
2017-01-16,N05C,0.42
2017-01-16,R03,7.08
2017-01-16,R06,2.08
2017-01-17,M01AB,7.22
2017-01-17,M01AE,4.14
2017-01-17,N02BA,5.29
2017-01-17,N02BE,48.46
2017-01-17,N05B,13.33
2017-01-17,N05C,1.67
2017-01-17,R03,3.75
2017-01-17,R06,2.5
2017-01-18,M01AB,6.74
2017-01-18,M01AE,4.45
2017-01-18,N02BA,6.5
2017-01-18,N02BE,45.96
2017-01-18,N05B,16.67
2017-01-18,N05C,1.25
2017-01-18,R03,5.83
2017-01-18,R06,0.83
2017-01-19,M01AB,5.0
2017-01-19,M01AE,5.7
2017-01-19,N02BA,7.83
2017-01-19,N02BE,37.75
2017-01-19,N05B,15.83
2017-01-19,N05C,0.0
2017-01-19,R03,2.5
2017-01-19,R06,3.33
2017-01-20,M01AB,3.61
2017-01-20,M01AE,4.74
2017-01-20,N02BA,4.12
2017-01-20,N02BE,37.62
2017-01-20,N05B,23.33
2017-01-20,N05C,2.92
2017-01-20,R03,12.5
2017-01-20,R06,2.5
2017-01-21,M01AB,5.7
2017-01-21,M01AE,2.4
2017-01-21,N02BA,4.58
2017-01-21,N02BE,50.21
2017-01-21,N05B,15.0
2017-01-21,N05C,2.08
2017-01-21,R03,4.58
2017-01-21,R06,2.92
2017-01-22,M01AB,4.51
2017-01-22,M01AE,5.01
2017-01-22,N02BA,5.12
2017-01-22,N02BE,37.02
2017-01-22,N05B,19.17
2017-01-22,N05C,1.25
2017-01-22,R03,9.17
2017-01-22,R06,1.67
2017-01-23,M01AB,5.14
2017-01-23,M01AE,4.5
2017-01-23,N02BA,6.29
2017-01-23,N02BE,41.75
2017-01-23,N05B,15.83
2017-01-23,N05C,0.83
2017-01-23,R03,2.5
2017-01-23,R06,1.67
2017-01-24,M01AB,6.11
2017-01-24,M01AE,5.77
2017-01-24,N02BA,10.96
2017-01-24,N02BE,40.08
2017-01-24,N05B,11.25
2017-01-24,N05C,0.0
2017-01-24,R03,10.0
2017-01-24,R06,2.92
2017-01-25,M01AB,7.78
2017-01-25,M01AE,5.11
2017-01-25,N02BA,7.67
2017-01-25,N02BE,51.19
2017-01-25,N05B,18.75
2017-01-25,N05C,2.08
2017-01-25,R03,13.75
2017-01-25,R06,2.29
2017-01-26,M01AB,5.98
2017-01-26,M01AE,5.22
2017-01-26,N02BA,7.04
2017-01-26,N02BE,36.62
2017-01-26,N05B,13.75
2017-01-26,N05C,0.83
2017-01-26,R03,8.33
2017-01-26,R06,0.0
2017-01-27,M01AB,7.85
2017-01-27,M01AE,7.54
2017-01-27,N02BA,5.17
2017-01-27,N02BE,42.61
2017-01-27,N05B,21.25
2017-01-27,N05C,2.08
2017-01-27,R03,9.58
2017-01-27,R06,1.25
2017-01-28,M01AB,5.97
2017-01-28,M01AE,6.11
2017-01-28,N02BA,2.25
2017-01-28,N02BE,32.08
2017-01-28,N05B,9.17
2017-01-28,N05C,0.0
2017-01-28,R03,1.67
2017-01-28,R06,1.25
2017-01-29,M01AB,5.14
2017-01-29,M01AE,7.78
2017-01-29,N02BA,5.33
2017-01-29,N02BE,54.17
2017-01-29,N05B,15.83
2017-01-29,N05C,2.5
2017-01-29,R03,9.58
2017-01-29,R06,3.33
2017-01-30,M01AB,8.06
2017-01-30,M01AE,5.62
2017-01-30,N02BA,7.0
2017-01-30,N02BE,35.52
2017-01-30,N05B,17.08
2017-01-30,N05C,4.17
2017-01-30,R03,7.08
2017-01-30,R06,4.17
2017-01-31,M01AB,4.44
2017-01-31,M01AE,4.25
2017-01-31,N02BA,2.83
2017-01-31,N02BE,47.25
2017-01-31,N05B,13.33
2017-01-31,N05C,0.83
2017-01-31,R03,2.92
2017-01-31,R06,1.67
2017-02-01,M01AB,7.38
2017-02-01,M01AE,5.19
2017-02-01,N02BA,6.04
2017-02-01,N02BE,31.62
2017-02-01,N05B,10.83
2017-02-01,N05C,0.42
2017-02-01,R03,8.33
2017-02-01,R06,2.08
2017-02-02,M01AB,8.2
2017-02-02,M01AE,6.21
2017-02-02,N02BA,6.42
2017-02-02,N02BE,42.29
2017-02-02,N05B,9.17
2017-02-02,N05C,0.42
2017-02-02,R03,0.42
2017-02-02,R06,0.83
2017-02-03,M01AB,7.64
2017-02-03,M01AE,6.26
2017-02-03,N02BA,9.0
2017-02-03,N02BE,42.9
2017-02-03,N05B,15.83
2017-02-03,N05C,2.5
2017-02-03,R03,7.08
2017-02-03,R06,0.83
2017-02-04,M01AB,7.78
2017-02-04,M01AE,4.17
2017-02-04,N02BA,4.42
2017-02-04,N02BE,27.71
2017-02-04,N05B,12.08
2017-02-04,N05C,0.83
2017-02-04,R03,7.5
2017-02-04,R06,3.75
2017-02-05,M01AB,10.67
2017-02-05,M01AE,10.72
2017-02-05,N02BA,5.0
2017-02-05,N02BE,38.6
2017-02-05,N05B,1.0
2017-02-05,N05C,0.0
2017-02-05,R03,11.0
2017-02-05,R06,1.1
2017-02-06,M01AB,10.0
2017-02-06,M01AE,5.0
2017-02-06,N02BA,4.4
2017-02-06,N02BE,13.0
2017-02-06,N05B,3.0
2017-02-06,N05C,2.0
2017-02-06,R03,5.0
2017-02-06,R06,0.0
2017-02-07,M01AB,3.0
2017-02-07,M01AE,0.33
2017-02-07,N02BA,3.5
2017-02-07,N02BE,13.8
2017-02-07,N05B,3.0
2017-02-07,N05C,0.0
2017-02-07,R03,7.0
2017-02-07,R06,2.0
2017-02-08,M01AB,11.0
2017-02-08,M01AE,1.67
2017-02-08,N02BA,4.0
2017-02-08,N02BE,36.0
2017-02-08,N05B,7.0
2017-02-08,N05C,0.0
2017-02-08,R03,10.0
2017-02-08,R06,2.0
2017-02-09,M01AB,3.98
2017-02-09,M01AE,1.76
2017-02-09,N02BA,4.0
2017-02-09,N02BE,20.4
2017-02-09,N05B,6.0
2017-02-09,N05C,0.0
2017-02-09,R03,0.0
2017-02-09,R06,1.0
2017-02-10,M01AB,4.01
2017-02-10,M01AE,3.34
2017-02-10,N02BA,4.75
2017-02-10,N02BE,23.2
2017-02-10,N05B,5.0
2017-02-10,N05C,0.0
2017-02-10,R03,2.0
2017-02-10,R06,0.0
2017-02-11,M01AB,5.33
2017-02-11,M01AE,6.32
2017-02-11,N02BA,5.1
2017-02-11,N02BE,12.4
2017-02-11,N05B,11.0
2017-02-11,N05C,1.0
2017-02-11,R03,1.0
2017-02-11,R06,3.0
2017-02-12,M01AB,10.0
2017-02-12,M01AE,10.67
2017-02-12,N02BA,7.8
2017-02-12,N02BE,27.4
2017-02-12,N05B,4.0
2017-02-12,N05C,0.0
2017-02-12,R03,2.0
2017-02-12,R06,1.0
2017-02-13,M01AB,0.0
2017-02-13,M01AE,0.0
2017-02-13,N02BA,0.0
2017-02-13,N02BE,0.0
2017-02-13,N05B,0.0
2017-02-13,N05C,0.0
2017-02-13,R03,0.0
2017-02-13,R06,0.0
2017-02-14,M01AB,4.33
2017-02-14,M01AE,5.0
2017-02-14,N02BA,2.1
2017-02-14,N02BE,22.0
2017-02-14,N05B,0.0
2017-02-14,N05C,0.0
2017-02-14,R03,1.0
2017-02-14,R06,1.0
2017-02-15,M01AB,6.0
2017-02-15,M01AE,2.67
2017-02-15,N02BA,2.0
2017-02-15,N02BE,19.2
2017-02-15,N05B,1.0
2017-02-15,N05C,0.0
2017-02-15,R03,1.0
2017-02-15,R06,1.0
2017-02-16,M01AB,3.66
2017-02-16,M01AE,4.66
2017-02-16,N02BA,1.0
2017-02-16,N02BE,31.6
2017-02-16,N05B,2.0
2017-02-16,N05C,0.0
2017-02-16,R03,0.0
2017-02-16,R06,3.0
2017-02-17,M01AB,3.0
2017-02-17,M01AE,2.8
2017-02-17,N02BA,2.1
2017-02-17,N02BE,12.25
2017-02-17,N05B,4.0
2017-02-17,N05C,0.0
2017-02-17,R03,8.0
2017-02-17,R06,1.2
2017-02-18,M01AB,7.0
2017-02-18,M01AE,4.0
2017-02-18,N02BA,2.35
2017-02-18,N02BE,30.0
2017-02-18,N05B,10.0
2017-02-18,N05C,0.0
2017-02-18,R03,0.0
2017-02-18,R06,3.1
2017-02-19,M01AB,3.34
2017-02-19,M01AE,3.52
2017-02-19,N02BA,2.2
2017-02-19,N02BE,13.0
2017-02-19,N05B,1.0
2017-02-19,N05C,0.0
2017-02-19,R03,8.0
2017-02-19,R06,1.0
2017-02-20,M01AB,5.0
2017-02-20,M01AE,3.76
2017-02-20,N02BA,4.5
2017-02-20,N02BE,33.1
2017-02-20,N05B,2.0
2017-02-20,N05C,0.0
2017-02-20,R03,1.0
2017-02-20,R06,3.0
2017-02-21,M01AB,5.0
2017-02-21,M01AE,4.16
2017-02-21,N02BA,4.0
2017-02-21,N02BE,22.9
2017-02-21,N05B,14.0
2017-02-21,N05C,0.0
2017-02-21,R03,8.0
2017-02-21,R06,1.0
2017-02-22,M01AB,3.67
2017-02-22,M01AE,2.43
2017-02-22,N02BA,7.2
2017-02-22,N02BE,21.1
2017-02-22,N05B,9.0
2017-02-22,N05C,0.0
2017-02-22,R03,5.0
2017-02-22,R06,0.0
2017-02-23,M01AB,6.67
2017-02-23,M01AE,5.67
2017-02-23,N02BA,4.05
2017-02-23,N02BE,24.1
2017-02-23,N05B,5.0
2017-02-23,N05C,1.0
2017-02-23,R03,8.0
2017-02-23,R06,2.0
2017-02-24,M01AB,1.0
2017-02-24,M01AE,4.67
2017-02-24,N02BA,4.0
2017-02-24,N02BE,29.8
2017-02-24,N05B,10.0
2017-02-24,N05C,1.0
2017-02-24,R03,7.0
2017-02-24,R06,1.0
2017-02-25,M01AB,6.0
2017-02-25,M01AE,6.34
2017-02-25,N02BA,5.25
2017-02-25,N02BE,24.0
2017-02-25,N05B,6.88
2017-02-25,N05C,0.0
2017-02-25,R03,2.0
2017-02-25,R06,0.0
2017-02-26,M01AB,5.33
2017-02-26,M01AE,5.33
2017-02-26,N02BA,3.2
2017-02-26,N02BE,15.7
2017-02-26,N05B,3.0
2017-02-26,N05C,0.0
2017-02-26,R03,5.0
2017-02-26,R06,1.2
2017-02-27,M01AB,5.67
2017-02-27,M01AE,3.68
2017-02-27,N02BA,7.0
2017-02-27,N02BE,16.4
2017-02-27,N05B,14.0
2017-02-27,N05C,0.0
2017-02-27,R03,7.0
2017-02-27,R06,2.0
2017-02-28,M01AB,5.34
2017-02-28,M01AE,5.02
2017-02-28,N02BA,7.5
2017-02-28,N02BE,26.4
2017-02-28,N05B,9.0
2017-02-28,N05C,2.0
2017-02-28,R03,18.0
2017-02-28,R06,0.0
2017-03-01,M01AB,4.0
2017-03-01,M01AE,4.66
2017-03-01,N02BA,5.0
2017-03-01,N02BE,15.1
2017-03-01,N05B,17.0
2017-03-01,N05C,0.0
2017-03-01,R03,5.0
2017-03-01,R06,2.0
2017-03-02,M01AB,5.0
2017-03-02,M01AE,7.13
2017-03-02,N02BA,3.0
2017-03-02,N02BE,13.0
2017-03-02,N05B,1.0
2017-03-02,N05C,1.0
2017-03-02,R03,1.0
2017-03-02,R06,2.0
2017-03-03,M01AB,9.0
2017-03-03,M01AE,2.99
2017-03-03,N02BA,4.0
2017-03-03,N02BE,12.9
2017-03-03,N05B,9.0
2017-03-03,N05C,1.0
2017-03-03,R03,6.0
2017-03-03,R06,4.0
2017-03-04,M01AB,5.01
2017-03-04,M01AE,3.67
2017-03-04,N02BA,3.1
2017-03-04,N02BE,17.0
2017-03-04,N05B,0.0
2017-03-04,N05C,0.0
2017-03-04,R03,5.0
2017-03-04,R06,4.5
2017-03-05,M01AB,12.33
2017-03-05,M01AE,4.33
2017-03-05,N02BA,5.0
2017-03-05,N02BE,33.9
2017-03-05,N05B,3.0
2017-03-05,N05C,0.0
2017-03-05,R03,6.0
2017-03-05,R06,5.0
2017-03-06,M01AB,6.83
2017-03-06,M01AE,2.33
2017-03-06,N02BA,1.1
2017-03-06,N02BE,19.6
2017-03-06,N05B,1.0
2017-03-06,N05C,0.0
2017-03-06,R03,0.0
2017-03-06,R06,3.0
2017-03-07,M01AB,2.34
2017-03-07,M01AE,5.33
2017-03-07,N02BA,6.5
2017-03-07,N02BE,15.0
2017-03-07,N05B,4.0
2017-03-07,N05C,0.0
2017-03-07,R03,0.0
2017-03-07,R06,2.0
2017-03-08,M01AB,1.0
2017-03-08,M01AE,2.34
2017-03-08,N02BA,0.0
2017-03-08,N02BE,15.2
2017-03-08,N05B,4.0
2017-03-08,N05C,0.0
2017-03-08,R03,0.0
2017-03-08,R06,3.0
2017-03-09,M01AB,11.33
2017-03-09,M01AE,2.33
2017-03-09,N02BA,6.0
2017-03-09,N02BE,26.9
2017-03-09,N05B,6.0
2017-03-09,N05C,1.0
2017-03-09,R03,0.0
2017-03-09,R06,2.5
2017-03-10,M01AB,2.0
2017-03-10,M01AE,4.33
2017-03-10,N02BA,4.6
2017-03-10,N02BE,26.3
2017-03-10,N05B,8.0
2017-03-10,N05C,1.0
2017-03-10,R03,0.0
2017-03-10,R06,1.0
2017-03-11,M01AB,6.33
2017-03-11,M01AE,4.07
2017-03-11,N02BA,6.0
2017-03-11,N02BE,20.1
2017-03-11,N05B,2.0
2017-03-11,N05C,1.0
2017-03-11,R03,5.0
2017-03-11,R06,3.5
2017-03-12,M01AB,7.68
2017-03-12,M01AE,7.01
2017-03-12,N02BA,2.0
2017-03-12,N02BE,48.0
2017-03-12,N05B,6.0
2017-03-12,N05C,4.0
2017-03-12,R03,15.0
2017-03-12,R06,2.0
2017-03-13,M01AB,2.33
2017-03-13,M01AE,0.68
2017-03-13,N02BA,2.7
2017-03-13,N02BE,17.8
2017-03-13,N05B,2.0
2017-03-13,N05C,0.0
2017-03-13,R03,10.0
2017-03-13,R06,0.0
2017-03-14,M01AB,2.67
2017-03-14,M01AE,1.34
2017-03-14,N02BA,3.0
2017-03-14,N02BE,15.0
2017-03-14,N05B,5.0
2017-03-14,N05C,0.0
2017-03-14,R03,5.0
2017-03-14,R06,1.0
2017-03-15,M01AB,3.66
2017-03-15,M01AE,1.7
2017-03-15,N02BA,2.5
2017-03-15,N02BE,14.6
2017-03-15,N05B,4.0
2017-03-15,N05C,0.0
2017-03-15,R03,0.0
2017-03-15,R06,0.0
2017-03-16,M01AB,6.0
2017-03-16,M01AE,4.06
2017-03-16,N02BA,4.75
2017-03-16,N02BE,28.2
2017-03-16,N05B,4.0
2017-03-16,N05C,0.0
2017-03-16,R03,1.0
2017-03-16,R06,3.0
2017-03-17,M01AB,4.33
2017-03-17,M01AE,2.8
2017-03-17,N02BA,0.0
2017-03-17,N02BE,11.0
2017-03-17,N05B,14.0
2017-03-17,N05C,0.0
2017-03-17,R03,3.0
2017-03-17,R06,3.0
2017-03-18,M01AB,5.0
2017-03-18,M01AE,4.38
2017-03-18,N02BA,4.25
2017-03-18,N02BE,20.4
2017-03-18,N05B,3.0
2017-03-18,N05C,0.0
2017-03-18,R03,1.0
2017-03-18,R06,1.0
2017-03-19,M01AB,10.0
2017-03-19,M01AE,3.69
2017-03-19,N02BA,2.0
2017-03-19,N02BE,39.1
2017-03-19,N05B,3.0
2017-03-19,N05C,0.0
2017-03-19,R03,5.0
2017-03-19,R06,3.0
2017-03-20,M01AB,1.66
2017-03-20,M01AE,6.68
2017-03-20,N02BA,4.7
2017-03-20,N02BE,16.1
2017-03-20,N05B,3.0
2017-03-20,N05C,0.0
2017-03-20,R03,7.0
2017-03-20,R06,3.0
2017-03-21,M01AB,9.16
2017-03-21,M01AE,2.03
2017-03-21,N02BA,2.2
2017-03-21,N02BE,12.6
2017-03-21,N05B,4.0
2017-03-21,N05C,0.0
2017-03-21,R03,1.0
2017-03-21,R06,5.3
2017-03-22,M01AB,1.66
2017-03-22,M01AE,5.02
2017-03-22,N02BA,2.0
2017-03-22,N02BE,16.4
2017-03-22,N05B,7.0
2017-03-22,N05C,0.0
2017-03-22,R03,2.0
2017-03-22,R06,2.0
2017-03-23,M01AB,7.34
2017-03-23,M01AE,2.13
2017-03-23,N02BA,1.0
2017-03-23,N02BE,13.3
2017-03-23,N05B,8.0
2017-03-23,N05C,0.0
2017-03-23,R03,6.0
2017-03-23,R06,3.5
2017-03-24,M01AB,1.67
2017-03-24,M01AE,3.0
2017-03-24,N02BA,4.5
2017-03-24,N02BE,12.3
2017-03-24,N05B,7.0
2017-03-24,N05C,0.0
2017-03-24,R03,5.0
2017-03-24,R06,6.3
2017-03-25,M01AB,10.0
2017-03-25,M01AE,5.49
2017-03-25,N02BA,1.0
2017-03-25,N02BE,33.3
2017-03-25,N05B,3.0
2017-03-25,N05C,0.0
2017-03-25,R03,0.0
2017-03-25,R06,4.0
2017-03-26,M01AB,5.34
2017-03-26,M01AE,5.36
2017-03-26,N02BA,3.45
2017-03-26,N02BE,18.0
2017-03-26,N05B,4.0
2017-03-26,N05C,0.0
2017-03-26,R03,10.0
2017-03-26,R06,8.0
2017-03-27,M01AB,4.84
2017-03-27,M01AE,3.46
2017-03-27,N02BA,3.5
2017-03-27,N02BE,14.8
2017-03-27,N05B,5.0
2017-03-27,N05C,0.0
2017-03-27,R03,1.0
2017-03-27,R06,4.0
2017-03-28,M01AB,2.67
2017-03-28,M01AE,2.67
2017-03-28,N02BA,7.0
2017-03-28,N02BE,22.0
2017-03-28,N05B,14.0
2017-03-28,N05C,0.0
2017-03-28,R03,0.0
2017-03-28,R06,6.0
2017-03-29,M01AB,6.34
2017-03-29,M01AE,1.34
2017-03-29,N02BA,4.0
2017-03-29,N02BE,12.9
2017-03-29,N05B,3.0
2017-03-29,N05C,0.0
2017-03-29,R03,7.0
2017-03-29,R06,4.5
2017-03-30,M01AB,1.33
2017-03-30,M01AE,2.69
2017-03-30,N02BA,5.0
2017-03-30,N02BE,9.5
2017-03-30,N05B,9.0
2017-03-30,N05C,0.0
2017-03-30,R03,0.0
2017-03-30,R06,2.0
2017-03-31,M01AB,4.0
2017-03-31,M01AE,2.0
2017-03-31,N02BA,3.5
2017-03-31,N02BE,22.2
2017-03-31,N05B,2.0
2017-03-31,N05C,0.0
2017-03-31,R03,2.0
2017-03-31,R06,6.0
2017-04-01,M01AB,2.33
2017-04-01,M01AE,2.0
2017-04-01,N02BA,2.0
2017-04-01,N02BE,34.0
2017-04-01,N05B,2.0
2017-04-01,N05C,0.0
2017-04-01,R03,1.0
2017-04-01,R06,3.0
2017-04-02,M01AB,6.67
2017-04-02,M01AE,4.22
2017-04-02,N02BA,4.0
2017-04-02,N02BE,23.0
2017-04-02,N05B,4.0
2017-04-02,N05C,0.0
2017-04-02,R03,9.0
2017-04-02,R06,12.4
2017-04-03,M01AB,6.33
2017-04-03,M01AE,1.0
2017-04-03,N02BA,5.6
2017-04-03,N02BE,25.6
2017-04-03,N05B,8.0
2017-04-03,N05C,0.0
2017-04-03,R03,20.0
2017-04-03,R06,3.0
2017-04-04,M01AB,0.33
2017-04-04,M01AE,1.03
2017-04-04,N02BA,2.2
2017-04-04,N02BE,8.0
2017-04-04,N05B,2.0
2017-04-04,N05C,0.0
2017-04-04,R03,5.0
2017-04-04,R06,5.5
2017-04-05,M01AB,5.0
2017-04-05,M01AE,0.23
2017-04-05,N02BA,0.2
2017-04-05,N02BE,13.6
2017-04-05,N05B,9.0
2017-04-05,N05C,2.0
2017-04-05,R03,6.0
2017-04-05,R06,1.0
2017-04-06,M01AB,5.0
2017-04-06,M01AE,0.66
2017-04-06,N02BA,3.1
2017-04-06,N02BE,10.9
2017-04-06,N05B,4.0
2017-04-06,N05C,1.0
2017-04-06,R03,0.0
2017-04-06,R06,1.0
2017-04-07,M01AB,3.5
2017-04-07,M01AE,4.0
2017-04-07,N02BA,2.0
2017-04-07,N02BE,16.0
2017-04-07,N05B,5.0
2017-04-07,N05C,0.0
2017-04-07,R03,5.0
2017-04-07,R06,5.0
2017-04-08,M01AB,7.51
2017-04-08,M01AE,8.76
2017-04-08,N02BA,2.05
2017-04-08,N02BE,23.0
2017-04-08,N05B,3.0
2017-04-08,N05C,0.0
2017-04-08,R03,11.0
2017-04-08,R06,6.0
2017-04-09,M01AB,4.99
2017-04-09,M01AE,5.34
2017-04-09,N02BA,8.25
2017-04-09,N02BE,22.0
2017-04-09,N05B,3.0
2017-04-09,N05C,0.0
2017-04-09,R03,0.0
2017-04-09,R06,1.0
2017-04-10,M01AB,8.66
2017-04-10,M01AE,1.36
2017-04-10,N02BA,1.05
2017-04-10,N02BE,27.5
2017-04-10,N05B,1.0
2017-04-10,N05C,0.0
2017-04-10,R03,4.0
2017-04-10,R06,4.0
2017-04-11,M01AB,4.0
2017-04-11,M01AE,2.33
2017-04-11,N02BA,3.0
2017-04-11,N02BE,17.0
2017-04-11,N05B,5.0
2017-04-11,N05C,0.0
2017-04-11,R03,11.0
2017-04-11,R06,1.0
2017-04-12,M01AB,11.99
2017-04-12,M01AE,3.32
2017-04-12,N02BA,3.35
2017-04-12,N02BE,11.0
2017-04-12,N05B,10.0
2017-04-12,N05C,2.0
2017-04-12,R03,10.0
2017-04-12,R06,4.0
2017-04-13,M01AB,5.0
2017-04-13,M01AE,2.44
2017-04-13,N02BA,2.0
2017-04-13,N02BE,30.9
2017-04-13,N05B,1.0
2017-04-13,N05C,0.0
2017-04-13,R03,2.0
2017-04-13,R06,5.0
2017-04-14,M01AB,7.34
2017-04-14,M01AE,4.98
2017-04-14,N02BA,5.0
2017-04-14,N02BE,13.0
2017-04-14,N05B,3.0
2017-04-14,N05C,0.0
2017-04-14,R03,16.0
2017-04-14,R06,4.0
2017-04-15,M01AB,11.67
2017-04-15,M01AE,1.47
2017-04-15,N02BA,4.0
2017-04-15,N02BE,27.25
2017-04-15,N05B,1.0
2017-04-15,N05C,0.0
2017-04-15,R03,15.0
2017-04-15,R06,5.2
2017-04-16,M01AB,0.0
2017-04-16,M01AE,0.0
2017-04-16,N02BA,0.0
2017-04-16,N02BE,0.0
2017-04-16,N05B,0.0
2017-04-16,N05C,0.0
2017-04-16,R03,0.0
2017-04-16,R06,0.0
2017-04-17,M01AB,4.0
2017-04-17,M01AE,3.99
2017-04-17,N02BA,1.9
2017-04-17,N02BE,18.4
2017-04-17,N05B,1.0
2017-04-17,N05C,0.0
2017-04-17,R03,5.0
2017-04-17,R06,1.0
2017-04-18,M01AB,7.33
2017-04-18,M01AE,4.67
2017-04-18,N02BA,6.3
2017-04-18,N02BE,15.4
2017-04-18,N05B,8.0
2017-04-18,N05C,1.0
2017-04-18,R03,2.0
2017-04-18,R06,2.0
2017-04-19,M01AB,1.0
2017-04-19,M01AE,3.41
2017-04-19,N02BA,5.0
2017-04-19,N02BE,14.0
2017-04-19,N05B,2.0
2017-04-19,N05C,0.0
2017-04-19,R03,0.0
2017-04-19,R06,1.0
2017-04-20,M01AB,4.66
2017-04-20,M01AE,2.33
2017-04-20,N02BA,5.0
2017-04-20,N02BE,9.4
2017-04-20,N05B,10.0
2017-04-20,N05C,0.0
2017-04-20,R03,7.0
2017-04-20,R06,2.0
2017-04-21,M01AB,3.67
2017-04-21,M01AE,2.34
2017-04-21,N02BA,2.4
2017-04-21,N02BE,29.0
2017-04-21,N05B,3.0
2017-04-21,N05C,0.0
2017-04-21,R03,1.88
2017-04-21,R06,3.0
2017-04-22,M01AB,2.64
2017-04-22,M01AE,4.66
2017-04-22,N02BA,2.8
2017-04-22,N02BE,19.0
2017-04-22,N05B,7.0
2017-04-22,N05C,1.0
2017-04-22,R03,1.0
2017-04-22,R06,2.0
2017-04-23,M01AB,9.0
2017-04-23,M01AE,5.42
2017-04-23,N02BA,3.6
2017-04-23,N02BE,25.5
2017-04-23,N05B,7.0
2017-04-23,N05C,0.0
2017-04-23,R03,1.0
2017-04-23,R06,5.0
2017-04-24,M01AB,9.33
2017-04-24,M01AE,3.81
2017-04-24,N02BA,8.0
2017-04-24,N02BE,13.15
2017-04-24,N05B,9.0
2017-04-24,N05C,0.0
2017-04-24,R03,1.0
2017-04-24,R06,5.0
2017-04-25,M01AB,8.0
2017-04-25,M01AE,2.99
2017-04-25,N02BA,2.2
2017-04-25,N02BE,24.0
2017-04-25,N05B,4.0
2017-04-25,N05C,0.0
2017-04-25,R03,26.0
2017-04-25,R06,5.0
2017-04-26,M01AB,3.0
2017-04-26,M01AE,4.0
2017-04-26,N02BA,3.5
2017-04-26,N02BE,10.2
2017-04-26,N05B,3.0
2017-04-26,N05C,0.0
2017-04-26,R03,1.0
2017-04-26,R06,8.3
2017-04-27,M01AB,3.33
2017-04-27,M01AE,3.74
2017-04-27,N02BA,2.3
2017-04-27,N02BE,11.0
2017-04-27,N05B,10.0
2017-04-27,N05C,1.0
2017-04-27,R03,0.0
2017-04-27,R06,10.0
2017-04-28,M01AB,3.33
2017-04-28,M01AE,3.67
2017-04-28,N02BA,5.1
2017-04-28,N02BE,15.4
2017-04-28,N05B,2.0
2017-04-28,N05C,0.0
2017-04-28,R03,7.0
2017-04-28,R06,7.0
2017-04-29,M01AB,5.0
2017-04-29,M01AE,9.0
2017-04-29,N02BA,2.3
2017-04-29,N02BE,15.0
2017-04-29,N05B,3.0
2017-04-29,N05C,1.0
2017-04-29,R03,1.0
2017-04-29,R06,8.0
2017-04-30,M01AB,1.0
2017-04-30,M01AE,4.05
2017-04-30,N02BA,2.3
2017-04-30,N02BE,18.0
2017-04-30,N05B,2.0
2017-04-30,N05C,0.0
2017-04-30,R03,12.0
2017-04-30,R06,2.0
2017-05-01,M01AB,0.34
2017-05-01,M01AE,1.0
2017-05-01,N02BA,1.0
2017-05-01,N02BE,1.2
2017-05-01,N05B,0.0
2017-05-01,N05C,0.0
2017-05-01,R03,0.0
2017-05-01,R06,1.0
2017-05-02,M01AB,2.0
2017-05-02,M01AE,6.03
2017-05-02,N02BA,1.0
2017-05-02,N02BE,23.0
2017-05-02,N05B,5.0
2017-05-02,N05C,0.0
2017-05-02,R03,6.0
2017-05-02,R06,5.0
2017-05-03,M01AB,1.33
2017-05-03,M01AE,3.34
2017-05-03,N02BA,6.0
2017-05-03,N02BE,18.2
2017-05-03,N05B,6.0
2017-05-03,N05C,0.0
2017-05-03,R03,20.0
2017-05-03,R06,2.0
2017-05-04,M01AB,5.67
2017-05-04,M01AE,5.66
2017-05-04,N02BA,1.0
2017-05-04,N02BE,11.6
2017-05-04,N05B,4.0
2017-05-04,N05C,0.0
2017-05-04,R03,2.0
2017-05-04,R06,4.1
2017-05-05,M01AB,2.34
2017-05-05,M01AE,5.33
2017-05-05,N02BA,1.15
2017-05-05,N02BE,6.6
2017-05-05,N05B,8.0
2017-05-05,N05C,0.0
2017-05-05,R03,12.0
2017-05-05,R06,3.0
2017-05-06,M01AB,7.33
2017-05-06,M01AE,2.36
2017-05-06,N02BA,4.4
2017-05-06,N02BE,14.0
2017-05-06,N05B,4.0
2017-05-06,N05C,0.0
2017-05-06,R03,0.0
2017-05-06,R06,6.0
2017-05-07,M01AB,6.33
2017-05-07,M01AE,3.67
2017-05-07,N02BA,4.5
2017-05-07,N02BE,18.25
2017-05-07,N05B,3.0
2017-05-07,N05C,0.0
2017-05-07,R03,4.0
2017-05-07,R06,4.0
2017-05-08,M01AB,2.33
2017-05-08,M01AE,3.66
2017-05-08,N02BA,1.0
2017-05-08,N02BE,8.0
2017-05-08,N05B,8.0
2017-05-08,N05C,3.0
2017-05-08,R03,1.0
2017-05-08,R06,5.6
2017-05-09,M01AB,7.33
2017-05-09,M01AE,4.0
2017-05-09,N02BA,4.1
2017-05-09,N02BE,11.0
2017-05-09,N05B,4.0
2017-05-09,N05C,0.0
2017-05-09,R03,2.0
2017-05-09,R06,3.0
2017-05-10,M01AB,8.66
2017-05-10,M01AE,0.4
2017-05-10,N02BA,9.0
2017-05-10,N02BE,15.0
2017-05-10,N05B,4.0
2017-05-10,N05C,0.0
2017-05-10,R03,14.0
2017-05-10,R06,7.0
2017-05-11,M01AB,6.0
2017-05-11,M01AE,6.69
2017-05-11,N02BA,3.0
2017-05-11,N02BE,16.0
2017-05-11,N05B,6.0
2017-05-11,N05C,2.0
2017-05-11,R03,1.0
2017-05-11,R06,10.0
2017-05-12,M01AB,4.99
2017-05-12,M01AE,4.7
2017-05-12,N02BA,6.0
2017-05-12,N02BE,16.4
2017-05-12,N05B,4.0
2017-05-12,N05C,9.0
2017-05-12,R03,0.0
2017-05-12,R06,6.0
2017-05-13,M01AB,5.0
2017-05-13,M01AE,2.36
2017-05-13,N02BA,6.0
2017-05-13,N02BE,12.0
2017-05-13,N05B,4.0
2017-05-13,N05C,0.0
2017-05-13,R03,1.0
2017-05-13,R06,7.0
2017-05-14,M01AB,4.67
2017-05-14,M01AE,2.08
2017-05-14,N02BA,2.85
2017-05-14,N02BE,31.5
2017-05-14,N05B,6.0
2017-05-14,N05C,0.0
2017-05-14,R03,5.0
2017-05-14,R06,2.1
2017-05-15,M01AB,5.34
2017-05-15,M01AE,4.7
2017-05-15,N02BA,2.0
2017-05-15,N02BE,17.0
2017-05-15,N05B,0.0
2017-05-15,N05C,3.0
2017-05-15,R03,3.0
2017-05-15,R06,7.0
2017-05-16,M01AB,2.33
2017-05-16,M01AE,5.66
2017-05-16,N02BA,1.5
2017-05-16,N02BE,16.2
2017-05-16,N05B,2.0
2017-05-16,N05C,0.0
2017-05-16,R03,6.0
2017-05-16,R06,7.0
2017-05-17,M01AB,6.34
2017-05-17,M01AE,4.84
2017-05-17,N02BA,0.0
2017-05-17,N02BE,9.0
2017-05-17,N05B,5.0
2017-05-17,N05C,0.0
2017-05-17,R03,0.0
2017-05-17,R06,2.0
2017-05-18,M01AB,3.33
2017-05-18,M01AE,5.01
2017-05-18,N02BA,4.0
2017-05-18,N02BE,28.2
2017-05-18,N05B,4.0
2017-05-18,N05C,0.0
2017-05-18,R03,0.0
2017-05-18,R06,3.0
2017-05-19,M01AB,4.34
2017-05-19,M01AE,3.44
2017-05-19,N02BA,2.2
2017-05-19,N02BE,31.6
2017-05-19,N05B,11.0
2017-05-19,N05C,0.0
2017-05-19,R03,0.0
2017-05-19,R06,10.0
2017-05-20,M01AB,3.99
2017-05-20,M01AE,4.71
2017-05-20,N02BA,0.25
2017-05-20,N02BE,16.4
2017-05-20,N05B,5.0
2017-05-20,N05C,0.0
2017-05-20,R03,6.0
2017-05-20,R06,6.0
2017-05-21,M01AB,6.0
2017-05-21,M01AE,3.04
2017-05-21,N02BA,1.25
2017-05-21,N02BE,32.2
2017-05-21,N05B,5.0
2017-05-21,N05C,0.0
2017-05-21,R03,12.0
2017-05-21,R06,4.0
2017-05-22,M01AB,5.33
2017-05-22,M01AE,1.34
2017-05-22,N02BA,4.4
2017-05-22,N02BE,22.4
2017-05-22,N05B,5.0
2017-05-22,N05C,0.0
2017-05-22,R03,7.0
2017-05-22,R06,11.0
2017-05-23,M01AB,3.0
2017-05-23,M01AE,2.41
2017-05-23,N02BA,5.0
2017-05-23,N02BE,11.0
2017-05-23,N05B,9.0
2017-05-23,N05C,0.0
2017-05-23,R03,2.0
2017-05-23,R06,7.0
2017-05-24,M01AB,6.68
2017-05-24,M01AE,3.34
2017-05-24,N02BA,3.0
2017-05-24,N02BE,14.2
2017-05-24,N05B,9.0
2017-05-24,N05C,0.0
2017-05-24,R03,4.0
2017-05-24,R06,4.71
2017-05-25,M01AB,5.66
2017-05-25,M01AE,5.36
2017-05-25,N02BA,2.0
2017-05-25,N02BE,18.2
2017-05-25,N05B,3.0
2017-05-25,N05C,0.0
2017-05-25,R03,2.0
2017-05-25,R06,4.3
2017-05-26,M01AB,2.34
2017-05-26,M01AE,3.67
2017-05-26,N02BA,5.0
2017-05-26,N02BE,29.0
2017-05-26,N05B,4.0
2017-05-26,N05C,0.0
2017-05-26,R03,8.0
2017-05-26,R06,2.0
2017-05-27,M01AB,7.33
2017-05-27,M01AE,3.22
2017-05-27,N02BA,2.0
2017-05-27,N02BE,23.4
2017-05-27,N05B,5.0
2017-05-27,N05C,0.0
2017-05-27,R03,0.0
2017-05-27,R06,10.0
2017-05-28,M01AB,1.99
2017-05-28,M01AE,6.24
2017-05-28,N02BA,2.45
2017-05-28,N02BE,11.19
2017-05-28,N05B,2.0
2017-05-28,N05C,0.0
2017-05-28,R03,0.0
2017-05-28,R06,3.0
2017-05-29,M01AB,3.34
2017-05-29,M01AE,4.02
2017-05-29,N02BA,1.6
2017-05-29,N02BE,28.0
2017-05-29,N05B,4.0
2017-05-29,N05C,2.0
2017-05-29,R03,4.0
2017-05-29,R06,5.0
2017-05-30,M01AB,8.0
2017-05-30,M01AE,3.4
2017-05-30,N02BA,4.3
2017-05-30,N02BE,25.0
2017-05-30,N05B,3.0
2017-05-30,N05C,0.0
2017-05-30,R03,5.0
2017-05-30,R06,5.0
2017-05-31,M01AB,4.0
2017-05-31,M01AE,2.43
2017-05-31,N02BA,7.0
2017-05-31,N02BE,12.2
2017-05-31,N05B,6.0
2017-05-31,N05C,4.0
2017-05-31,R03,1.0
2017-05-31,R06,5.0
2017-06-01,M01AB,1.34
2017-06-01,M01AE,3.67
2017-06-01,N02BA,2.0
2017-06-01,N02BE,21.4
2017-06-01,N05B,10.0
2017-06-01,N05C,0.0
2017-06-01,R03,2.0
2017-06-01,R06,2.0
2017-06-02,M01AB,2.33
2017-06-02,M01AE,4.0
2017-06-02,N02BA,4.0
2017-06-02,N02BE,17.4
2017-06-02,N05B,9.0
2017-06-02,N05C,1.0
2017-06-02,R03,5.0
2017-06-02,R06,3.0
2017-06-03,M01AB,5.0
2017-06-03,M01AE,1.73
2017-06-03,N02BA,3.0
2017-06-03,N02BE,10.0
2017-06-03,N05B,3.0
2017-06-03,N05C,1.0
2017-06-03,R03,22.0
2017-06-03,R06,2.0
2017-06-04,M01AB,7.0
2017-06-04,M01AE,1.75
2017-06-04,N02BA,2.25
2017-06-04,N02BE,23.4
2017-06-04,N05B,3.0
2017-06-04,N05C,1.0
2017-06-04,R03,5.0
2017-06-04,R06,4.0
2017-06-05,M01AB,3.33
2017-06-05,M01AE,5.99
2017-06-05,N02BA,4.5
2017-06-05,N02BE,9.7
2017-06-05,N05B,5.0
2017-06-05,N05C,0.0
2017-06-05,R03,0.0
2017-06-05,R06,8.0
2017-06-06,M01AB,1.0
2017-06-06,M01AE,3.0
2017-06-06,N02BA,0.0
2017-06-06,N02BE,18.0
2017-06-06,N05B,3.0
2017-06-06,N05C,0.0
2017-06-06,R03,6.0
2017-06-06,R06,7.5
2017-06-07,M01AB,5.33
2017-06-07,M01AE,4.69
2017-06-07,N02BA,4.0
2017-06-07,N02BE,21.0
2017-06-07,N05B,13.0
2017-06-07,N05C,0.0
2017-06-07,R03,20.0
2017-06-07,R06,7.0
2017-06-08,M01AB,5.0
2017-06-08,M01AE,1.82
2017-06-08,N02BA,3.15
2017-06-08,N02BE,21.0
2017-06-08,N05B,4.0
2017-06-08,N05C,0.0
2017-06-08,R03,2.0
2017-06-08,R06,4.2
2017-06-09,M01AB,1.33
2017-06-09,M01AE,4.09
2017-06-09,N02BA,3.1
2017-06-09,N02BE,10.0
2017-06-09,N05B,2.0
2017-06-09,N05C,0.0
2017-06-09,R03,0.0
2017-06-09,R06,6.0
2017-06-10,M01AB,9.0
2017-06-10,M01AE,7.01
2017-06-10,N02BA,4.0
2017-06-10,N02BE,15.0
2017-06-10,N05B,2.0
2017-06-10,N05C,0.0
2017-06-10,R03,7.0
2017-06-10,R06,3.0
2017-06-11,M01AB,5.5
2017-06-11,M01AE,3.99
2017-06-11,N02BA,8.5
2017-06-11,N02BE,28.25
2017-06-11,N05B,8.0
2017-06-11,N05C,0.0
2017-06-11,R03,2.0
2017-06-11,R06,3.0
2017-06-12,M01AB,4.34
2017-06-12,M01AE,3.34
2017-06-12,N02BA,1.0
2017-06-12,N02BE,13.6
2017-06-12,N05B,3.0
2017-06-12,N05C,0.0
2017-06-12,R03,13.0
2017-06-12,R06,12.0
2017-06-13,M01AB,2.99
2017-06-13,M01AE,3.02
2017-06-13,N02BA,3.0
2017-06-13,N02BE,8.0
2017-06-13,N05B,9.0
2017-06-13,N05C,0.0
2017-06-13,R03,0.0
2017-06-13,R06,9.1
2017-06-14,M01AB,1.33
2017-06-14,M01AE,1.33
2017-06-14,N02BA,1.0
2017-06-14,N02BE,9.0
2017-06-14,N05B,6.0
2017-06-14,N05C,3.0
2017-06-14,R03,5.0
2017-06-14,R06,3.0
2017-06-15,M01AB,3.0
2017-06-15,M01AE,4.33
2017-06-15,N02BA,3.15
2017-06-15,N02BE,15.0
2017-06-15,N05B,10.0
2017-06-15,N05C,0.0
2017-06-15,R03,5.0
2017-06-15,R06,6.5
2017-06-16,M01AB,4.0
2017-06-16,M01AE,2.01
2017-06-16,N02BA,0.0
2017-06-16,N02BE,12.25
2017-06-16,N05B,6.0
2017-06-16,N05C,0.0
2017-06-16,R03,0.0
2017-06-16,R06,5.44
2017-06-17,M01AB,2.0
2017-06-17,M01AE,8.73
2017-06-17,N02BA,5.0
2017-06-17,N02BE,12.0
2017-06-17,N05B,4.0
2017-06-17,N05C,0.0
2017-06-17,R03,5.0
2017-06-17,R06,5.0
2017-06-18,M01AB,4.0
2017-06-18,M01AE,7.34
2017-06-18,N02BA,1.1
2017-06-18,N02BE,26.6
2017-06-18,N05B,2.0
2017-06-18,N05C,0.0
2017-06-18,R03,12.0
2017-06-18,R06,3.33
2017-06-19,M01AB,1.33
2017-06-19,M01AE,1.98
2017-06-19,N02BA,1.0
2017-06-19,N02BE,18.0
2017-06-19,N05B,1.0
2017-06-19,N05C,1.0
2017-06-19,R03,8.0
2017-06-19,R06,3.0
2017-06-20,M01AB,9.33
2017-06-20,M01AE,1.0
2017-06-20,N02BA,5.1
2017-06-20,N02BE,12.0
2017-06-20,N05B,5.0
2017-06-20,N05C,0.0
2017-06-20,R03,5.0
2017-06-20,R06,8.63
2017-06-21,M01AB,4.0
2017-06-21,M01AE,1.33
2017-06-21,N02BA,2.0
2017-06-21,N02BE,21.0
2017-06-21,N05B,4.0
2017-06-21,N05C,0.0
2017-06-21,R03,2.0
2017-06-21,R06,5.4
2017-06-22,M01AB,1.0
2017-06-22,M01AE,3.34
2017-06-22,N02BA,0.0
2017-06-22,N02BE,7.0
2017-06-22,N05B,4.0
2017-06-22,N05C,0.0
2017-06-22,R03,8.0
2017-06-22,R06,11.0
2017-06-23,M01AB,1.0
2017-06-23,M01AE,1.34
2017-06-23,N02BA,2.0
2017-06-23,N02BE,16.0
2017-06-23,N05B,5.0
2017-06-23,N05C,0.0
2017-06-23,R03,0.0
2017-06-23,R06,1.2
2017-06-24,M01AB,5.0
2017-06-24,M01AE,3.65
2017-06-24,N02BA,6.0
2017-06-24,N02BE,32.0
2017-06-24,N05B,8.0
2017-06-24,N05C,1.0
2017-06-24,R03,0.0
2017-06-24,R06,1.0
2017-06-25,M01AB,6.5
2017-06-25,M01AE,2.34
2017-06-25,N02BA,6.0
2017-06-25,N02BE,22.0
2017-06-25,N05B,4.0
2017-06-25,N05C,0.0
2017-06-25,R03,0.0
2017-06-25,R06,4.6
2017-06-26,M01AB,7.68
2017-06-26,M01AE,3.03
2017-06-26,N02BA,6.25
2017-06-26,N02BE,10.0
2017-06-26,N05B,11.0
2017-06-26,N05C,0.0
2017-06-26,R03,0.0
2017-06-26,R06,3.0
2017-06-27,M01AB,4.0
2017-06-27,M01AE,3.32
2017-06-27,N02BA,6.0
2017-06-27,N02BE,13.5
2017-06-27,N05B,9.0
2017-06-27,N05C,0.0
2017-06-27,R03,3.0
2017-06-27,R06,6.0
2017-06-28,M01AB,4.0
2017-06-28,M01AE,4.03
2017-06-28,N02BA,4.5
2017-06-28,N02BE,18.0
2017-06-28,N05B,7.0
2017-06-28,N05C,0.0
2017-06-28,R03,5.0
2017-06-28,R06,3.0
2017-06-29,M01AB,4.0
2017-06-29,M01AE,3.67
2017-06-29,N02BA,6.0
2017-06-29,N02BE,17.0
2017-06-29,N05B,1.0
2017-06-29,N05C,0.0
2017-06-29,R03,21.0
2017-06-29,R06,5.0
2017-06-30,M01AB,6.67
2017-06-30,M01AE,2.13
2017-06-30,N02BA,2.0
2017-06-30,N02BE,18.0
2017-06-30,N05B,2.0
2017-06-30,N05C,0.0
2017-06-30,R03,0.0
2017-06-30,R06,6.0
2017-07-01,M01AB,3.33
2017-07-01,M01AE,2.33
2017-07-01,N02BA,1.0
2017-07-01,N02BE,10.0
2017-07-01,N05B,5.0
2017-07-01,N05C,0.0
2017-07-01,R03,10.0
2017-07-01,R06,4.0
2017-07-02,M01AB,5.0
2017-07-02,M01AE,3.68
2017-07-02,N02BA,2.0
2017-07-02,N02BE,9.0
2017-07-02,N05B,6.0
2017-07-02,N05C,0.0
2017-07-02,R03,0.0
2017-07-02,R06,4.0
2017-07-03,M01AB,3.67
2017-07-03,M01AE,0.0
2017-07-03,N02BA,1.5
2017-07-03,N02BE,8.0
2017-07-03,N05B,11.0
2017-07-03,N05C,0.0
2017-07-03,R03,11.0
2017-07-03,R06,0.0
2017-07-04,M01AB,10.67
2017-07-04,M01AE,2.34
2017-07-04,N02BA,5.0
2017-07-04,N02BE,18.0
2017-07-04,N05B,7.0
2017-07-04,N05C,0.0
2017-07-04,R03,0.0
2017-07-04,R06,6.0
2017-07-05,M01AB,4.5
2017-07-05,M01AE,1.66
2017-07-05,N02BA,2.0
2017-07-05,N02BE,16.0
2017-07-05,N05B,20.0
2017-07-05,N05C,0.0
2017-07-05,R03,22.0
2017-07-05,R06,6.0
2017-07-06,M01AB,4.33
2017-07-06,M01AE,7.0
2017-07-06,N02BA,4.0
2017-07-06,N02BE,20.6
2017-07-06,N05B,3.0
2017-07-06,N05C,1.0
2017-07-06,R03,1.0
2017-07-06,R06,1.0
2017-07-07,M01AB,5.0
2017-07-07,M01AE,2.0
2017-07-07,N02BA,4.1
2017-07-07,N02BE,17.0
2017-07-07,N05B,6.0
2017-07-07,N05C,0.0
2017-07-07,R03,1.0
2017-07-07,R06,0.0
2017-07-08,M01AB,4.99
2017-07-08,M01AE,4.09
2017-07-08,N02BA,5.0
2017-07-08,N02BE,16.0
2017-07-08,N05B,12.0
2017-07-08,N05C,0.0
2017-07-08,R03,1.0
2017-07-08,R06,3.0
2017-07-09,M01AB,2.33
2017-07-09,M01AE,7.16
2017-07-09,N02BA,0.5
2017-07-09,N02BE,15.0
2017-07-09,N05B,4.0
2017-07-09,N05C,0.0
2017-07-09,R03,1.0
2017-07-09,R06,4.0
2017-07-10,M01AB,2.0
2017-07-10,M01AE,4.35
2017-07-10,N02BA,4.0
2017-07-10,N02BE,12.0
2017-07-10,N05B,5.0
2017-07-10,N05C,2.0
2017-07-10,R03,7.0
2017-07-10,R06,3.0
2017-07-11,M01AB,3.34
2017-07-11,M01AE,0.68
2017-07-11,N02BA,0.0
2017-07-11,N02BE,18.0
2017-07-11,N05B,2.0
2017-07-11,N05C,0.0
2017-07-11,R03,7.0
2017-07-11,R06,2.0
2017-07-12,M01AB,2.0
2017-07-12,M01AE,5.34
2017-07-12,N02BA,0.0
2017-07-12,N02BE,15.4
2017-07-12,N05B,12.0
2017-07-12,N05C,0.0
2017-07-12,R03,3.0
2017-07-12,R06,0.0
2017-07-13,M01AB,3.33
2017-07-13,M01AE,3.34
2017-07-13,N02BA,2.15
2017-07-13,N02BE,9.6
2017-07-13,N05B,5.0
2017-07-13,N05C,3.0
2017-07-13,R03,3.0
2017-07-13,R06,2.0
2017-07-14,M01AB,2.33
2017-07-14,M01AE,3.76
2017-07-14,N02BA,2.0
2017-07-14,N02BE,16.0
2017-07-14,N05B,8.0
2017-07-14,N05C,0.0
2017-07-14,R03,5.0
2017-07-14,R06,3.0
2017-07-15,M01AB,3.33
2017-07-15,M01AE,9.34
2017-07-15,N02BA,3.0
2017-07-15,N02BE,21.0
2017-07-15,N05B,3.0
2017-07-15,N05C,0.0
2017-07-15,R03,0.0
2017-07-15,R06,2.0
2017-07-16,M01AB,11.34
2017-07-16,M01AE,9.34
2017-07-16,N02BA,3.0
2017-07-16,N02BE,19.0
2017-07-16,N05B,6.0
2017-07-16,N05C,0.0
2017-07-16,R03,0.0
2017-07-16,R06,1.0
2017-07-17,M01AB,9.0
2017-07-17,M01AE,4.75
2017-07-17,N02BA,3.0
2017-07-17,N02BE,16.4
2017-07-17,N05B,6.0
2017-07-17,N05C,2.0
2017-07-17,R03,4.0
2017-07-17,R06,3.0
2017-07-18,M01AB,9.67
2017-07-18,M01AE,5.67
2017-07-18,N02BA,1.5
2017-07-18,N02BE,14.0
2017-07-18,N05B,8.0
2017-07-18,N05C,0.0
2017-07-18,R03,20.0
2017-07-18,R06,4.0
2017-07-19,M01AB,6.33
2017-07-19,M01AE,3.66
2017-07-19,N02BA,4.0
2017-07-19,N02BE,20.6
2017-07-19,N05B,6.0
2017-07-19,N05C,3.0
2017-07-19,R03,1.0
2017-07-19,R06,6.0
2017-07-20,M01AB,5.0
2017-07-20,M01AE,4.0
2017-07-20,N02BA,3.0
2017-07-20,N02BE,18.0
2017-07-20,N05B,11.0
2017-07-20,N05C,2.0
2017-07-20,R03,2.0
2017-07-20,R06,2.0
2017-07-21,M01AB,2.33
2017-07-21,M01AE,1.0
2017-07-21,N02BA,3.0
2017-07-21,N02BE,14.0
2017-07-21,N05B,5.0
2017-07-21,N05C,0.0
2017-07-21,R03,0.0
2017-07-21,R06,3.0
2017-07-22,M01AB,3.0
2017-07-22,M01AE,5.69
2017-07-22,N02BA,5.0
2017-07-22,N02BE,22.0
2017-07-22,N05B,3.0
2017-07-22,N05C,1.0
2017-07-22,R03,0.0
2017-07-22,R06,2.0
2017-07-23,M01AB,6.5
2017-07-23,M01AE,2.43
2017-07-23,N02BA,2.0
2017-07-23,N02BE,12.0
2017-07-23,N05B,4.0
2017-07-23,N05C,0.0
2017-07-23,R03,4.0
2017-07-23,R06,5.0
2017-07-24,M01AB,3.84
2017-07-24,M01AE,1.0
2017-07-24,N02BA,2.1
2017-07-24,N02BE,15.0
2017-07-24,N05B,6.0
2017-07-24,N05C,0.0
2017-07-24,R03,0.0
2017-07-24,R06,3.0
2017-07-25,M01AB,6.34
2017-07-25,M01AE,2.35
2017-07-25,N02BA,2.0
2017-07-25,N02BE,14.0
2017-07-25,N05B,5.0
2017-07-25,N05C,0.0
2017-07-25,R03,6.0
2017-07-25,R06,0.1
2017-07-26,M01AB,3.33
2017-07-26,M01AE,6.78
2017-07-26,N02BA,3.0
2017-07-26,N02BE,15.0
2017-07-26,N05B,11.0
2017-07-26,N05C,1.0
2017-07-26,R03,1.0
2017-07-26,R06,1.0
2017-07-27,M01AB,5.0
2017-07-27,M01AE,0.67
2017-07-27,N02BA,0.0
2017-07-27,N02BE,12.4
2017-07-27,N05B,8.0
2017-07-27,N05C,0.0
2017-07-27,R03,0.0
2017-07-27,R06,1.0
2017-07-28,M01AB,4.0
2017-07-28,M01AE,5.0
2017-07-28,N02BA,1.1
2017-07-28,N02BE,17.2
2017-07-28,N05B,10.0
2017-07-28,N05C,0.0
2017-07-28,R03,0.0
2017-07-28,R06,3.0
2017-07-29,M01AB,3.0
2017-07-29,M01AE,3.33
2017-07-29,N02BA,2.0
2017-07-29,N02BE,14.15
2017-07-29,N05B,1.0
2017-07-29,N05C,0.0
2017-07-29,R03,0.0
2017-07-29,R06,4.0
2017-07-30,M01AB,4.12
2017-07-30,M01AE,2.66
2017-07-30,N02BA,2.0
2017-07-30,N02BE,13.0
2017-07-30,N05B,11.0
2017-07-30,N05C,0.0
2017-07-30,R03,0.0
2017-07-30,R06,1.0
2017-07-31,M01AB,7.34
2017-07-31,M01AE,0.81
2017-07-31,N02BA,2.25
2017-07-31,N02BE,21.0
2017-07-31,N05B,9.0
2017-07-31,N05C,0.0
2017-07-31,R03,5.0
2017-07-31,R06,2.0
2017-08-01,M01AB,7.33
2017-08-01,M01AE,3.33
2017-08-01,N02BA,2.0
2017-08-01,N02BE,15.6
2017-08-01,N05B,3.0
2017-08-01,N05C,0.0
2017-08-01,R03,1.0
2017-08-01,R06,1.0
2017-08-02,M01AB,6.0
2017-08-02,M01AE,2.66
2017-08-02,N02BA,1.0
2017-08-02,N02BE,25.0
2017-08-02,N05B,2.0
2017-08-02,N05C,0.0
2017-08-02,R03,1.0
2017-08-02,R06,4.0
2017-08-03,M01AB,6.33
2017-08-03,M01AE,0.66
2017-08-03,N02BA,4.0
2017-08-03,N02BE,10.0
2017-08-03,N05B,8.0
2017-08-03,N05C,0.0
2017-08-03,R03,1.0
2017-08-03,R06,3.0
2017-08-04,M01AB,8.0
2017-08-04,M01AE,4.0
2017-08-04,N02BA,1.0
2017-08-04,N02BE,15.0
2017-08-04,N05B,11.0
2017-08-04,N05C,2.0
2017-08-04,R03,5.0
2017-08-04,R06,2.0
2017-08-05,M01AB,4.66
2017-08-05,M01AE,2.47
2017-08-05,N02BA,2.0
2017-08-05,N02BE,13.31
2017-08-05,N05B,2.0
2017-08-05,N05C,0.0
2017-08-05,R03,0.0
2017-08-05,R06,2.0
2017-08-06,M01AB,2.0
2017-08-06,M01AE,3.43
2017-08-06,N02BA,1.0
2017-08-06,N02BE,13.0
2017-08-06,N05B,6.0
2017-08-06,N05C,0.0
2017-08-06,R03,0.0
2017-08-06,R06,3.0
2017-08-07,M01AB,1.0
2017-08-07,M01AE,5.34
2017-08-07,N02BA,3.1
2017-08-07,N02BE,16.0
2017-08-07,N05B,9.0
2017-08-07,N05C,2.0
2017-08-07,R03,0.0
2017-08-07,R06,0.0
2017-08-08,M01AB,6.0
2017-08-08,M01AE,1.7
2017-08-08,N02BA,2.1
2017-08-08,N02BE,11.19
2017-08-08,N05B,8.0
2017-08-08,N05C,0.0
2017-08-08,R03,0.0
2017-08-08,R06,4.2
2017-08-09,M01AB,2.33
2017-08-09,M01AE,5.1
2017-08-09,N02BA,3.15
2017-08-09,N02BE,13.0
2017-08-09,N05B,15.0
2017-08-09,N05C,0.0
2017-08-09,R03,2.0
2017-08-09,R06,2.2
2017-08-10,M01AB,0.0
2017-08-10,M01AE,3.99
2017-08-10,N02BA,4.0
2017-08-10,N02BE,9.0
2017-08-10,N05B,19.0
2017-08-10,N05C,0.0
2017-08-10,R03,3.0
2017-08-10,R06,1.1
2017-08-11,M01AB,4.33
2017-08-11,M01AE,1.65
2017-08-11,N02BA,5.1
2017-08-11,N02BE,8.0
2017-08-11,N05B,6.0
2017-08-11,N05C,3.0
2017-08-11,R03,0.0
2017-08-11,R06,0.0
2017-08-12,M01AB,2.69
2017-08-12,M01AE,4.94
2017-08-12,N02BA,2.5
2017-08-12,N02BE,22.6
2017-08-12,N05B,4.0
2017-08-12,N05C,0.0
2017-08-12,R03,6.0
2017-08-12,R06,2.0
2017-08-13,M01AB,3.66
2017-08-13,M01AE,3.65
2017-08-13,N02BA,2.05
2017-08-13,N02BE,24.0
2017-08-13,N05B,5.0
2017-08-13,N05C,0.0
2017-08-13,R03,1.0
2017-08-13,R06,1.0
2017-08-14,M01AB,11.34
2017-08-14,M01AE,2.07
2017-08-14,N02BA,4.0
2017-08-14,N02BE,13.0
2017-08-14,N05B,4.0
2017-08-14,N05C,0.0
2017-08-14,R03,0.0
2017-08-14,R06,2.0
2017-08-15,M01AB,2.33
2017-08-15,M01AE,6.7
2017-08-15,N02BA,2.15
2017-08-15,N02BE,35.0
2017-08-15,N05B,11.0
2017-08-15,N05C,0.0
2017-08-15,R03,2.0
2017-08-15,R06,3.0
2017-08-16,M01AB,5.33
2017-08-16,M01AE,3.67
2017-08-16,N02BA,1.0
2017-08-16,N02BE,10.45
2017-08-16,N05B,13.0
2017-08-16,N05C,0.0
2017-08-16,R03,4.0
2017-08-16,R06,2.0
2017-08-17,M01AB,5.16
2017-08-17,M01AE,1.33
2017-08-17,N02BA,5.0
2017-08-17,N02BE,12.0
2017-08-17,N05B,8.0
2017-08-17,N05C,0.0
2017-08-17,R03,1.0
2017-08-17,R06,1.5
2017-08-18,M01AB,2.33
2017-08-18,M01AE,3.99
2017-08-18,N02BA,3.0
2017-08-18,N02BE,15.0
2017-08-18,N05B,4.0
2017-08-18,N05C,0.0
2017-08-18,R03,0.0
2017-08-18,R06,3.0
2017-08-19,M01AB,5.0
2017-08-19,M01AE,4.71
2017-08-19,N02BA,3.0
2017-08-19,N02BE,16.0
2017-08-19,N05B,10.0
2017-08-19,N05C,0.0
2017-08-19,R03,11.0
2017-08-19,R06,2.0
2017-08-20,M01AB,4.33
2017-08-20,M01AE,2.06
2017-08-20,N02BA,6.0
2017-08-20,N02BE,14.4
2017-08-20,N05B,6.0
2017-08-20,N05C,0.0
2017-08-20,R03,2.0
2017-08-20,R06,1.0
2017-08-21,M01AB,9.33
2017-08-21,M01AE,3.34
2017-08-21,N02BA,2.4
2017-08-21,N02BE,19.0
2017-08-21,N05B,4.0
2017-08-21,N05C,0.0
2017-08-21,R03,0.0
2017-08-21,R06,0.0
2017-08-22,M01AB,6.0
2017-08-22,M01AE,1.34
2017-08-22,N02BA,3.15
2017-08-22,N02BE,22.2
2017-08-22,N05B,3.0
2017-08-22,N05C,0.0
2017-08-22,R03,0.0
2017-08-22,R06,2.0
2017-08-23,M01AB,3.33
2017-08-23,M01AE,2.33
2017-08-23,N02BA,2.0
2017-08-23,N02BE,42.0
2017-08-23,N05B,8.0
2017-08-23,N05C,0.0
2017-08-23,R03,9.0
2017-08-23,R06,3.0
2017-08-24,M01AB,8.0
2017-08-24,M01AE,9.05
2017-08-24,N02BA,2.0
2017-08-24,N02BE,27.0
2017-08-24,N05B,13.0
2017-08-24,N05C,0.0
2017-08-24,R03,1.0
2017-08-24,R06,3.0
2017-08-25,M01AB,6.0
2017-08-25,M01AE,3.01
2017-08-25,N02BA,1.0
2017-08-25,N02BE,20.25
2017-08-25,N05B,17.0
2017-08-25,N05C,0.0
2017-08-25,R03,0.0
2017-08-25,R06,1.0
2017-08-26,M01AB,4.99
2017-08-26,M01AE,3.52
2017-08-26,N02BA,1.0
2017-08-26,N02BE,19.0
2017-08-26,N05B,10.0
2017-08-26,N05C,0.0
2017-08-26,R03,6.0
2017-08-26,R06,2.0
2017-08-27,M01AB,3.0
2017-08-27,M01AE,5.34
2017-08-27,N02BA,1.0
2017-08-27,N02BE,21.3
2017-08-27,N05B,5.0
2017-08-27,N05C,2.0
2017-08-27,R03,7.0
2017-08-27,R06,1.0
2017-08-28,M01AB,8.0
2017-08-28,M01AE,7.0
2017-08-28,N02BA,5.0
2017-08-28,N02BE,16.0
2017-08-28,N05B,12.0
2017-08-28,N05C,0.0
2017-08-28,R03,1.0
2017-08-28,R06,3.0
2017-08-29,M01AB,7.0
2017-08-29,M01AE,3.07
2017-08-29,N02BA,3.5
2017-08-29,N02BE,17.0
2017-08-29,N05B,5.0
2017-08-29,N05C,0.0
2017-08-29,R03,11.0
2017-08-29,R06,2.1
2017-08-30,M01AB,7.67
2017-08-30,M01AE,3.99
2017-08-30,N02BA,3.15
2017-08-30,N02BE,17.0
2017-08-30,N05B,4.0
2017-08-30,N05C,3.0
2017-08-30,R03,0.0
2017-08-30,R06,2.0
2017-08-31,M01AB,16.68
2017-08-31,M01AE,3.03
2017-08-31,N02BA,3.05
2017-08-31,N02BE,17.0
2017-08-31,N05B,4.0
2017-08-31,N05C,0.0
2017-08-31,R03,0.0
2017-08-31,R06,1.0
2017-09-01,M01AB,3.34
2017-09-01,M01AE,3.0
2017-09-01,N02BA,5.0
2017-09-01,N02BE,20.6
2017-09-01,N05B,8.0
2017-09-01,N05C,0.0
2017-09-01,R03,2.0
2017-09-01,R06,0.0
2017-09-02,M01AB,6.34
2017-09-02,M01AE,2.13
2017-09-02,N02BA,6.0
2017-09-02,N02BE,18.4
2017-09-02,N05B,8.0
2017-09-02,N05C,0.0
2017-09-02,R03,1.0
2017-09-02,R06,3.0
2017-09-03,M01AB,6.83
2017-09-03,M01AE,5.46
2017-09-03,N02BA,2.0
2017-09-03,N02BE,18.4
2017-09-03,N05B,7.0
2017-09-03,N05C,0.0
2017-09-03,R03,1.0
2017-09-03,R06,3.0
2017-09-04,M01AB,6.5
2017-09-04,M01AE,3.33
2017-09-04,N02BA,6.0
2017-09-04,N02BE,24.0
2017-09-04,N05B,7.0
2017-09-04,N05C,0.0
2017-09-04,R03,0.0
2017-09-04,R06,3.0
2017-09-05,M01AB,6.17
2017-09-05,M01AE,4.02
2017-09-05,N02BA,4.0
2017-09-05,N02BE,19.1
2017-09-05,N05B,7.0
2017-09-05,N05C,1.0
2017-09-05,R03,2.0
2017-09-05,R06,1.3
2017-09-06,M01AB,4.33
2017-09-06,M01AE,3.0
2017-09-06,N02BA,5.0
2017-09-06,N02BE,32.0
2017-09-06,N05B,6.0
2017-09-06,N05C,0.0
2017-09-06,R03,3.0
2017-09-06,R06,3.0
2017-09-07,M01AB,3.0
2017-09-07,M01AE,1.0
2017-09-07,N02BA,3.2
2017-09-07,N02BE,18.0
2017-09-07,N05B,2.0
2017-09-07,N05C,0.0
2017-09-07,R03,0.0
2017-09-07,R06,2.0
2017-09-08,M01AB,8.83
2017-09-08,M01AE,7.32
2017-09-08,N02BA,3.1
2017-09-08,N02BE,34.0
2017-09-08,N05B,8.0
2017-09-08,N05C,0.0
2017-09-08,R03,3.0
2017-09-08,R06,4.0
2017-09-09,M01AB,6.0
2017-09-09,M01AE,8.34
2017-09-09,N02BA,2.5
2017-09-09,N02BE,20.0
2017-09-09,N05B,7.0
2017-09-09,N05C,0.0
2017-09-09,R03,0.0
2017-09-09,R06,4.0
2017-09-10,M01AB,3.34
2017-09-10,M01AE,5.35
2017-09-10,N02BA,1.0
2017-09-10,N02BE,35.6
2017-09-10,N05B,7.0
2017-09-10,N05C,0.0
2017-09-10,R03,0.0
2017-09-10,R06,4.2
2017-09-11,M01AB,2.0
2017-09-11,M01AE,3.37
2017-09-11,N02BA,2.0
2017-09-11,N02BE,12.0
2017-09-11,N05B,16.0
2017-09-11,N05C,0.0
2017-09-11,R03,0.0
2017-09-11,R06,2.0
2017-09-12,M01AB,1.0
2017-09-12,M01AE,4.35
2017-09-12,N02BA,5.2
2017-09-12,N02BE,18.25
2017-09-12,N05B,6.0
2017-09-12,N05C,1.0
2017-09-12,R03,1.0
2017-09-12,R06,2.2
2017-09-13,M01AB,4.0
2017-09-13,M01AE,0.66
2017-09-13,N02BA,2.0
2017-09-13,N02BE,25.0
2017-09-13,N05B,16.0
2017-09-13,N05C,0.0
2017-09-13,R03,5.0
2017-09-13,R06,0.0
2017-09-14,M01AB,5.0
2017-09-14,M01AE,5.34
2017-09-14,N02BA,5.0
2017-09-14,N02BE,22.4
2017-09-14,N05B,6.0
2017-09-14,N05C,0.0
2017-09-14,R03,9.0
2017-09-14,R06,5.0
2017-09-15,M01AB,3.0
2017-09-15,M01AE,3.0
2017-09-15,N02BA,3.0
2017-09-15,N02BE,16.0
2017-09-15,N05B,12.0
2017-09-15,N05C,1.0
2017-09-15,R03,8.0
2017-09-15,R06,3.0
2017-09-16,M01AB,7.0
2017-09-16,M01AE,3.0
2017-09-16,N02BA,3.45
2017-09-16,N02BE,27.3
2017-09-16,N05B,11.0
2017-09-16,N05C,0.0
2017-09-16,R03,0.0
2017-09-16,R06,1.2
2017-09-17,M01AB,5.0
2017-09-17,M01AE,4.34
2017-09-17,N02BA,4.0
2017-09-17,N02BE,32.0
2017-09-17,N05B,6.0
2017-09-17,N05C,1.0
2017-09-17,R03,7.0
2017-09-17,R06,5.0
2017-09-18,M01AB,9.0
2017-09-18,M01AE,4.34
2017-09-18,N02BA,1.0
2017-09-18,N02BE,27.0
2017-09-18,N05B,7.0
2017-09-18,N05C,0.0
2017-09-18,R03,1.0
2017-09-18,R06,2.0
2017-09-19,M01AB,3.33
2017-09-19,M01AE,6.03
2017-09-19,N02BA,1.0
2017-09-19,N02BE,43.25
2017-09-19,N05B,6.0
2017-09-19,N05C,2.0
2017-09-19,R03,6.0
2017-09-19,R06,9.0
2017-09-20,M01AB,2.0
2017-09-20,M01AE,2.36
2017-09-20,N02BA,0.1
2017-09-20,N02BE,35.45
2017-09-20,N05B,6.0
2017-09-20,N05C,0.0
2017-09-20,R03,6.0
2017-09-20,R06,0.0
2017-09-21,M01AB,7.34
2017-09-21,M01AE,3.7
2017-09-21,N02BA,1.0
2017-09-21,N02BE,19.7
2017-09-21,N05B,8.0
2017-09-21,N05C,2.0
2017-09-21,R03,0.0
2017-09-21,R06,1.0
2017-09-22,M01AB,4.66
2017-09-22,M01AE,2.24
2017-09-22,N02BA,3.0
2017-09-22,N02BE,27.5
2017-09-22,N05B,2.0
2017-09-22,N05C,0.0
2017-09-22,R03,0.0
2017-09-22,R06,3.0
2017-09-23,M01AB,9.99
2017-09-23,M01AE,6.99
2017-09-23,N02BA,3.0
2017-09-23,N02BE,14.45
2017-09-23,N05B,12.0
2017-09-23,N05C,2.0
2017-09-23,R03,0.0
2017-09-23,R06,2.0
2017-09-24,M01AB,3.66
2017-09-24,M01AE,4.83
2017-09-24,N02BA,2.0
2017-09-24,N02BE,52.4
2017-09-24,N05B,7.0
2017-09-24,N05C,1.0
2017-09-24,R03,6.0
2017-09-24,R06,1.0
2017-09-25,M01AB,1.0
2017-09-25,M01AE,2.52
2017-09-25,N02BA,1.0
2017-09-25,N02BE,39.2
2017-09-25,N05B,7.0
2017-09-25,N05C,3.0
2017-09-25,R03,26.0
2017-09-25,R06,1.0
2017-09-26,M01AB,2.0
2017-09-26,M01AE,5.67
2017-09-26,N02BA,2.1
2017-09-26,N02BE,38.6
2017-09-26,N05B,4.0
2017-09-26,N05C,0.0
2017-09-26,R03,6.0
2017-09-26,R06,1.0
2017-09-27,M01AB,4.0
2017-09-27,M01AE,2.33
2017-09-27,N02BA,3.0
2017-09-27,N02BE,38.0
2017-09-27,N05B,7.0
2017-09-27,N05C,3.0
2017-09-27,R03,3.0
2017-09-27,R06,0.0
2017-09-28,M01AB,3.34
2017-09-28,M01AE,2.68
2017-09-28,N02BA,2.5
2017-09-28,N02BE,37.85
2017-09-28,N05B,3.0
2017-09-28,N05C,0.0
2017-09-28,R03,10.0
2017-09-28,R06,0.0
2017-09-29,M01AB,1.0
2017-09-29,M01AE,5.0
2017-09-29,N02BA,3.0
2017-09-29,N02BE,35.4
2017-09-29,N05B,8.0
2017-09-29,N05C,6.0
2017-09-29,R03,5.0
2017-09-29,R06,1.0
2017-09-30,M01AB,5.33
2017-09-30,M01AE,3.01
2017-09-30,N02BA,3.0
2017-09-30,N02BE,61.9
2017-09-30,N05B,6.0
2017-09-30,N05C,0.0
2017-09-30,R03,28.0
2017-09-30,R06,0.0
2017-10-01,M01AB,4.0
2017-10-01,M01AE,5.89
2017-10-01,N02BA,3.0
2017-10-01,N02BE,72.1
2017-10-01,N05B,7.0
2017-10-01,N05C,1.0
2017-10-01,R03,20.0
2017-10-01,R06,1.0
2017-10-02,M01AB,8.33
2017-10-02,M01AE,2.0
2017-10-02,N02BA,3.15
2017-10-02,N02BE,18.0
2017-10-02,N05B,3.0
2017-10-02,N05C,1.0
2017-10-02,R03,0.0
2017-10-02,R06,0.0
2017-10-03,M01AB,0.34
2017-10-03,M01AE,2.1
2017-10-03,N02BA,3.15
2017-10-03,N02BE,57.2
2017-10-03,N05B,21.0
2017-10-03,N05C,3.0
2017-10-03,R03,5.0
2017-10-03,R06,2.0
2017-10-04,M01AB,2.0
2017-10-04,M01AE,4.33
2017-10-04,N02BA,4.0
2017-10-04,N02BE,37.0
2017-10-04,N05B,6.0
2017-10-04,N05C,0.0
2017-10-04,R03,2.0
2017-10-04,R06,1.0
2017-10-05,M01AB,5.33
2017-10-05,M01AE,3.99
2017-10-05,N02BA,5.0
2017-10-05,N02BE,40.8
2017-10-05,N05B,5.0
2017-10-05,N05C,0.0
2017-10-05,R03,11.0
2017-10-05,R06,2.0
2017-10-06,M01AB,3.99
2017-10-06,M01AE,4.66
2017-10-06,N02BA,1.0
2017-10-06,N02BE,39.8
2017-10-06,N05B,7.0
2017-10-06,N05C,0.0
2017-10-06,R03,6.0
2017-10-06,R06,2.0
2017-10-07,M01AB,4.0
2017-10-07,M01AE,2.02
2017-10-07,N02BA,2.0
2017-10-07,N02BE,35.25
2017-10-07,N05B,4.0
2017-10-07,N05C,0.0
2017-10-07,R03,10.0
2017-10-07,R06,1.0
2017-10-08,M01AB,8.67
2017-10-08,M01AE,3.26
2017-10-08,N02BA,5.2
2017-10-08,N02BE,77.1
2017-10-08,N05B,2.0
2017-10-08,N05C,0.0
2017-10-08,R03,15.0
2017-10-08,R06,4.0
2017-10-09,M01AB,0.0
2017-10-09,M01AE,0.0
2017-10-09,N02BA,0.0
2017-10-09,N02BE,0.0
2017-10-09,N05B,0.0
2017-10-09,N05C,0.0
2017-10-09,R03,0.0
2017-10-09,R06,0.0
2017-10-10,M01AB,10.0
2017-10-10,M01AE,2.68
2017-10-10,N02BA,2.0
2017-10-10,N02BE,25.0
2017-10-10,N05B,8.0
2017-10-10,N05C,0.0
2017-10-10,R03,11.0
2017-10-10,R06,3.0
2017-10-11,M01AB,3.5
2017-10-11,M01AE,1.0
2017-10-11,N02BA,4.6
2017-10-11,N02BE,39.4
2017-10-11,N05B,2.0
2017-10-11,N05C,0.0
2017-10-11,R03,6.0
2017-10-11,R06,2.5
2017-10-12,M01AB,4.0
2017-10-12,M01AE,2.39
2017-10-12,N02BA,2.3
2017-10-12,N02BE,41.0
2017-10-12,N05B,9.0
2017-10-12,N05C,0.0
2017-10-12,R03,1.0
2017-10-12,R06,2.0
2017-10-13,M01AB,5.33
2017-10-13,M01AE,1.4
2017-10-13,N02BA,0.6
2017-10-13,N02BE,38.0
2017-10-13,N05B,8.0
2017-10-13,N05C,2.0
2017-10-13,R03,3.0
2017-10-13,R06,4.0
2017-10-14,M01AB,4.84
2017-10-14,M01AE,3.66
2017-10-14,N02BA,4.0
2017-10-14,N02BE,42.2
2017-10-14,N05B,9.0
2017-10-14,N05C,1.0
2017-10-14,R03,20.0
2017-10-14,R06,0.0
2017-10-15,M01AB,6.0
2017-10-15,M01AE,6.68
2017-10-15,N02BA,1.0
2017-10-15,N02BE,37.0
2017-10-15,N05B,5.0
2017-10-15,N05C,0.0
2017-10-15,R03,11.0
2017-10-15,R06,2.0
2017-10-16,M01AB,2.33
2017-10-16,M01AE,0.67
2017-10-16,N02BA,0.0
2017-10-16,N02BE,45.1
2017-10-16,N05B,9.0
2017-10-16,N05C,0.0
2017-10-16,R03,2.0
2017-10-16,R06,2.0
2017-10-17,M01AB,3.34
2017-10-17,M01AE,1.67
2017-10-17,N02BA,6.0
2017-10-17,N02BE,26.2
2017-10-17,N05B,9.0
2017-10-17,N05C,2.0
2017-10-17,R03,6.0
2017-10-17,R06,1.0
2017-10-18,M01AB,5.34
2017-10-18,M01AE,1.33
2017-10-18,N02BA,1.0
2017-10-18,N02BE,52.85
2017-10-18,N05B,15.0
2017-10-18,N05C,0.0
2017-10-18,R03,1.0
2017-10-18,R06,1.0
2017-10-19,M01AB,4.33
2017-10-19,M01AE,5.99
2017-10-19,N02BA,4.7
2017-10-19,N02BE,25.5
2017-10-19,N05B,8.0
2017-10-19,N05C,0.0
2017-10-19,R03,13.0
2017-10-19,R06,0.0
2017-10-20,M01AB,2.83
2017-10-20,M01AE,4.36
2017-10-20,N02BA,3.0
2017-10-20,N02BE,36.25
2017-10-20,N05B,15.0
2017-10-20,N05C,0.0
2017-10-20,R03,8.0
2017-10-20,R06,0.0
2017-10-21,M01AB,3.33
2017-10-21,M01AE,3.77
2017-10-21,N02BA,3.3
2017-10-21,N02BE,25.2
2017-10-21,N05B,9.0
2017-10-21,N05C,3.0
2017-10-21,R03,5.0
2017-10-21,R06,4.0
2017-10-22,M01AB,8.0
2017-10-22,M01AE,5.0
2017-10-22,N02BA,5.0
2017-10-22,N02BE,57.8
2017-10-22,N05B,8.0
2017-10-22,N05C,0.0
2017-10-22,R03,9.0
2017-10-22,R06,2.0
2017-10-23,M01AB,3.33
2017-10-23,M01AE,1.36
2017-10-23,N02BA,2.0
2017-10-23,N02BE,28.6
2017-10-23,N05B,4.0
2017-10-23,N05C,0.0
2017-10-23,R03,28.0
2017-10-23,R06,1.0
2017-10-24,M01AB,2.0
2017-10-24,M01AE,2.0
2017-10-24,N02BA,10.0
2017-10-24,N02BE,65.2
2017-10-24,N05B,3.0
2017-10-24,N05C,0.0
2017-10-24,R03,10.0
2017-10-24,R06,1.0
2017-10-25,M01AB,6.34
2017-10-25,M01AE,3.33
2017-10-25,N02BA,5.35
2017-10-25,N02BE,26.9
2017-10-25,N05B,4.0
2017-10-25,N05C,0.0
2017-10-25,R03,1.0
2017-10-25,R06,1.0
2017-10-26,M01AB,1.33
2017-10-26,M01AE,1.1
2017-10-26,N02BA,2.0
2017-10-26,N02BE,38.0
2017-10-26,N05B,9.0
2017-10-26,N05C,1.0
2017-10-26,R03,5.0
2017-10-26,R06,2.3
2017-10-27,M01AB,6.32
2017-10-27,M01AE,2.36
2017-10-27,N02BA,6.0
2017-10-27,N02BE,26.0
2017-10-27,N05B,14.0
2017-10-27,N05C,1.0
2017-10-27,R03,21.0
2017-10-27,R06,2.0
2017-10-28,M01AB,5.0
2017-10-28,M01AE,2.33
2017-10-28,N02BA,4.0
2017-10-28,N02BE,24.1
2017-10-28,N05B,11.0
2017-10-28,N05C,0.0
2017-10-28,R03,7.0
2017-10-28,R06,3.0
2017-10-29,M01AB,7.66
2017-10-29,M01AE,2.37
2017-10-29,N02BA,1.05
2017-10-29,N02BE,36.0
2017-10-29,N05B,3.0
2017-10-29,N05C,0.0
2017-10-29,R03,1.0
2017-10-29,R06,2.2
2017-10-30,M01AB,1.5
2017-10-30,M01AE,3.66
2017-10-30,N02BA,2.0
2017-10-30,N02BE,32.8
2017-10-30,N05B,7.0
2017-10-30,N05C,0.0
2017-10-30,R03,9.0
2017-10-30,R06,1.0
2017-10-31,M01AB,4.33
2017-10-31,M01AE,1.36
2017-10-31,N02BA,4.0
2017-10-31,N02BE,38.0
2017-10-31,N05B,2.0
2017-10-31,N05C,0.0
2017-10-31,R03,0.0
2017-10-31,R06,1.0
2017-11-01,M01AB,0.67
2017-11-01,M01AE,3.43
2017-11-01,N02BA,2.0
2017-11-01,N02BE,23.0
2017-11-01,N05B,5.0
2017-11-01,N05C,0.0
2017-11-01,R03,3.0
2017-11-01,R06,1.0
2017-11-02,M01AB,4.0
2017-11-02,M01AE,2.07
2017-11-02,N02BA,1.55
2017-11-02,N02BE,22.1
2017-11-02,N05B,5.0
2017-11-02,N05C,0.0
2017-11-02,R03,11.0
2017-11-02,R06,3.0
2017-11-03,M01AB,2.33
2017-11-03,M01AE,7.67
2017-11-03,N02BA,4.4
2017-11-03,N02BE,37.4
2017-11-03,N05B,10.0
2017-11-03,N05C,3.0
2017-11-03,R03,6.0
2017-11-03,R06,1.0
2017-11-04,M01AB,10.34
2017-11-04,M01AE,7.47
2017-11-04,N02BA,6.0
2017-11-04,N02BE,33.0
2017-11-04,N05B,5.0
2017-11-04,N05C,0.0
2017-11-04,R03,1.0
2017-11-04,R06,3.2
2017-11-05,M01AB,6.33
2017-11-05,M01AE,5.8
2017-11-05,N02BA,1.1
2017-11-05,N02BE,35.45
2017-11-05,N05B,1.0
2017-11-05,N05C,0.0
2017-11-05,R03,5.0
2017-11-05,R06,2.0
2017-11-06,M01AB,8.34
2017-11-06,M01AE,3.2
2017-11-06,N02BA,2.0
2017-11-06,N02BE,20.2
2017-11-06,N05B,11.0
2017-11-06,N05C,3.0
2017-11-06,R03,8.0
2017-11-06,R06,1.0
2017-11-07,M01AB,0.67
2017-11-07,M01AE,4.0
2017-11-07,N02BA,7.0
2017-11-07,N02BE,20.0
2017-11-07,N05B,4.0
2017-11-07,N05C,0.0
2017-11-07,R03,0.0
2017-11-07,R06,1.5
2017-11-08,M01AB,6.0
2017-11-08,M01AE,1.1
2017-11-08,N02BA,2.0
2017-11-08,N02BE,9.2
2017-11-08,N05B,1.0
2017-11-08,N05C,0.0
2017-11-08,R03,5.0
2017-11-08,R06,1.0
2017-11-09,M01AB,2.67
2017-11-09,M01AE,3.75
2017-11-09,N02BA,0.0
2017-11-09,N02BE,28.8
2017-11-09,N05B,2.0
2017-11-09,N05C,0.0
2017-11-09,R03,11.0
2017-11-09,R06,1.0
2017-11-10,M01AB,9.34
2017-11-10,M01AE,6.66
2017-11-10,N02BA,6.2
2017-11-10,N02BE,34.0
2017-11-10,N05B,9.0
2017-11-10,N05C,0.0
2017-11-10,R03,22.0
2017-11-10,R06,2.0
2017-11-11,M01AB,8.5
2017-11-11,M01AE,3.0
2017-11-11,N02BA,4.1
2017-11-11,N02BE,32.0
2017-11-11,N05B,8.0
2017-11-11,N05C,0.0
2017-11-11,R03,2.0
2017-11-11,R06,0.0
2017-11-12,M01AB,5.0
2017-11-12,M01AE,3.65
2017-11-12,N02BA,6.15
2017-11-12,N02BE,40.0
2017-11-12,N05B,9.0
2017-11-12,N05C,0.0
2017-11-12,R03,3.0
2017-11-12,R06,2.0
2017-11-13,M01AB,9.33
2017-11-13,M01AE,2.43
2017-11-13,N02BA,4.2
2017-11-13,N02BE,44.2
2017-11-13,N05B,5.0
2017-11-13,N05C,0.0
2017-11-13,R03,5.0
2017-11-13,R06,0.2
2017-11-14,M01AB,3.0
2017-11-14,M01AE,0.86
2017-11-14,N02BA,2.0
2017-11-14,N02BE,6.8
2017-11-14,N05B,14.0
2017-11-14,N05C,0.0
2017-11-14,R03,19.0
2017-11-14,R06,1.0
2017-11-15,M01AB,5.33
2017-11-15,M01AE,2.73
2017-11-15,N02BA,7.7
2017-11-15,N02BE,17.0
2017-11-15,N05B,8.0
2017-11-15,N05C,3.0
2017-11-15,R03,0.0
2017-11-15,R06,1.0
2017-11-16,M01AB,5.33
2017-11-16,M01AE,2.0
2017-11-16,N02BA,3.0
2017-11-16,N02BE,17.6
2017-11-16,N05B,3.0
2017-11-16,N05C,0.0
2017-11-16,R03,1.0
2017-11-16,R06,1.0
2017-11-17,M01AB,3.0
2017-11-17,M01AE,4.84
2017-11-17,N02BA,3.0
2017-11-17,N02BE,34.0
2017-11-17,N05B,5.0
2017-11-17,N05C,0.0
2017-11-17,R03,30.0
2017-11-17,R06,2.0
2017-11-18,M01AB,5.33
2017-11-18,M01AE,8.45
2017-11-18,N02BA,2.0
2017-11-18,N02BE,42.5
2017-11-18,N05B,2.0
2017-11-18,N05C,0.0
2017-11-18,R03,8.0
2017-11-18,R06,1.2
2017-11-19,M01AB,4.0
2017-11-19,M01AE,6.88
2017-11-19,N02BA,1.0
2017-11-19,N02BE,29.0
2017-11-19,N05B,3.0
2017-11-19,N05C,0.0
2017-11-19,R03,6.0
2017-11-19,R06,2.5
2017-11-20,M01AB,2.34
2017-11-20,M01AE,5.34
2017-11-20,N02BA,2.4
2017-11-20,N02BE,28.8
2017-11-20,N05B,10.0
2017-11-20,N05C,0.0
2017-11-20,R03,2.0
2017-11-20,R06,0.0
2017-11-21,M01AB,13.33
2017-11-21,M01AE,0.68
2017-11-21,N02BA,1.0
2017-11-21,N02BE,22.4
2017-11-21,N05B,5.0
2017-11-21,N05C,0.0
2017-11-21,R03,2.0
2017-11-21,R06,1.0
2017-11-22,M01AB,2.0
2017-11-22,M01AE,4.0
2017-11-22,N02BA,1.0
2017-11-22,N02BE,26.1
2017-11-22,N05B,20.0
2017-11-22,N05C,0.0
2017-11-22,R03,1.0
2017-11-22,R06,1.0
2017-11-23,M01AB,9.33
2017-11-23,M01AE,5.99
2017-11-23,N02BA,6.0
2017-11-23,N02BE,34.3
2017-11-23,N05B,14.0
2017-11-23,N05C,0.0
2017-11-23,R03,0.0
2017-11-23,R06,3.0
2017-11-24,M01AB,8.0
2017-11-24,M01AE,3.13
2017-11-24,N02BA,5.0
2017-11-24,N02BE,34.32
2017-11-24,N05B,5.0
2017-11-24,N05C,2.0
2017-11-24,R03,2.0
2017-11-24,R06,0.0
2017-11-25,M01AB,5.33
2017-11-25,M01AE,6.08
2017-11-25,N02BA,4.1
2017-11-25,N02BE,26.5
2017-11-25,N05B,8.0
2017-11-25,N05C,0.0
2017-11-25,R03,2.0
2017-11-25,R06,0.0
2017-11-26,M01AB,5.66
2017-11-26,M01AE,5.79
2017-11-26,N02BA,1.0
2017-11-26,N02BE,31.2
2017-11-26,N05B,2.0
2017-11-26,N05C,1.0
2017-11-26,R03,12.0
2017-11-26,R06,2.0
2017-11-27,M01AB,1.34
2017-11-27,M01AE,3.67
2017-11-27,N02BA,6.1
2017-11-27,N02BE,34.83
2017-11-27,N05B,4.0
2017-11-27,N05C,0.0
2017-11-27,R03,7.0
2017-11-27,R06,3.0
2017-11-28,M01AB,5.0
2017-11-28,M01AE,1.34
2017-11-28,N02BA,5.35
2017-11-28,N02BE,40.6
2017-11-28,N05B,5.0
2017-11-28,N05C,3.0
2017-11-28,R03,8.0
2017-11-28,R06,3.0
2017-11-29,M01AB,6.34
2017-11-29,M01AE,2.4
2017-11-29,N02BA,4.1
2017-11-29,N02BE,32.6
2017-11-29,N05B,7.0
2017-11-29,N05C,0.0
2017-11-29,R03,5.0
2017-11-29,R06,3.0
2017-11-30,M01AB,5.67
2017-11-30,M01AE,1.4
2017-11-30,N02BA,3.0
2017-11-30,N02BE,30.0
2017-11-30,N05B,2.0
2017-11-30,N05C,0.0
2017-11-30,R03,9.0
2017-11-30,R06,3.0
2017-12-01,M01AB,10.33
2017-12-01,M01AE,7.66
2017-12-01,N02BA,1.0
2017-12-01,N02BE,25.4
2017-12-01,N05B,3.0
2017-12-01,N05C,0.0
2017-12-01,R03,5.0
2017-12-01,R06,2.0
2017-12-02,M01AB,4.33
2017-12-02,M01AE,3.67
2017-12-02,N02BA,5.0
2017-12-02,N02BE,22.0
2017-12-02,N05B,11.0
2017-12-02,N05C,0.0
2017-12-02,R03,0.0
2017-12-02,R06,1.5
2017-12-03,M01AB,5.33
2017-12-03,M01AE,6.02
2017-12-03,N02BA,3.0
2017-12-03,N02BE,33.4
2017-12-03,N05B,3.0
2017-12-03,N05C,0.0
2017-12-03,R03,6.0
2017-12-03,R06,2.0
2017-12-04,M01AB,1.0
2017-12-04,M01AE,2.36
2017-12-04,N02BA,4.0
2017-12-04,N02BE,15.6
2017-12-04,N05B,3.0
2017-12-04,N05C,0.0
2017-12-04,R03,13.0
2017-12-04,R06,3.0
2017-12-05,M01AB,3.68
2017-12-05,M01AE,3.16
2017-12-05,N02BA,4.05
2017-12-05,N02BE,17.1
2017-12-05,N05B,1.0
2017-12-05,N05C,0.0
2017-12-05,R03,6.0
2017-12-05,R06,2.0
2017-12-06,M01AB,4.0
2017-12-06,M01AE,4.4
2017-12-06,N02BA,2.1
2017-12-06,N02BE,29.2
2017-12-06,N05B,12.0
2017-12-06,N05C,0.0
2017-12-06,R03,6.0
2017-12-06,R06,1.0
2017-12-07,M01AB,3.0
2017-12-07,M01AE,2.66
2017-12-07,N02BA,5.45
2017-12-07,N02BE,24.9
2017-12-07,N05B,8.0
2017-12-07,N05C,0.0
2017-12-07,R03,7.0
2017-12-07,R06,1.0
2017-12-08,M01AB,5.33
2017-12-08,M01AE,2.51
2017-12-08,N02BA,3.5
2017-12-08,N02BE,44.2
2017-12-08,N05B,5.0
2017-12-08,N05C,1.0
2017-12-08,R03,7.0
2017-12-08,R06,2.0
2017-12-09,M01AB,5.0
2017-12-09,M01AE,2.17
2017-12-09,N02BA,5.4
2017-12-09,N02BE,36.6
2017-12-09,N05B,14.0
2017-12-09,N05C,0.0
2017-12-09,R03,7.0
2017-12-09,R06,2.0
2017-12-10,M01AB,5.0
2017-12-10,M01AE,2.8
2017-12-10,N02BA,5.0
2017-12-10,N02BE,48.0
2017-12-10,N05B,7.0
2017-12-10,N05C,0.0
2017-12-10,R03,18.0
2017-12-10,R06,2.0
2017-12-11,M01AB,8.0
2017-12-11,M01AE,6.0
2017-12-11,N02BA,5.5
2017-12-11,N02BE,34.4
2017-12-11,N05B,10.0
2017-12-11,N05C,0.0
2017-12-11,R03,6.0
2017-12-11,R06,1.0
2017-12-12,M01AB,1.33
2017-12-12,M01AE,5.07
2017-12-12,N02BA,3.0
2017-12-12,N02BE,44.0
2017-12-12,N05B,6.0
2017-12-12,N05C,1.0
2017-12-12,R03,12.0
2017-12-12,R06,2.0
2017-12-13,M01AB,4.0
2017-12-13,M01AE,3.34
2017-12-13,N02BA,2.3
2017-12-13,N02BE,29.0
2017-12-13,N05B,9.0
2017-12-13,N05C,0.0
2017-12-13,R03,0.0
2017-12-13,R06,1.0
2017-12-14,M01AB,3.0
2017-12-14,M01AE,3.0
2017-12-14,N02BA,3.0
2017-12-14,N02BE,30.0
2017-12-14,N05B,5.0
2017-12-14,N05C,0.0
2017-12-14,R03,0.0
2017-12-14,R06,3.0
2017-12-15,M01AB,4.18
2017-12-15,M01AE,5.01
2017-12-15,N02BA,2.5
2017-12-15,N02BE,29.0
2017-12-15,N05B,6.0
2017-12-15,N05C,0.0
2017-12-15,R03,0.0
2017-12-15,R06,1.0
2017-12-16,M01AB,11.0
2017-12-16,M01AE,6.0
2017-12-16,N02BA,3.0
2017-12-16,N02BE,36.6
2017-12-16,N05B,6.0
2017-12-16,N05C,1.0
2017-12-16,R03,1.0
2017-12-16,R06,2.0
2017-12-17,M01AB,7.0
2017-12-17,M01AE,0.33
2017-12-17,N02BA,5.1
2017-12-17,N02BE,37.0
2017-12-17,N05B,11.0
2017-12-17,N05C,0.0
2017-12-17,R03,15.0
2017-12-17,R06,2.0
2017-12-18,M01AB,0.66
2017-12-18,M01AE,4.67
2017-12-18,N02BA,6.0
2017-12-18,N02BE,31.6
2017-12-18,N05B,7.0
2017-12-18,N05C,0.0
2017-12-18,R03,8.0
2017-12-18,R06,0.0
2017-12-19,M01AB,0.0
2017-12-19,M01AE,0.0
2017-12-19,N02BA,0.0
2017-12-19,N02BE,0.0
2017-12-19,N05B,0.0
2017-12-19,N05C,0.0
2017-12-19,R03,0.0
2017-12-19,R06,0.0
2017-12-20,M01AB,2.0
2017-12-20,M01AE,3.4
2017-12-20,N02BA,3.0
2017-12-20,N02BE,27.2
2017-12-20,N05B,3.0
2017-12-20,N05C,0.0
2017-12-20,R03,11.0
2017-12-20,R06,2.0
2017-12-21,M01AB,2.02
2017-12-21,M01AE,2.66
2017-12-21,N02BA,4.0
2017-12-21,N02BE,23.4
2017-12-21,N05B,5.0
2017-12-21,N05C,0.0
2017-12-21,R03,6.0
2017-12-21,R06,0.0
2017-12-22,M01AB,5.99
2017-12-22,M01AE,2.77
2017-12-22,N02BA,1.5
2017-12-22,N02BE,26.0
2017-12-22,N05B,13.0
2017-12-22,N05C,0.0
2017-12-22,R03,1.0
2017-12-22,R06,1.6
2017-12-23,M01AB,6.0
2017-12-23,M01AE,4.5
2017-12-23,N02BA,6.1
2017-12-23,N02BE,28.3
2017-12-23,N05B,6.0
2017-12-23,N05C,0.0
2017-12-23,R03,1.0
2017-12-23,R06,1.0
2017-12-24,M01AB,7.66
2017-12-24,M01AE,3.46
2017-12-24,N02BA,2.0
2017-12-24,N02BE,32.2
2017-12-24,N05B,4.0
2017-12-24,N05C,0.0
2017-12-24,R03,5.0
2017-12-24,R06,1.0
2017-12-25,M01AB,1.0
2017-12-25,M01AE,0.62
2017-12-25,N02BA,4.1
2017-12-25,N02BE,15.53
2017-12-25,N05B,4.0
2017-12-25,N05C,0.0
2017-12-25,R03,6.0
2017-12-25,R06,2.0
2017-12-26,M01AB,2.99
2017-12-26,M01AE,4.67
2017-12-26,N02BA,3.5
2017-12-26,N02BE,56.9
2017-12-26,N05B,9.0
2017-12-26,N05C,0.0
2017-12-26,R03,9.0
2017-12-26,R06,2.0
2017-12-27,M01AB,7.0
2017-12-27,M01AE,4.81
2017-12-27,N02BA,5.15
2017-12-27,N02BE,32.7
2017-12-27,N05B,9.0
2017-12-27,N05C,0.0
2017-12-27,R03,3.0
2017-12-27,R06,0.0
2017-12-28,M01AB,7.33
2017-12-28,M01AE,3.46
2017-12-28,N02BA,5.1
2017-12-28,N02BE,35.35
2017-12-28,N05B,12.0
2017-12-28,N05C,3.0
2017-12-28,R03,24.0
2017-12-28,R06,1.0
2017-12-29,M01AB,9.34
2017-12-29,M01AE,2.07
2017-12-29,N02BA,2.5
2017-12-29,N02BE,41.4
2017-12-29,N05B,17.0
2017-12-29,N05C,0.0
2017-12-29,R03,11.0
2017-12-29,R06,2.0
2017-12-30,M01AB,8.68
2017-12-30,M01AE,8.36
2017-12-30,N02BA,4.0
2017-12-30,N02BE,50.0
2017-12-30,N05B,8.0
2017-12-30,N05C,0.0
2017-12-30,R03,10.0
2017-12-30,R06,3.0
2017-12-31,M01AB,13.83
2017-12-31,M01AE,10.04
2017-12-31,N02BA,5.3
2017-12-31,N02BE,70.2
2017-12-31,N05B,9.0
2017-12-31,N05C,0.0
2017-12-31,R03,0.0
2017-12-31,R06,1.0
2018-01-01,M01AB,0.0
2018-01-01,M01AE,0.0
2018-01-01,N02BA,0.0
2018-01-01,N02BE,0.0
2018-01-01,N05B,0.0
2018-01-01,N05C,0.0
2018-01-01,R03,0.0
2018-01-01,R06,0.0
2018-01-02,M01AB,1.0
2018-01-02,M01AE,5.33
2018-01-02,N02BA,2.25
2018-01-02,N02BE,38.0
2018-01-02,N05B,3.0
2018-01-02,N05C,0.0
2018-01-02,R03,2.0
2018-01-02,R06,2.0
2018-01-03,M01AB,4.67
2018-01-03,M01AE,2.4
2018-01-03,N02BA,3.0
2018-01-03,N02BE,54.0
2018-01-03,N05B,4.0
2018-01-03,N05C,0.0
2018-01-03,R03,10.0
2018-01-03,R06,3.0
2018-01-04,M01AB,6.0
2018-01-04,M01AE,1.1
2018-01-04,N02BA,1.0
2018-01-04,N02BE,39.2
2018-01-04,N05B,9.0
2018-01-04,N05C,0.0
2018-01-04,R03,1.0
2018-01-04,R06,2.0
2018-01-05,M01AB,12.0
2018-01-05,M01AE,6.82
2018-01-05,N02BA,3.0
2018-01-05,N02BE,26.0
2018-01-05,N05B,11.0
2018-01-05,N05C,0.0
2018-01-05,R03,21.0
2018-01-05,R06,1.0
2018-01-06,M01AB,4.66
2018-01-06,M01AE,1.66
2018-01-06,N02BA,2.2
2018-01-06,N02BE,73.0
2018-01-06,N05B,4.0
2018-01-06,N05C,0.0
2018-01-06,R03,5.0
2018-01-06,R06,8.0
2018-01-07,M01AB,0.0
2018-01-07,M01AE,0.0
2018-01-07,N02BA,0.0
2018-01-07,N02BE,0.0
2018-01-07,N05B,0.0
2018-01-07,N05C,0.0
2018-01-07,R03,0.0
2018-01-07,R06,0.0
2018-01-08,M01AB,2.33
2018-01-08,M01AE,6.53
2018-01-08,N02BA,4.2
2018-01-08,N02BE,29.6
2018-01-08,N05B,5.0
2018-01-08,N05C,0.0
2018-01-08,R03,0.0
2018-01-08,R06,1.0
2018-01-09,M01AB,5.33
2018-01-09,M01AE,2.1
2018-01-09,N02BA,5.0
2018-01-09,N02BE,33.83
2018-01-09,N05B,9.0
2018-01-09,N05C,6.0
2018-01-09,R03,10.0
2018-01-09,R06,1.0
2018-01-10,M01AB,9.33
2018-01-10,M01AE,7.41
2018-01-10,N02BA,6.0
2018-01-10,N02BE,44.5
2018-01-10,N05B,12.0
2018-01-10,N05C,0.0
2018-01-10,R03,6.0
2018-01-10,R06,2.0
2018-01-11,M01AB,4.0
2018-01-11,M01AE,4.33
2018-01-11,N02BA,5.5
2018-01-11,N02BE,37.6
2018-01-11,N05B,7.0
2018-01-11,N05C,0.0
2018-01-11,R03,5.0
2018-01-11,R06,0.0
2018-01-12,M01AB,5.66
2018-01-12,M01AE,1.33
2018-01-12,N02BA,3.0
2018-01-12,N02BE,42.0
2018-01-12,N05B,11.0
2018-01-12,N05C,0.0
2018-01-12,R03,10.0
2018-01-12,R06,0.0
2018-01-13,M01AB,3.5
2018-01-13,M01AE,3.5
2018-01-13,N02BA,3.2
2018-01-13,N02BE,32.0
2018-01-13,N05B,6.0
2018-01-13,N05C,0.0
2018-01-13,R03,8.0
2018-01-13,R06,1.0
2018-01-14,M01AB,4.33
2018-01-14,M01AE,5.16
2018-01-14,N02BA,1.2
2018-01-14,N02BE,36.0
2018-01-14,N05B,2.0
2018-01-14,N05C,0.0
2018-01-14,R03,5.0
2018-01-14,R06,1.0
2018-01-15,M01AB,6.99
2018-01-15,M01AE,2.0
2018-01-15,N02BA,5.1
2018-01-15,N02BE,26.0
2018-01-15,N05B,8.0
2018-01-15,N05C,0.0
2018-01-15,R03,15.0
2018-01-15,R06,2.0
2018-01-16,M01AB,6.34
2018-01-16,M01AE,2.67
2018-01-16,N02BA,3.0
2018-01-16,N02BE,18.0
2018-01-16,N05B,2.0
2018-01-16,N05C,0.0
2018-01-16,R03,8.0
2018-01-16,R06,0.0
2018-01-17,M01AB,6.67
2018-01-17,M01AE,2.85
2018-01-17,N02BA,2.0
2018-01-17,N02BE,30.2
2018-01-17,N05B,10.0
2018-01-17,N05C,2.0
2018-01-17,R03,41.0
2018-01-17,R06,2.0
2018-01-18,M01AB,4.33
2018-01-18,M01AE,3.73
2018-01-18,N02BA,4.0
2018-01-18,N02BE,58.4
2018-01-18,N05B,9.0
2018-01-18,N05C,0.0
2018-01-18,R03,2.0
2018-01-18,R06,1.0
2018-01-19,M01AB,6.33
2018-01-19,M01AE,2.53
2018-01-19,N02BA,3.0
2018-01-19,N02BE,23.4
2018-01-19,N05B,12.0
2018-01-19,N05C,0.0
2018-01-19,R03,3.0
2018-01-19,R06,1.0
2018-01-20,M01AB,2.66
2018-01-20,M01AE,2.32
2018-01-20,N02BA,2.0
2018-01-20,N02BE,38.0
2018-01-20,N05B,2.0
2018-01-20,N05C,0.0
2018-01-20,R03,5.0
2018-01-20,R06,0.0
2018-01-21,M01AB,3.33
2018-01-21,M01AE,3.53
2018-01-21,N02BA,3.4
2018-01-21,N02BE,32.8
2018-01-21,N05B,6.0
2018-01-21,N05C,0.0
2018-01-21,R03,1.0
2018-01-21,R06,3.5
2018-01-22,M01AB,6.0
2018-01-22,M01AE,3.4
2018-01-22,N02BA,6.0
2018-01-22,N02BE,29.0
2018-01-22,N05B,5.0
2018-01-22,N05C,0.0
2018-01-22,R03,6.0
2018-01-22,R06,1.0
2018-01-23,M01AB,1.0
2018-01-23,M01AE,1.07
2018-01-23,N02BA,4.6
2018-01-23,N02BE,38.6
2018-01-23,N05B,4.0
2018-01-23,N05C,0.0
2018-01-23,R03,5.0
2018-01-23,R06,1.0
2018-01-24,M01AB,7.33
2018-01-24,M01AE,6.67
2018-01-24,N02BA,4.0
2018-01-24,N02BE,32.0
2018-01-24,N05B,13.0
2018-01-24,N05C,0.0
2018-01-24,R03,4.0
2018-01-24,R06,1.0
2018-01-25,M01AB,3.66
2018-01-25,M01AE,5.13
2018-01-25,N02BA,4.2
2018-01-25,N02BE,36.8
2018-01-25,N05B,15.0
2018-01-25,N05C,0.0
2018-01-25,R03,7.0
2018-01-25,R06,3.0
2018-01-26,M01AB,3.0
2018-01-26,M01AE,3.02
2018-01-26,N02BA,0.4
2018-01-26,N02BE,62.2
2018-01-26,N05B,9.0
2018-01-26,N05C,0.0
2018-01-26,R03,12.0
2018-01-26,R06,1.0
2018-01-27,M01AB,3.34
2018-01-27,M01AE,7.33
2018-01-27,N02BA,3.0
2018-01-27,N02BE,52.9
2018-01-27,N05B,7.0
2018-01-27,N05C,0.0
2018-01-27,R03,3.0
2018-01-27,R06,4.0
2018-01-28,M01AB,1.5
2018-01-28,M01AE,2.35
2018-01-28,N02BA,5.65
2018-01-28,N02BE,55.0
2018-01-28,N05B,11.0
2018-01-28,N05C,0.0
2018-01-28,R03,10.0
2018-01-28,R06,2.0
2018-01-29,M01AB,2.33
2018-01-29,M01AE,4.36
2018-01-29,N02BA,4.25
2018-01-29,N02BE,47.9
2018-01-29,N05B,10.0
2018-01-29,N05C,3.0
2018-01-29,R03,4.0
2018-01-29,R06,1.0
2018-01-30,M01AB,4.33
2018-01-30,M01AE,3.76
2018-01-30,N02BA,3.0
2018-01-30,N02BE,37.0
2018-01-30,N05B,11.0
2018-01-30,N05C,0.0
2018-01-30,R03,4.0
2018-01-30,R06,3.0
2018-01-31,M01AB,0.33
2018-01-31,M01AE,5.08
2018-01-31,N02BA,4.0
2018-01-31,N02BE,30.4
2018-01-31,N05B,12.0
2018-01-31,N05C,0.0
2018-01-31,R03,6.0
2018-01-31,R06,1.0
2018-02-01,M01AB,5.34
2018-02-01,M01AE,4.33
2018-02-01,N02BA,6.0
2018-02-01,N02BE,30.5
2018-02-01,N05B,7.0
2018-02-01,N05C,0.0
2018-02-01,R03,6.0
2018-02-01,R06,3.0
2018-02-02,M01AB,2.33
2018-02-02,M01AE,4.99
2018-02-02,N02BA,4.0
2018-02-02,N02BE,54.6
2018-02-02,N05B,6.0
2018-02-02,N05C,0.0
2018-02-02,R03,6.0
2018-02-02,R06,4.4
2018-02-03,M01AB,4.33
2018-02-03,M01AE,7.13
2018-02-03,N02BA,3.3
2018-02-03,N02BE,67.1
2018-02-03,N05B,12.0
2018-02-03,N05C,0.0
2018-02-03,R03,5.0
2018-02-03,R06,2.0
2018-02-04,M01AB,7.99
2018-02-04,M01AE,9.07
2018-02-04,N02BA,2.0
2018-02-04,N02BE,50.6
2018-02-04,N05B,6.0
2018-02-04,N05C,0.0
2018-02-04,R03,3.0
2018-02-04,R06,3.0
2018-02-05,M01AB,7.33
2018-02-05,M01AE,3.07
2018-02-05,N02BA,3.0
2018-02-05,N02BE,53.0
2018-02-05,N05B,18.0
2018-02-05,N05C,0.0
2018-02-05,R03,6.0
2018-02-05,R06,0.66
2018-02-06,M01AB,4.34
2018-02-06,M01AE,1.87
2018-02-06,N02BA,6.85
2018-02-06,N02BE,51.5
2018-02-06,N05B,8.0
2018-02-06,N05C,0.0
2018-02-06,R03,5.0
2018-02-06,R06,1.0
2018-02-07,M01AB,4.84
2018-02-07,M01AE,8.13
2018-02-07,N02BA,3.2
2018-02-07,N02BE,44.8
2018-02-07,N05B,8.0
2018-02-07,N05C,0.0
2018-02-07,R03,23.0
2018-02-07,R06,0.0
2018-02-08,M01AB,6.33
2018-02-08,M01AE,1.34
2018-02-08,N02BA,3.0
2018-02-08,N02BE,47.0
2018-02-08,N05B,7.0
2018-02-08,N05C,0.0
2018-02-08,R03,1.25
2018-02-08,R06,0.0
2018-02-09,M01AB,3.0
2018-02-09,M01AE,3.69
2018-02-09,N02BA,4.25
2018-02-09,N02BE,47.0
2018-02-09,N05B,17.0
2018-02-09,N05C,0.0
2018-02-09,R03,11.0
2018-02-09,R06,0.0
2018-02-10,M01AB,10.01
2018-02-10,M01AE,5.23
2018-02-10,N02BA,3.5
2018-02-10,N02BE,60.4
2018-02-10,N05B,6.0
2018-02-10,N05C,0.0
2018-02-10,R03,15.0
2018-02-10,R06,3.0
2018-02-11,M01AB,6.33
2018-02-11,M01AE,5.4
2018-02-11,N02BA,7.8
2018-02-11,N02BE,63.25
2018-02-11,N05B,12.0
2018-02-11,N05C,0.0
2018-02-11,R03,10.0
2018-02-11,R06,2.0
2018-02-12,M01AB,8.0
2018-02-12,M01AE,4.77
2018-02-12,N02BA,10.0
2018-02-12,N02BE,36.3
2018-02-12,N05B,14.0
2018-02-12,N05C,1.0
2018-02-12,R03,1.0
2018-02-12,R06,1.0
2018-02-13,M01AB,6.0
2018-02-13,M01AE,8.03
2018-02-13,N02BA,5.0
2018-02-13,N02BE,17.8
2018-02-13,N05B,10.0
2018-02-13,N05C,0.0
2018-02-13,R03,10.0
2018-02-13,R06,3.0
2018-02-14,M01AB,1.0
2018-02-14,M01AE,6.33
2018-02-14,N02BA,2.1
2018-02-14,N02BE,50.3
2018-02-14,N05B,15.0
2018-02-14,N05C,0.0
2018-02-14,R03,14.0
2018-02-14,R06,0.0
2018-02-15,M01AB,1.5
2018-02-15,M01AE,6.94
2018-02-15,N02BA,0.85
2018-02-15,N02BE,74.6
2018-02-15,N05B,6.0
2018-02-15,N05C,0.0
2018-02-15,R03,10.0
2018-02-15,R06,0.0
2018-02-16,M01AB,7.68
2018-02-16,M01AE,7.18
2018-02-16,N02BA,1.2
2018-02-16,N02BE,65.16
2018-02-16,N05B,10.0
2018-02-16,N05C,0.0
2018-02-16,R03,0.0
2018-02-16,R06,1.0
2018-02-17,M01AB,1.33
2018-02-17,M01AE,3.64
2018-02-17,N02BA,2.0
2018-02-17,N02BE,50.4
2018-02-17,N05B,5.0
2018-02-17,N05C,0.0
2018-02-17,R03,9.0
2018-02-17,R06,0.0
2018-02-18,M01AB,6.0
2018-02-18,M01AE,6.73
2018-02-18,N02BA,7.55
2018-02-18,N02BE,44.0
2018-02-18,N05B,2.0
2018-02-18,N05C,0.0
2018-02-18,R03,4.0
2018-02-18,R06,1.0
2018-02-19,M01AB,1.0
2018-02-19,M01AE,3.34
2018-02-19,N02BA,1.7
2018-02-19,N02BE,27.0
2018-02-19,N05B,6.0
2018-02-19,N05C,0.0
2018-02-19,R03,12.0
2018-02-19,R06,2.0
2018-02-20,M01AB,4.18
2018-02-20,M01AE,2.29
2018-02-20,N02BA,4.2
2018-02-20,N02BE,30.2
2018-02-20,N05B,6.0
2018-02-20,N05C,0.0
2018-02-20,R03,2.0
2018-02-20,R06,3.0
2018-02-21,M01AB,1.34
2018-02-21,M01AE,7.01
2018-02-21,N02BA,9.5
2018-02-21,N02BE,27.4
2018-02-21,N05B,5.0
2018-02-21,N05C,0.0
2018-02-21,R03,6.0
2018-02-21,R06,1.0
2018-02-22,M01AB,5.0
2018-02-22,M01AE,6.33
2018-02-22,N02BA,3.15
2018-02-22,N02BE,30.0
2018-02-22,N05B,6.0
2018-02-22,N05C,0.0
2018-02-22,R03,20.0
2018-02-22,R06,0.0
2018-02-23,M01AB,5.83
2018-02-23,M01AE,2.98
2018-02-23,N02BA,1.0
2018-02-23,N02BE,34.2
2018-02-23,N05B,6.0
2018-02-23,N05C,0.0
2018-02-23,R03,12.0
2018-02-23,R06,0.0
2018-02-24,M01AB,8.0
2018-02-24,M01AE,5.68
2018-02-24,N02BA,7.0
2018-02-24,N02BE,43.5
2018-02-24,N05B,10.0
2018-02-24,N05C,0.0
2018-02-24,R03,8.0
2018-02-24,R06,3.0
2018-02-25,M01AB,4.0
2018-02-25,M01AE,1.68
2018-02-25,N02BA,2.0
2018-02-25,N02BE,36.8
2018-02-25,N05B,10.0
2018-02-25,N05C,0.0
2018-02-25,R03,10.0
2018-02-25,R06,2.0
2018-02-26,M01AB,1.0
2018-02-26,M01AE,0.66
2018-02-26,N02BA,2.0
2018-02-26,N02BE,46.6
2018-02-26,N05B,9.0
2018-02-26,N05C,0.0
2018-02-26,R03,7.0
2018-02-26,R06,1.0
2018-02-27,M01AB,3.33
2018-02-27,M01AE,2.65
2018-02-27,N02BA,3.4
2018-02-27,N02BE,26.7
2018-02-27,N05B,20.0
2018-02-27,N05C,9.0
2018-02-27,R03,8.0
2018-02-27,R06,1.0
2018-02-28,M01AB,1.0
2018-02-28,M01AE,2.33
2018-02-28,N02BA,5.1
2018-02-28,N02BE,44.66
2018-02-28,N05B,21.0
2018-02-28,N05C,2.0
2018-02-28,R03,0.0
2018-02-28,R06,1.0
2018-03-01,M01AB,1.0
2018-03-01,M01AE,6.03
2018-03-01,N02BA,1.05
2018-03-01,N02BE,26.4
2018-03-01,N05B,26.0
2018-03-01,N05C,1.0
2018-03-01,R03,12.0
2018-03-01,R06,1.0
2018-03-02,M01AB,4.0
2018-03-02,M01AE,3.0
2018-03-02,N02BA,9.5
2018-03-02,N02BE,38.4
2018-03-02,N05B,24.0
2018-03-02,N05C,3.0
2018-03-02,R03,17.0
2018-03-02,R06,5.5
2018-03-03,M01AB,8.0
2018-03-03,M01AE,2.36
2018-03-03,N02BA,8.15
2018-03-03,N02BE,40.19
2018-03-03,N05B,12.0
2018-03-03,N05C,1.0
2018-03-03,R03,10.0
2018-03-03,R06,4.0
2018-03-04,M01AB,1.0
2018-03-04,M01AE,3.74
2018-03-04,N02BA,4.0
2018-03-04,N02BE,33.6
2018-03-04,N05B,3.0
2018-03-04,N05C,0.0
2018-03-04,R03,14.0
2018-03-04,R06,1.0
2018-03-05,M01AB,4.33
2018-03-05,M01AE,5.33
2018-03-05,N02BA,6.1
2018-03-05,N02BE,25.0
2018-03-05,N05B,6.0
2018-03-05,N05C,0.0
2018-03-05,R03,17.0
2018-03-05,R06,1.0
2018-03-06,M01AB,9.5
2018-03-06,M01AE,6.33
2018-03-06,N02BA,5.85
2018-03-06,N02BE,22.2
2018-03-06,N05B,22.0
2018-03-06,N05C,8.0
2018-03-06,R03,2.0
2018-03-06,R06,1.0
2018-03-07,M01AB,4.5
2018-03-07,M01AE,1.67
2018-03-07,N02BA,4.0
2018-03-07,N02BE,20.2
2018-03-07,N05B,31.0
2018-03-07,N05C,5.0
2018-03-07,R03,11.0
2018-03-07,R06,1.4
2018-03-08,M01AB,1.33
2018-03-08,M01AE,2.77
2018-03-08,N02BA,4.0
2018-03-08,N02BE,25.8
2018-03-08,N05B,10.0
2018-03-08,N05C,0.0
2018-03-08,R03,0.0
2018-03-08,R06,4.0
2018-03-09,M01AB,6.33
2018-03-09,M01AE,2.18
2018-03-09,N02BA,4.2
2018-03-09,N02BE,41.0
2018-03-09,N05B,11.0
2018-03-09,N05C,1.0
2018-03-09,R03,10.0
2018-03-09,R06,0.0
2018-03-10,M01AB,6.0
2018-03-10,M01AE,4.11
2018-03-10,N02BA,4.0
2018-03-10,N02BE,21.7
2018-03-10,N05B,11.0
2018-03-10,N05C,3.0
2018-03-10,R03,17.0
2018-03-10,R06,6.0
2018-03-11,M01AB,4.66
2018-03-11,M01AE,7.54
2018-03-11,N02BA,5.6
2018-03-11,N02BE,68.0
2018-03-11,N05B,0.0
2018-03-11,N05C,0.0
2018-03-11,R03,11.0
2018-03-11,R06,3.0
2018-03-12,M01AB,9.0
2018-03-12,M01AE,4.34
2018-03-12,N02BA,3.0
2018-03-12,N02BE,22.2
2018-03-12,N05B,9.0
2018-03-12,N05C,0.0
2018-03-12,R03,13.0
2018-03-12,R06,8.0
2018-03-13,M01AB,2.0
2018-03-13,M01AE,5.07
2018-03-13,N02BA,5.2
2018-03-13,N02BE,15.2
2018-03-13,N05B,18.0
2018-03-13,N05C,0.0
2018-03-13,R03,21.0
2018-03-13,R06,5.0
2018-03-14,M01AB,2.34
2018-03-14,M01AE,2.34
2018-03-14,N02BA,0.0
2018-03-14,N02BE,31.0
2018-03-14,N05B,14.0
2018-03-14,N05C,2.0
2018-03-14,R03,8.0
2018-03-14,R06,4.0
2018-03-15,M01AB,3.34
2018-03-15,M01AE,2.13
2018-03-15,N02BA,3.0
2018-03-15,N02BE,23.9
2018-03-15,N05B,10.0
2018-03-15,N05C,0.0
2018-03-15,R03,10.0
2018-03-15,R06,0.0
2018-03-16,M01AB,3.33
2018-03-16,M01AE,3.07
2018-03-16,N02BA,1.0
2018-03-16,N02BE,29.0
2018-03-16,N05B,7.0
2018-03-16,N05C,0.0
2018-03-16,R03,2.0
2018-03-16,R06,1.0
2018-03-17,M01AB,3.99
2018-03-17,M01AE,1.66
2018-03-17,N02BA,3.15
2018-03-17,N02BE,65.0
2018-03-17,N05B,11.0
2018-03-17,N05C,0.0
2018-03-17,R03,5.0
2018-03-17,R06,4.0
2018-03-18,M01AB,7.33
2018-03-18,M01AE,2.93
2018-03-18,N02BA,4.3
2018-03-18,N02BE,21.5
2018-03-18,N05B,8.0
2018-03-18,N05C,0.0
2018-03-18,R03,2.0
2018-03-18,R06,2.0
2018-03-19,M01AB,4.34
2018-03-19,M01AE,1.0
2018-03-19,N02BA,0.0
2018-03-19,N02BE,19.6
2018-03-19,N05B,11.0
2018-03-19,N05C,2.0
2018-03-19,R03,18.0
2018-03-19,R06,1.0
2018-03-20,M01AB,2.67
2018-03-20,M01AE,3.67
2018-03-20,N02BA,9.0
2018-03-20,N02BE,48.6
2018-03-20,N05B,7.0
2018-03-20,N05C,0.0
2018-03-20,R03,15.0
2018-03-20,R06,5.0
2018-03-21,M01AB,2.0
2018-03-21,M01AE,2.0
2018-03-21,N02BA,2.0
2018-03-21,N02BE,27.0
2018-03-21,N05B,4.0
2018-03-21,N05C,0.0
2018-03-21,R03,9.0
2018-03-21,R06,0.0
2018-03-22,M01AB,3.0
2018-03-22,M01AE,3.67
2018-03-22,N02BA,1.55
2018-03-22,N02BE,24.6
2018-03-22,N05B,4.0
2018-03-22,N05C,0.0
2018-03-22,R03,0.0
2018-03-22,R06,1.0
2018-03-23,M01AB,5.0
2018-03-23,M01AE,5.4
2018-03-23,N02BA,5.15
2018-03-23,N02BE,34.0
2018-03-23,N05B,8.0
2018-03-23,N05C,0.0
2018-03-23,R03,11.0
2018-03-23,R06,8.5
2018-03-24,M01AB,7.0
2018-03-24,M01AE,2.34
2018-03-24,N02BA,5.0
2018-03-24,N02BE,40.0
2018-03-24,N05B,7.0
2018-03-24,N05C,1.0
2018-03-24,R03,2.0
2018-03-24,R06,0.0
2018-03-25,M01AB,4.0
2018-03-25,M01AE,2.66
2018-03-25,N02BA,3.2
2018-03-25,N02BE,47.31
2018-03-25,N05B,9.0
2018-03-25,N05C,0.0
2018-03-25,R03,3.0
2018-03-25,R06,2.0
2018-03-26,M01AB,5.0
2018-03-26,M01AE,9.66
2018-03-26,N02BA,0.2
2018-03-26,N02BE,27.6
2018-03-26,N05B,15.0
2018-03-26,N05C,4.0
2018-03-26,R03,5.0
2018-03-26,R06,3.3
2018-03-27,M01AB,4.34
2018-03-27,M01AE,3.33
2018-03-27,N02BA,5.1
2018-03-27,N02BE,28.0
2018-03-27,N05B,14.0
2018-03-27,N05C,1.0
2018-03-27,R03,5.0
2018-03-27,R06,2.0
2018-03-28,M01AB,5.5
2018-03-28,M01AE,1.66
2018-03-28,N02BA,1.0
2018-03-28,N02BE,11.92
2018-03-28,N05B,23.0
2018-03-28,N05C,2.0
2018-03-28,R03,6.0
2018-03-28,R06,1.5
2018-03-29,M01AB,7.0
2018-03-29,M01AE,2.33
2018-03-29,N02BA,3.0
2018-03-29,N02BE,28.2
2018-03-29,N05B,5.0
2018-03-29,N05C,0.0
2018-03-29,R03,7.0
2018-03-29,R06,3.3
2018-03-30,M01AB,5.33
2018-03-30,M01AE,4.46
2018-03-30,N02BA,9.0
2018-03-30,N02BE,42.0
2018-03-30,N05B,33.0
2018-03-30,N05C,8.0
2018-03-30,R03,3.0
2018-03-30,R06,2.0
2018-03-31,M01AB,9.0
2018-03-31,M01AE,2.99
2018-03-31,N02BA,2.0
2018-03-31,N02BE,50.0
2018-03-31,N05B,8.0
2018-03-31,N05C,0.0
2018-03-31,R03,3.0
2018-03-31,R06,4.0
2018-04-01,M01AB,6.83
2018-04-01,M01AE,3.34
2018-04-01,N02BA,0.0
2018-04-01,N02BE,37.0
2018-04-01,N05B,19.0
2018-04-01,N05C,1.0
2018-04-01,R03,22.0
2018-04-01,R06,5.0
2018-04-02,M01AB,5.66
2018-04-02,M01AE,4.4
2018-04-02,N02BA,6.3
2018-04-02,N02BE,30.0
2018-04-02,N05B,31.0
2018-04-02,N05C,0.0
2018-04-02,R03,10.0
2018-04-02,R06,10.0
2018-04-03,M01AB,1.0
2018-04-03,M01AE,2.53
2018-04-03,N02BA,2.0
2018-04-03,N02BE,38.0
2018-04-03,N05B,10.0
2018-04-03,N05C,6.0
2018-04-03,R03,5.0
2018-04-03,R06,3.5
2018-04-04,M01AB,6.01
2018-04-04,M01AE,5.2
2018-04-04,N02BA,3.0
2018-04-04,N02BE,29.0
2018-04-04,N05B,9.0
2018-04-04,N05C,0.0
2018-04-04,R03,1.0
2018-04-04,R06,8.0
2018-04-05,M01AB,6.33
2018-04-05,M01AE,3.67
2018-04-05,N02BA,5.4
2018-04-05,N02BE,39.0
2018-04-05,N05B,16.0
2018-04-05,N05C,1.0
2018-04-05,R03,16.0
2018-04-05,R06,3.0
2018-04-06,M01AB,3.67
2018-04-06,M01AE,3.0
2018-04-06,N02BA,4.2
2018-04-06,N02BE,33.52
2018-04-06,N05B,13.0
2018-04-06,N05C,0.0
2018-04-06,R03,23.0
2018-04-06,R06,5.0
2018-04-07,M01AB,16.18
2018-04-07,M01AE,4.51
2018-04-07,N02BA,2.0
2018-04-07,N02BE,40.0
2018-04-07,N05B,4.0
2018-04-07,N05C,0.0
2018-04-07,R03,5.0
2018-04-07,R06,7.0
2018-04-08,M01AB,0.0
2018-04-08,M01AE,0.0
2018-04-08,N02BA,0.0
2018-04-08,N02BE,0.0
2018-04-08,N05B,0.0
2018-04-08,N05C,0.0
2018-04-08,R03,0.0
2018-04-08,R06,0.0
2018-04-09,M01AB,5.0
2018-04-09,M01AE,3.0
2018-04-09,N02BA,6.0
2018-04-09,N02BE,25.0
2018-04-09,N05B,6.0
2018-04-09,N05C,0.0
2018-04-09,R03,10.0
2018-04-09,R06,6.0
2018-04-10,M01AB,2.0
2018-04-10,M01AE,3.07
2018-04-10,N02BA,2.0
2018-04-10,N02BE,38.3
2018-04-10,N05B,18.0
2018-04-10,N05C,3.0
2018-04-10,R03,7.0
2018-04-10,R06,10.0
2018-04-11,M01AB,6.67
2018-04-11,M01AE,3.01
2018-04-11,N02BA,2.0
2018-04-11,N02BE,28.0
2018-04-11,N05B,12.0
2018-04-11,N05C,0.0
2018-04-11,R03,3.0
2018-04-11,R06,11.0
2018-04-12,M01AB,5.0
2018-04-12,M01AE,4.76
2018-04-12,N02BA,3.5
2018-04-12,N02BE,17.4
2018-04-12,N05B,9.0
2018-04-12,N05C,0.0
2018-04-12,R03,6.0
2018-04-12,R06,4.5
2018-04-13,M01AB,4.5
2018-04-13,M01AE,2.03
2018-04-13,N02BA,5.0
2018-04-13,N02BE,23.0
2018-04-13,N05B,12.0
2018-04-13,N05C,0.0
2018-04-13,R03,23.0
2018-04-13,R06,4.0
2018-04-14,M01AB,8.0
2018-04-14,M01AE,3.68
2018-04-14,N02BA,2.0
2018-04-14,N02BE,24.0
2018-04-14,N05B,2.0
2018-04-14,N05C,0.0
2018-04-14,R03,3.0
2018-04-14,R06,12.0
2018-04-15,M01AB,7.66
2018-04-15,M01AE,2.76
2018-04-15,N02BA,3.0
2018-04-15,N02BE,20.0
2018-04-15,N05B,5.0
2018-04-15,N05C,0.0
2018-04-15,R03,0.0
2018-04-15,R06,6.0
2018-04-16,M01AB,2.0
2018-04-16,M01AE,6.02
2018-04-16,N02BA,0.25
2018-04-16,N02BE,40.5
2018-04-16,N05B,9.0
2018-04-16,N05C,0.0
2018-04-16,R03,4.0
2018-04-16,R06,3.0
2018-04-17,M01AB,3.34
2018-04-17,M01AE,1.41
2018-04-17,N02BA,0.15
2018-04-17,N02BE,16.0
2018-04-17,N05B,10.0
2018-04-17,N05C,0.0
2018-04-17,R03,6.0
2018-04-17,R06,6.0
2018-04-18,M01AB,5.0
2018-04-18,M01AE,0.54
2018-04-18,N02BA,3.25
2018-04-18,N02BE,25.25
2018-04-18,N05B,5.0
2018-04-18,N05C,0.0
2018-04-18,R03,7.0
2018-04-18,R06,1.0
2018-04-19,M01AB,5.0
2018-04-19,M01AE,5.67
2018-04-19,N02BA,1.0
2018-04-19,N02BE,31.38
2018-04-19,N05B,3.0
2018-04-19,N05C,0.0
2018-04-19,R03,1.0
2018-04-19,R06,7.0
2018-04-20,M01AB,5.0
2018-04-20,M01AE,4.51
2018-04-20,N02BA,0.0
2018-04-20,N02BE,15.0
2018-04-20,N05B,10.0
2018-04-20,N05C,0.0
2018-04-20,R03,6.0
2018-04-20,R06,9.0
2018-04-21,M01AB,3.5
2018-04-21,M01AE,3.44
2018-04-21,N02BA,2.0
2018-04-21,N02BE,40.4
2018-04-21,N05B,7.0
2018-04-21,N05C,0.0
2018-04-21,R03,4.0
2018-04-21,R06,6.2
2018-04-22,M01AB,6.0
2018-04-22,M01AE,5.09
2018-04-22,N02BA,3.5
2018-04-22,N02BE,42.5
2018-04-22,N05B,7.0
2018-04-22,N05C,0.0
2018-04-22,R03,0.0
2018-04-22,R06,6.5
2018-04-23,M01AB,7.0
2018-04-23,M01AE,0.69
2018-04-23,N02BA,1.0
2018-04-23,N02BE,15.56
2018-04-23,N05B,7.0
2018-04-23,N05C,0.0
2018-04-23,R03,2.0
2018-04-23,R06,9.0
2018-04-24,M01AB,6.0
2018-04-24,M01AE,4.46
2018-04-24,N02BA,6.0
2018-04-24,N02BE,20.0
2018-04-24,N05B,9.0
2018-04-24,N05C,0.0
2018-04-24,R03,1.0
2018-04-24,R06,12.0
2018-04-25,M01AB,9.0
2018-04-25,M01AE,7.66
2018-04-25,N02BA,5.0
2018-04-25,N02BE,18.1
2018-04-25,N05B,8.0
2018-04-25,N05C,2.0
2018-04-25,R03,30.0
2018-04-25,R06,9.0
2018-04-26,M01AB,5.33
2018-04-26,M01AE,1.1
2018-04-26,N02BA,2.0
2018-04-26,N02BE,18.0
2018-04-26,N05B,8.0
2018-04-26,N05C,0.0
2018-04-26,R03,7.0
2018-04-26,R06,5.0
2018-04-27,M01AB,6.68
2018-04-27,M01AE,3.53
2018-04-27,N02BA,3.0
2018-04-27,N02BE,43.0
2018-04-27,N05B,12.0
2018-04-27,N05C,0.0
2018-04-27,R03,6.0
2018-04-27,R06,4.0
2018-04-28,M01AB,9.33
2018-04-28,M01AE,2.0
2018-04-28,N02BA,2.05
2018-04-28,N02BE,27.25
2018-04-28,N05B,11.0
2018-04-28,N05C,1.0
2018-04-28,R03,6.0
2018-04-28,R06,7.0
2018-04-29,M01AB,7.33
2018-04-29,M01AE,6.0
2018-04-29,N02BA,6.0
2018-04-29,N02BE,14.0
2018-04-29,N05B,5.0
2018-04-29,N05C,0.0
2018-04-29,R03,14.0
2018-04-29,R06,10.4
2018-04-30,M01AB,5.0
2018-04-30,M01AE,6.66
2018-04-30,N02BA,3.0
2018-04-30,N02BE,14.12
2018-04-30,N05B,12.0
2018-04-30,N05C,0.0
2018-04-30,R03,1.0
2018-04-30,R06,7.0
2018-05-01,M01AB,2.34
2018-05-01,M01AE,0.0
2018-05-01,N02BA,1.0
2018-05-01,N02BE,6.2
2018-05-01,N05B,0.0
2018-05-01,N05C,0.0
2018-05-01,R03,1.0
2018-05-01,R06,8.0
2018-05-02,M01AB,6.0
2018-05-02,M01AE,3.53
2018-05-02,N02BA,2.0
2018-05-02,N02BE,38.2
2018-05-02,N05B,7.0
2018-05-02,N05C,0.0
2018-05-02,R03,3.0
2018-05-02,R06,9.0
2018-05-03,M01AB,2.33
2018-05-03,M01AE,1.78
2018-05-03,N02BA,2.0
2018-05-03,N02BE,27.26
2018-05-03,N05B,10.0
2018-05-03,N05C,0.0
2018-05-03,R03,16.0
2018-05-03,R06,10.0
2018-05-04,M01AB,1.0
2018-05-04,M01AE,2.93
2018-05-04,N02BA,5.0
2018-05-04,N02BE,8.75
2018-05-04,N05B,6.0
2018-05-04,N05C,0.0
2018-05-04,R03,2.0
2018-05-04,R06,10.5
2018-05-05,M01AB,9.0
2018-05-05,M01AE,3.34
2018-05-05,N02BA,5.0
2018-05-05,N02BE,24.0
2018-05-05,N05B,9.0
2018-05-05,N05C,0.0
2018-05-05,R03,0.0
2018-05-05,R06,7.0
2018-05-06,M01AB,3.34
2018-05-06,M01AE,10.66
2018-05-06,N02BA,0.25
2018-05-06,N02BE,18.2
2018-05-06,N05B,9.0
2018-05-06,N05C,0.0
2018-05-06,R03,3.0
2018-05-06,R06,13.5
2018-05-07,M01AB,9.66
2018-05-07,M01AE,0.03
2018-05-07,N02BA,0.0
2018-05-07,N02BE,22.0
2018-05-07,N05B,13.0
2018-05-07,N05C,0.0
2018-05-07,R03,7.0
2018-05-07,R06,3.0
2018-05-08,M01AB,10.5
2018-05-08,M01AE,5.84
2018-05-08,N02BA,1.0
2018-05-08,N02BE,15.0
2018-05-08,N05B,14.0
2018-05-08,N05C,2.0
2018-05-08,R03,1.0
2018-05-08,R06,9.0
2018-05-09,M01AB,9.34
2018-05-09,M01AE,2.33
2018-05-09,N02BA,7.0
2018-05-09,N02BE,24.4
2018-05-09,N05B,8.0
2018-05-09,N05C,2.0
2018-05-09,R03,2.0
2018-05-09,R06,5.0
2018-05-10,M01AB,8.5
2018-05-10,M01AE,5.32
2018-05-10,N02BA,6.0
2018-05-10,N02BE,39.0
2018-05-10,N05B,12.0
2018-05-10,N05C,0.0
2018-05-10,R03,1.0
2018-05-10,R06,6.0
2018-05-11,M01AB,9.33
2018-05-11,M01AE,1.34
2018-05-11,N02BA,3.0
2018-05-11,N02BE,19.0
2018-05-11,N05B,6.0
2018-05-11,N05C,0.0
2018-05-11,R03,2.0
2018-05-11,R06,10.0
2018-05-12,M01AB,1.33
2018-05-12,M01AE,3.66
2018-05-12,N02BA,5.15
2018-05-12,N02BE,27.0
2018-05-12,N05B,10.0
2018-05-12,N05C,0.0
2018-05-12,R03,11.0
2018-05-12,R06,8.0
2018-05-13,M01AB,5.16
2018-05-13,M01AE,5.76
2018-05-13,N02BA,3.0
2018-05-13,N02BE,14.4
2018-05-13,N05B,3.0
2018-05-13,N05C,0.0
2018-05-13,R03,7.0
2018-05-13,R06,10.0
2018-05-14,M01AB,6.0
2018-05-14,M01AE,6.54
2018-05-14,N02BA,1.0
2018-05-14,N02BE,20.0
2018-05-14,N05B,4.0
2018-05-14,N05C,1.0
2018-05-14,R03,37.0
2018-05-14,R06,3.0
2018-05-15,M01AB,4.0
2018-05-15,M01AE,0.67
2018-05-15,N02BA,2.0
2018-05-15,N02BE,14.0
2018-05-15,N05B,11.0
2018-05-15,N05C,0.0
2018-05-15,R03,5.0
2018-05-15,R06,7.0
2018-05-16,M01AB,4.01
2018-05-16,M01AE,2.33
2018-05-16,N02BA,2.5
2018-05-16,N02BE,13.4
2018-05-16,N05B,9.0
2018-05-16,N05C,0.0
2018-05-16,R03,2.0
2018-05-16,R06,8.0
2018-05-17,M01AB,2.0
2018-05-17,M01AE,2.78
2018-05-17,N02BA,3.5
2018-05-17,N02BE,16.0
2018-05-17,N05B,11.0
2018-05-17,N05C,0.0
2018-05-17,R03,1.0
2018-05-17,R06,4.0
2018-05-18,M01AB,2.34
2018-05-18,M01AE,1.4
2018-05-18,N02BA,6.0
2018-05-18,N02BE,30.0
2018-05-18,N05B,11.0
2018-05-18,N05C,0.0
2018-05-18,R03,2.0
2018-05-18,R06,2.4
2018-05-19,M01AB,2.34
2018-05-19,M01AE,2.56
2018-05-19,N02BA,1.0
2018-05-19,N02BE,18.4
2018-05-19,N05B,7.0
2018-05-19,N05C,5.0
2018-05-19,R03,0.0
2018-05-19,R06,5.0
2018-05-20,M01AB,7.0
2018-05-20,M01AE,8.01
2018-05-20,N02BA,1.0
2018-05-20,N02BE,45.0
2018-05-20,N05B,6.0
2018-05-20,N05C,1.0
2018-05-20,R03,0.0
2018-05-20,R06,10.0
2018-05-21,M01AB,12.0
2018-05-21,M01AE,2.76
2018-05-21,N02BA,2.15
2018-05-21,N02BE,14.6
2018-05-21,N05B,18.0
2018-05-21,N05C,0.0
2018-05-21,R03,11.0
2018-05-21,R06,5.0
2018-05-22,M01AB,3.67
2018-05-22,M01AE,2.33
2018-05-22,N02BA,3.0
2018-05-22,N02BE,8.06
2018-05-22,N05B,7.0
2018-05-22,N05C,0.0
2018-05-22,R03,6.0
2018-05-22,R06,6.0
2018-05-23,M01AB,1.5
2018-05-23,M01AE,3.66
2018-05-23,N02BA,0.0
2018-05-23,N02BE,11.0
2018-05-23,N05B,7.0
2018-05-23,N05C,0.0
2018-05-23,R03,0.0
2018-05-23,R06,7.0
2018-05-24,M01AB,2.0
2018-05-24,M01AE,1.99
2018-05-24,N02BA,5.0
2018-05-24,N02BE,20.2
2018-05-24,N05B,6.0
2018-05-24,N05C,1.0
2018-05-24,R03,10.0
2018-05-24,R06,1.0
2018-05-25,M01AB,2.33
2018-05-25,M01AE,2.33
2018-05-25,N02BA,2.0
2018-05-25,N02BE,16.4
2018-05-25,N05B,9.0
2018-05-25,N05C,0.0
2018-05-25,R03,1.0
2018-05-25,R06,2.0
2018-05-26,M01AB,3.33
2018-05-26,M01AE,2.76
2018-05-26,N02BA,7.0
2018-05-26,N02BE,16.26
2018-05-26,N05B,7.0
2018-05-26,N05C,0.0
2018-05-26,R03,3.0
2018-05-26,R06,5.0
2018-05-27,M01AB,6.33
2018-05-27,M01AE,4.52
2018-05-27,N02BA,5.0
2018-05-27,N02BE,49.26
2018-05-27,N05B,6.0
2018-05-27,N05C,1.0
2018-05-27,R03,0.0
2018-05-27,R06,11.0
2018-05-28,M01AB,7.0
2018-05-28,M01AE,3.01
2018-05-28,N02BA,1.2
2018-05-28,N02BE,19.6
2018-05-28,N05B,7.0
2018-05-28,N05C,0.0
2018-05-28,R03,7.0
2018-05-28,R06,6.0
2018-05-29,M01AB,9.0
2018-05-29,M01AE,4.03
2018-05-29,N02BA,3.3
2018-05-29,N02BE,21.25
2018-05-29,N05B,7.0
2018-05-29,N05C,0.0
2018-05-29,R03,4.0
2018-05-29,R06,6.0
2018-05-30,M01AB,4.34
2018-05-30,M01AE,1.67
2018-05-30,N02BA,2.0
2018-05-30,N02BE,16.4
2018-05-30,N05B,9.0
2018-05-30,N05C,0.0
2018-05-30,R03,14.0
2018-05-30,R06,10.0
2018-05-31,M01AB,3.5
2018-05-31,M01AE,3.66
2018-05-31,N02BA,1.35
2018-05-31,N02BE,11.4
2018-05-31,N05B,10.0
2018-05-31,N05C,0.0
2018-05-31,R03,8.0
2018-05-31,R06,5.64
2018-06-01,M01AB,12.33
2018-06-01,M01AE,2.18
2018-06-01,N02BA,4.0
2018-06-01,N02BE,29.0
2018-06-01,N05B,9.0
2018-06-01,N05C,0.0
2018-06-01,R03,5.0
2018-06-01,R06,3.0
2018-06-02,M01AB,8.0
2018-06-02,M01AE,3.09
2018-06-02,N02BA,4.0
2018-06-02,N02BE,23.0
2018-06-02,N05B,9.0
2018-06-02,N05C,3.0
2018-06-02,R03,7.0
2018-06-02,R06,9.0
2018-06-03,M01AB,5.0
2018-06-03,M01AE,2.75
2018-06-03,N02BA,1.0
2018-06-03,N02BE,22.4
2018-06-03,N05B,8.0
2018-06-03,N05C,1.0
2018-06-03,R03,0.0
2018-06-03,R06,2.0
2018-06-04,M01AB,3.33
2018-06-04,M01AE,3.0
2018-06-04,N02BA,6.0
2018-06-04,N02BE,19.0
2018-06-04,N05B,3.0
2018-06-04,N05C,0.0
2018-06-04,R03,6.0
2018-06-04,R06,6.0
2018-06-05,M01AB,4.33
2018-06-05,M01AE,3.67
2018-06-05,N02BA,1.05
2018-06-05,N02BE,20.0
2018-06-05,N05B,7.0
2018-06-05,N05C,2.0
2018-06-05,R03,0.0
2018-06-05,R06,7.0
2018-06-06,M01AB,6.0
2018-06-06,M01AE,2.34
2018-06-06,N02BA,0.15
2018-06-06,N02BE,17.25
2018-06-06,N05B,16.0
2018-06-06,N05C,3.0
2018-06-06,R03,0.0
2018-06-06,R06,2.0
2018-06-07,M01AB,2.0
2018-06-07,M01AE,4.53
2018-06-07,N02BA,0.25
2018-06-07,N02BE,19.0
2018-06-07,N05B,11.0
2018-06-07,N05C,1.0
2018-06-07,R03,10.0
2018-06-07,R06,2.0
2018-06-08,M01AB,4.0
2018-06-08,M01AE,1.33
2018-06-08,N02BA,2.0
2018-06-08,N02BE,9.0
2018-06-08,N05B,6.0
2018-06-08,N05C,0.0
2018-06-08,R03,2.0
2018-06-08,R06,4.4
2018-06-09,M01AB,8.0
2018-06-09,M01AE,6.46
2018-06-09,N02BA,3.0
2018-06-09,N02BE,21.0
2018-06-09,N05B,11.0
2018-06-09,N05C,0.0
2018-06-09,R03,5.0
2018-06-09,R06,0.0
2018-06-10,M01AB,2.66
2018-06-10,M01AE,4.69
2018-06-10,N02BA,5.0
2018-06-10,N02BE,33.2
2018-06-10,N05B,7.0
2018-06-10,N05C,0.0
2018-06-10,R03,0.0
2018-06-10,R06,3.0
2018-06-11,M01AB,8.0
2018-06-11,M01AE,8.33
2018-06-11,N02BA,3.1
2018-06-11,N02BE,17.0
2018-06-11,N05B,17.0
2018-06-11,N05C,0.0
2018-06-11,R03,0.0
2018-06-11,R06,6.0
2018-06-12,M01AB,2.34
2018-06-12,M01AE,4.5
2018-06-12,N02BA,4.0
2018-06-12,N02BE,18.19
2018-06-12,N05B,3.0
2018-06-12,N05C,0.0
2018-06-12,R03,1.0
2018-06-12,R06,7.4
2018-06-13,M01AB,12.0
2018-06-13,M01AE,4.33
2018-06-13,N02BA,1.2
2018-06-13,N02BE,22.25
2018-06-13,N05B,1.0
2018-06-13,N05C,0.0
2018-06-13,R03,0.0
2018-06-13,R06,2.0
2018-06-14,M01AB,0.0
2018-06-14,M01AE,1.0
2018-06-14,N02BA,1.0
2018-06-14,N02BE,22.0
2018-06-14,N05B,11.0
2018-06-14,N05C,0.0
2018-06-14,R03,0.0
2018-06-14,R06,2.0
2018-06-15,M01AB,1.0
2018-06-15,M01AE,0.07
2018-06-15,N02BA,0.3
2018-06-15,N02BE,11.13
2018-06-15,N05B,10.0
2018-06-15,N05C,0.0
2018-06-15,R03,8.0
2018-06-15,R06,2.0
2018-06-16,M01AB,3.34
2018-06-16,M01AE,6.38
2018-06-16,N02BA,5.0
2018-06-16,N02BE,10.0
2018-06-16,N05B,5.0
2018-06-16,N05C,0.0
2018-06-16,R03,2.0
2018-06-16,R06,7.0
2018-06-17,M01AB,4.84
2018-06-17,M01AE,6.59
2018-06-17,N02BA,6.0
2018-06-17,N02BE,24.0
2018-06-17,N05B,10.0
2018-06-17,N05C,0.0
2018-06-17,R03,5.0
2018-06-17,R06,4.0
2018-06-18,M01AB,4.5
2018-06-18,M01AE,1.33
2018-06-18,N02BA,2.1
2018-06-18,N02BE,14.0
2018-06-18,N05B,4.0
2018-06-18,N05C,0.0
2018-06-18,R03,1.0
2018-06-18,R06,6.0
2018-06-19,M01AB,4.0
2018-06-19,M01AE,3.34
2018-06-19,N02BA,4.0
2018-06-19,N02BE,23.0
2018-06-19,N05B,8.0
2018-06-19,N05C,0.0
2018-06-19,R03,5.0
2018-06-19,R06,3.0
2018-06-20,M01AB,3.66
2018-06-20,M01AE,4.53
2018-06-20,N02BA,2.5
2018-06-20,N02BE,15.06
2018-06-20,N05B,8.0
2018-06-20,N05C,3.0
2018-06-20,R03,11.0
2018-06-20,R06,2.6
2018-06-21,M01AB,3.35
2018-06-21,M01AE,2.91
2018-06-21,N02BA,4.0
2018-06-21,N02BE,36.0
2018-06-21,N05B,5.0
2018-06-21,N05C,0.0
2018-06-21,R03,5.0
2018-06-21,R06,10.5
2018-06-22,M01AB,5.0
2018-06-22,M01AE,5.1
2018-06-22,N02BA,4.15
2018-06-22,N02BE,12.0
2018-06-22,N05B,3.0
2018-06-22,N05C,0.0
2018-06-22,R03,6.0
2018-06-22,R06,5.5
2018-06-23,M01AB,5.33
2018-06-23,M01AE,7.34
2018-06-23,N02BA,2.0
2018-06-23,N02BE,14.0
2018-06-23,N05B,7.0
2018-06-23,N05C,0.0
2018-06-23,R03,1.0
2018-06-23,R06,2.0
2018-06-24,M01AB,1.67
2018-06-24,M01AE,4.75
2018-06-24,N02BA,2.0
2018-06-24,N02BE,29.0
2018-06-24,N05B,10.0
2018-06-24,N05C,0.0
2018-06-24,R03,0.0
2018-06-24,R06,3.0
2018-06-25,M01AB,3.33
2018-06-25,M01AE,3.1
2018-06-25,N02BA,0.0
2018-06-25,N02BE,31.06
2018-06-25,N05B,12.0
2018-06-25,N05C,3.0
2018-06-25,R03,5.0
2018-06-25,R06,2.0
2018-06-26,M01AB,10.33
2018-06-26,M01AE,5.67
2018-06-26,N02BA,3.0
2018-06-26,N02BE,15.0
2018-06-26,N05B,6.0
2018-06-26,N05C,0.0
2018-06-26,R03,9.0
2018-06-26,R06,4.4
2018-06-27,M01AB,2.0
2018-06-27,M01AE,2.4
2018-06-27,N02BA,3.0
2018-06-27,N02BE,11.0
2018-06-27,N05B,10.0
2018-06-27,N05C,0.0
2018-06-27,R03,2.0
2018-06-27,R06,3.0
2018-06-28,M01AB,3.0
2018-06-28,M01AE,2.19
2018-06-28,N02BA,4.0
2018-06-28,N02BE,10.0
2018-06-28,N05B,13.0
2018-06-28,N05C,0.0
2018-06-28,R03,5.0
2018-06-28,R06,2.0
2018-06-29,M01AB,1.0
2018-06-29,M01AE,3.0
2018-06-29,N02BA,2.0
2018-06-29,N02BE,10.0
2018-06-29,N05B,8.0
2018-06-29,N05C,0.0
2018-06-29,R03,0.0
2018-06-29,R06,4.0
2018-06-30,M01AB,6.84
2018-06-30,M01AE,3.34
2018-06-30,N02BA,7.0
2018-06-30,N02BE,26.8
2018-06-30,N05B,10.0
2018-06-30,N05C,2.0
2018-06-30,R03,0.0
2018-06-30,R06,4.0
2018-07-01,M01AB,2.0
2018-07-01,M01AE,3.69
2018-07-01,N02BA,1.0
2018-07-01,N02BE,22.0
2018-07-01,N05B,7.0
2018-07-01,N05C,0.0
2018-07-01,R03,10.0
2018-07-01,R06,4.0
2018-07-02,M01AB,3.33
2018-07-02,M01AE,6.33
2018-07-02,N02BA,3.0
2018-07-02,N02BE,24.6
2018-07-02,N05B,18.0
2018-07-02,N05C,0.0
2018-07-02,R03,3.0
2018-07-02,R06,7.0
2018-07-03,M01AB,6.34
2018-07-03,M01AE,2.33
2018-07-03,N02BA,1.0
2018-07-03,N02BE,13.6
2018-07-03,N05B,9.0
2018-07-03,N05C,0.0
2018-07-03,R03,8.0
2018-07-03,R06,3.0
2018-07-04,M01AB,1.0
2018-07-04,M01AE,2.83
2018-07-04,N02BA,3.5
2018-07-04,N02BE,16.25
2018-07-04,N05B,6.0
2018-07-04,N05C,0.0
2018-07-04,R03,22.0
2018-07-04,R06,7.0
2018-07-05,M01AB,4.33
2018-07-05,M01AE,2.76
2018-07-05,N02BA,4.0
2018-07-05,N02BE,15.0
2018-07-05,N05B,6.0
2018-07-05,N05C,3.0
2018-07-05,R03,3.0
2018-07-05,R06,1.0
2018-07-06,M01AB,2.33
2018-07-06,M01AE,5.33
2018-07-06,N02BA,1.25
2018-07-06,N02BE,20.0
2018-07-06,N05B,15.0
2018-07-06,N05C,0.0
2018-07-06,R03,0.0
2018-07-06,R06,6.0
2018-07-07,M01AB,6.33
2018-07-07,M01AE,8.52
2018-07-07,N02BA,7.0
2018-07-07,N02BE,19.0
2018-07-07,N05B,14.0
2018-07-07,N05C,0.0
2018-07-07,R03,0.0
2018-07-07,R06,5.5
2018-07-08,M01AB,7.33
2018-07-08,M01AE,5.21
2018-07-08,N02BA,2.0
2018-07-08,N02BE,28.0
2018-07-08,N05B,10.0
2018-07-08,N05C,0.0
2018-07-08,R03,5.0
2018-07-08,R06,4.0
2018-07-09,M01AB,3.33
2018-07-09,M01AE,2.0
2018-07-09,N02BA,4.0
2018-07-09,N02BE,31.0
2018-07-09,N05B,12.0
2018-07-09,N05C,3.0
2018-07-09,R03,0.0
2018-07-09,R06,3.0
2018-07-10,M01AB,6.0
2018-07-10,M01AE,6.36
2018-07-10,N02BA,4.0
2018-07-10,N02BE,34.0
2018-07-10,N05B,9.0
2018-07-10,N05C,2.0
2018-07-10,R03,2.0
2018-07-10,R06,4.0
2018-07-11,M01AB,10.0
2018-07-11,M01AE,3.36
2018-07-11,N02BA,3.0
2018-07-11,N02BE,29.4
2018-07-11,N05B,13.0
2018-07-11,N05C,0.0
2018-07-11,R03,6.0
2018-07-11,R06,2.0
2018-07-12,M01AB,3.0
2018-07-12,M01AE,4.34
2018-07-12,N02BA,7.0
2018-07-12,N02BE,24.0
2018-07-12,N05B,11.0
2018-07-12,N05C,4.0
2018-07-12,R03,0.0
2018-07-12,R06,3.0
2018-07-13,M01AB,1.34
2018-07-13,M01AE,2.67
2018-07-13,N02BA,1.15
2018-07-13,N02BE,22.0
2018-07-13,N05B,5.0
2018-07-13,N05C,0.0
2018-07-13,R03,2.0
2018-07-13,R06,3.0
2018-07-14,M01AB,0.0
2018-07-14,M01AE,3.2
2018-07-14,N02BA,0.0
2018-07-14,N02BE,26.0
2018-07-14,N05B,8.0
2018-07-14,N05C,0.0
2018-07-14,R03,0.0
2018-07-14,R06,1.4
2018-07-15,M01AB,10.0
2018-07-15,M01AE,9.42
2018-07-15,N02BA,3.5
2018-07-15,N02BE,23.0
2018-07-15,N05B,4.0
2018-07-15,N05C,0.0
2018-07-15,R03,1.0
2018-07-15,R06,7.0
2018-07-16,M01AB,9.33
2018-07-16,M01AE,5.02
2018-07-16,N02BA,1.0
2018-07-16,N02BE,22.0
2018-07-16,N05B,8.0
2018-07-16,N05C,0.0
2018-07-16,R03,0.0
2018-07-16,R06,3.0
2018-07-17,M01AB,2.33
2018-07-17,M01AE,3.66
2018-07-17,N02BA,2.0
2018-07-17,N02BE,29.4
2018-07-17,N05B,13.0
2018-07-17,N05C,0.0
2018-07-17,R03,0.0
2018-07-17,R06,6.0
2018-07-18,M01AB,2.5
2018-07-18,M01AE,2.84
2018-07-18,N02BA,5.0
2018-07-18,N02BE,10.0
2018-07-18,N05B,17.0
2018-07-18,N05C,0.0
2018-07-18,R03,12.0
2018-07-18,R06,6.0
2018-07-19,M01AB,6.84
2018-07-19,M01AE,4.0
2018-07-19,N02BA,3.0
2018-07-19,N02BE,16.0
2018-07-19,N05B,14.0
2018-07-19,N05C,1.0
2018-07-19,R03,0.0
2018-07-19,R06,3.0
2018-07-20,M01AB,5.0
2018-07-20,M01AE,7.18
2018-07-20,N02BA,5.0
2018-07-20,N02BE,35.2
2018-07-20,N05B,2.0
2018-07-20,N05C,1.0
2018-07-20,R03,2.0
2018-07-20,R06,4.0
2018-07-21,M01AB,4.0
2018-07-21,M01AE,5.02
2018-07-21,N02BA,0.3
2018-07-21,N02BE,22.0
2018-07-21,N05B,7.0
2018-07-21,N05C,0.0
2018-07-21,R03,5.0
2018-07-21,R06,1.0
2018-07-22,M01AB,3.66
2018-07-22,M01AE,4.34
2018-07-22,N02BA,0.0
2018-07-22,N02BE,31.0
2018-07-22,N05B,4.0
2018-07-22,N05C,0.0
2018-07-22,R03,5.0
2018-07-22,R06,6.0
2018-07-23,M01AB,8.68
2018-07-23,M01AE,1.86
2018-07-23,N02BA,2.1
2018-07-23,N02BE,12.0
2018-07-23,N05B,15.0
2018-07-23,N05C,1.0
2018-07-23,R03,0.0
2018-07-23,R06,5.3
2018-07-24,M01AB,9.68
2018-07-24,M01AE,4.0
2018-07-24,N02BA,2.0
2018-07-24,N02BE,22.0
2018-07-24,N05B,4.0
2018-07-24,N05C,1.0
2018-07-24,R03,2.0
2018-07-24,R06,2.0
2018-07-25,M01AB,5.0
2018-07-25,M01AE,2.68
2018-07-25,N02BA,2.0
2018-07-25,N02BE,16.0
2018-07-25,N05B,7.0
2018-07-25,N05C,0.0
2018-07-25,R03,0.0
2018-07-25,R06,2.0
2018-07-26,M01AB,4.33
2018-07-26,M01AE,1.83
2018-07-26,N02BA,5.0
2018-07-26,N02BE,24.0
2018-07-26,N05B,4.0
2018-07-26,N05C,0.0
2018-07-26,R03,1.0
2018-07-26,R06,4.0
2018-07-27,M01AB,2.34
2018-07-27,M01AE,3.34
2018-07-27,N02BA,3.0
2018-07-27,N02BE,19.4
2018-07-27,N05B,11.0
2018-07-27,N05C,0.0
2018-07-27,R03,1.0
2018-07-27,R06,6.0
2018-07-28,M01AB,6.0
2018-07-28,M01AE,4.01
2018-07-28,N02BA,1.0
2018-07-28,N02BE,24.5
2018-07-28,N05B,9.0
2018-07-28,N05C,0.0
2018-07-28,R03,0.0
2018-07-28,R06,3.0
2018-07-29,M01AB,3.5
2018-07-29,M01AE,4.35
2018-07-29,N02BA,2.1
2018-07-29,N02BE,9.0
2018-07-29,N05B,7.0
2018-07-29,N05C,1.0
2018-07-29,R03,0.0
2018-07-29,R06,3.0
2018-07-30,M01AB,3.0
2018-07-30,M01AE,6.33
2018-07-30,N02BA,5.3
2018-07-30,N02BE,26.0
2018-07-30,N05B,9.0
2018-07-30,N05C,2.0
2018-07-30,R03,0.0
2018-07-30,R06,4.0
2018-07-31,M01AB,7.33
2018-07-31,M01AE,3.74
2018-07-31,N02BA,3.0
2018-07-31,N02BE,13.0
2018-07-31,N05B,5.0
2018-07-31,N05C,0.0
2018-07-31,R03,0.0
2018-07-31,R06,3.0
2018-08-01,M01AB,1.0
2018-08-01,M01AE,2.34
2018-08-01,N02BA,1.0
2018-08-01,N02BE,14.0
2018-08-01,N05B,9.0
2018-08-01,N05C,1.0
2018-08-01,R03,1.0
2018-08-01,R06,7.0
2018-08-02,M01AB,0.0
2018-08-02,M01AE,1.0
2018-08-02,N02BA,0.0
2018-08-02,N02BE,11.0
2018-08-02,N05B,11.0
2018-08-02,N05C,0.0
2018-08-02,R03,2.0
2018-08-02,R06,5.0
2018-08-03,M01AB,4.01
2018-08-03,M01AE,2.67
2018-08-03,N02BA,2.0
2018-08-03,N02BE,21.0
2018-08-03,N05B,9.0
2018-08-03,N05C,0.0
2018-08-03,R03,0.0
2018-08-03,R06,1.0
2018-08-04,M01AB,5.0
2018-08-04,M01AE,3.87
2018-08-04,N02BA,2.0
2018-08-04,N02BE,8.0
2018-08-04,N05B,11.0
2018-08-04,N05C,3.0
2018-08-04,R03,0.0
2018-08-04,R06,8.0
2018-08-05,M01AB,6.0
2018-08-05,M01AE,0.99
2018-08-05,N02BA,5.0
2018-08-05,N02BE,13.0
2018-08-05,N05B,4.0
2018-08-05,N05C,2.0
2018-08-05,R03,6.0
2018-08-05,R06,1.3
2018-08-06,M01AB,8.33
2018-08-06,M01AE,6.16
2018-08-06,N02BA,2.0
2018-08-06,N02BE,21.39
2018-08-06,N05B,7.0
2018-08-06,N05C,0.0
2018-08-06,R03,6.0
2018-08-06,R06,2.0
2018-08-07,M01AB,2.33
2018-08-07,M01AE,2.67
2018-08-07,N02BA,8.0
2018-08-07,N02BE,15.0
2018-08-07,N05B,7.0
2018-08-07,N05C,1.0
2018-08-07,R03,1.0
2018-08-07,R06,3.0
2018-08-08,M01AB,4.33
2018-08-08,M01AE,2.79
2018-08-08,N02BA,2.0
2018-08-08,N02BE,10.0
2018-08-08,N05B,13.0
2018-08-08,N05C,0.0
2018-08-08,R03,0.0
2018-08-08,R06,2.0
2018-08-09,M01AB,2.67
2018-08-09,M01AE,3.07
2018-08-09,N02BA,1.0
2018-08-09,N02BE,29.4
2018-08-09,N05B,13.0
2018-08-09,N05C,0.0
2018-08-09,R03,0.0
2018-08-09,R06,2.0
2018-08-10,M01AB,6.0
2018-08-10,M01AE,4.0
2018-08-10,N02BA,4.0
2018-08-10,N02BE,19.0
2018-08-10,N05B,4.0
2018-08-10,N05C,0.0
2018-08-10,R03,0.0
2018-08-10,R06,2.0
2018-08-11,M01AB,4.0
2018-08-11,M01AE,4.13
2018-08-11,N02BA,6.0
2018-08-11,N02BE,37.0
2018-08-11,N05B,16.0
2018-08-11,N05C,1.0
2018-08-11,R03,5.0
2018-08-11,R06,10.0
2018-08-12,M01AB,10.99
2018-08-12,M01AE,4.99
2018-08-12,N02BA,6.0
2018-08-12,N02BE,16.0
2018-08-12,N05B,6.0
2018-08-12,N05C,0.0
2018-08-12,R03,1.0
2018-08-12,R06,2.0
2018-08-13,M01AB,3.33
2018-08-13,M01AE,5.02
2018-08-13,N02BA,2.0
2018-08-13,N02BE,23.25
2018-08-13,N05B,15.0
2018-08-13,N05C,0.0
2018-08-13,R03,3.0
2018-08-13,R06,2.0
2018-08-14,M01AB,1.33
2018-08-14,M01AE,2.74
2018-08-14,N02BA,5.0
2018-08-14,N02BE,12.0
2018-08-14,N05B,9.0
2018-08-14,N05C,0.0
2018-08-14,R03,4.0
2018-08-14,R06,5.0
2018-08-15,M01AB,8.34
2018-08-15,M01AE,4.2
2018-08-15,N02BA,2.0
2018-08-15,N02BE,32.2
2018-08-15,N05B,13.0
2018-08-15,N05C,2.0
2018-08-15,R03,0.0
2018-08-15,R06,1.0
2018-08-16,M01AB,3.33
2018-08-16,M01AE,8.73
2018-08-16,N02BA,4.0
2018-08-16,N02BE,27.4
2018-08-16,N05B,6.0
2018-08-16,N05C,3.0
2018-08-16,R03,5.0
2018-08-16,R06,5.0
2018-08-17,M01AB,2.33
2018-08-17,M01AE,2.99
2018-08-17,N02BA,2.4
2018-08-17,N02BE,23.0
2018-08-17,N05B,5.0
2018-08-17,N05C,1.0
2018-08-17,R03,5.0
2018-08-17,R06,1.0
2018-08-18,M01AB,6.33
2018-08-18,M01AE,5.34
2018-08-18,N02BA,0.0
2018-08-18,N02BE,32.1
2018-08-18,N05B,5.0
2018-08-18,N05C,1.0
2018-08-18,R03,6.0
2018-08-18,R06,0.0
2018-08-19,M01AB,6.33
2018-08-19,M01AE,4.5
2018-08-19,N02BA,1.0
2018-08-19,N02BE,19.9
2018-08-19,N05B,3.0
2018-08-19,N05C,0.0
2018-08-19,R03,5.0
2018-08-19,R06,6.0
2018-08-20,M01AB,4.0
2018-08-20,M01AE,5.68
2018-08-20,N02BA,4.2
2018-08-20,N02BE,21.4
2018-08-20,N05B,7.0
2018-08-20,N05C,0.0
2018-08-20,R03,20.0
2018-08-20,R06,3.0
2018-08-21,M01AB,2.34
2018-08-21,M01AE,3.0
2018-08-21,N02BA,2.15
2018-08-21,N02BE,26.2
2018-08-21,N05B,4.0
2018-08-21,N05C,1.0
2018-08-21,R03,1.0
2018-08-21,R06,4.0
2018-08-22,M01AB,5.0
2018-08-22,M01AE,4.33
2018-08-22,N02BA,0.0
2018-08-22,N02BE,18.0
2018-08-22,N05B,4.0
2018-08-22,N05C,1.0
2018-08-22,R03,0.0
2018-08-22,R06,4.0
2018-08-23,M01AB,5.0
2018-08-23,M01AE,4.07
2018-08-23,N02BA,4.0
2018-08-23,N02BE,35.0
2018-08-23,N05B,8.0
2018-08-23,N05C,0.0
2018-08-23,R03,23.0
2018-08-23,R06,3.0
2018-08-24,M01AB,4.0
2018-08-24,M01AE,2.34
2018-08-24,N02BA,1.0
2018-08-24,N02BE,38.5
2018-08-24,N05B,7.0
2018-08-24,N05C,0.0
2018-08-24,R03,21.0
2018-08-24,R06,4.0
2018-08-25,M01AB,3.67
2018-08-25,M01AE,4.01
2018-08-25,N02BA,3.2
2018-08-25,N02BE,27.0
2018-08-25,N05B,4.0
2018-08-25,N05C,0.0
2018-08-25,R03,6.0
2018-08-25,R06,2.5
2018-08-26,M01AB,11.33
2018-08-26,M01AE,6.67
2018-08-26,N02BA,4.0
2018-08-26,N02BE,57.0
2018-08-26,N05B,10.0
2018-08-26,N05C,0.0
2018-08-26,R03,8.0
2018-08-26,R06,4.3
2018-08-27,M01AB,3.34
2018-08-27,M01AE,1.0
2018-08-27,N02BA,9.0
2018-08-27,N02BE,16.0
2018-08-27,N05B,6.0
2018-08-27,N05C,0.0
2018-08-27,R03,1.0
2018-08-27,R06,1.0
2018-08-28,M01AB,2.0
2018-08-28,M01AE,2.68
2018-08-28,N02BA,1.0
2018-08-28,N02BE,26.4
2018-08-28,N05B,7.0
2018-08-28,N05C,1.0
2018-08-28,R03,0.0
2018-08-28,R06,3.0
2018-08-29,M01AB,6.67
2018-08-29,M01AE,2.67
2018-08-29,N02BA,1.3
2018-08-29,N02BE,28.5
2018-08-29,N05B,10.0
2018-08-29,N05C,1.0
2018-08-29,R03,5.0
2018-08-29,R06,3.0
2018-08-30,M01AB,2.33
2018-08-30,M01AE,2.74
2018-08-30,N02BA,3.0
2018-08-30,N02BE,38.0
2018-08-30,N05B,7.0
2018-08-30,N05C,0.0
2018-08-30,R03,4.0
2018-08-30,R06,2.0
2018-08-31,M01AB,4.34
2018-08-31,M01AE,3.34
2018-08-31,N02BA,0.0
2018-08-31,N02BE,17.2
2018-08-31,N05B,13.0
2018-08-31,N05C,1.0
2018-08-31,R03,20.0
2018-08-31,R06,4.0
2018-09-01,M01AB,2.34
2018-09-01,M01AE,0.0
2018-09-01,N02BA,2.2
2018-09-01,N02BE,19.0
2018-09-01,N05B,6.0
2018-09-01,N05C,1.0
2018-09-01,R03,1.0
2018-09-01,R06,2.0
2018-09-02,M01AB,6.68
2018-09-02,M01AE,5.37
2018-09-02,N02BA,3.0
2018-09-02,N02BE,20.0
2018-09-02,N05B,5.0
2018-09-02,N05C,0.0
2018-09-02,R03,5.0
2018-09-02,R06,2.0
2018-09-03,M01AB,1.0
2018-09-03,M01AE,2.02
2018-09-03,N02BA,2.0
2018-09-03,N02BE,27.4
2018-09-03,N05B,12.0
2018-09-03,N05C,0.0
2018-09-03,R03,0.0
2018-09-03,R06,4.0
2018-09-04,M01AB,4.0
2018-09-04,M01AE,1.09
2018-09-04,N02BA,1.0
2018-09-04,N02BE,22.0
2018-09-04,N05B,7.0
2018-09-04,N05C,0.0
2018-09-04,R03,3.0
2018-09-04,R06,2.0
2018-09-05,M01AB,6.5
2018-09-05,M01AE,3.33
2018-09-05,N02BA,1.5
2018-09-05,N02BE,28.0
2018-09-05,N05B,11.0
2018-09-05,N05C,0.0
2018-09-05,R03,3.0
2018-09-05,R06,2.0
2018-09-06,M01AB,6.66
2018-09-06,M01AE,4.06
2018-09-06,N02BA,3.0
2018-09-06,N02BE,18.4
2018-09-06,N05B,13.0
2018-09-06,N05C,0.0
2018-09-06,R03,5.0
2018-09-06,R06,0.0
2018-09-07,M01AB,2.0
2018-09-07,M01AE,1.75
2018-09-07,N02BA,4.0
2018-09-07,N02BE,42.0
2018-09-07,N05B,6.0
2018-09-07,N05C,0.0
2018-09-07,R03,22.0
2018-09-07,R06,7.7
2018-09-08,M01AB,10.0
2018-09-08,M01AE,2.34
2018-09-08,N02BA,6.1
2018-09-08,N02BE,35.4
2018-09-08,N05B,12.0
2018-09-08,N05C,0.0
2018-09-08,R03,10.0
2018-09-08,R06,1.0
2018-09-09,M01AB,4.0
2018-09-09,M01AE,5.94
2018-09-09,N02BA,0.0
2018-09-09,N02BE,50.0
2018-09-09,N05B,2.0
2018-09-09,N05C,0.0
2018-09-09,R03,0.0
2018-09-09,R06,5.0
2018-09-10,M01AB,7.0
2018-09-10,M01AE,2.41
2018-09-10,N02BA,2.0
2018-09-10,N02BE,49.4
2018-09-10,N05B,14.0
2018-09-10,N05C,3.0
2018-09-10,R03,1.0
2018-09-10,R06,2.0
2018-09-11,M01AB,9.0
2018-09-11,M01AE,2.73
2018-09-11,N02BA,3.0
2018-09-11,N02BE,50.6
2018-09-11,N05B,15.0
2018-09-11,N05C,0.0
2018-09-11,R03,6.0
2018-09-11,R06,4.0
2018-09-12,M01AB,4.0
2018-09-12,M01AE,3.0
2018-09-12,N02BA,2.0
2018-09-12,N02BE,35.0
2018-09-12,N05B,18.0
2018-09-12,N05C,0.0
2018-09-12,R03,5.0
2018-09-12,R06,0.0
2018-09-13,M01AB,2.83
2018-09-13,M01AE,3.09
2018-09-13,N02BA,1.0
2018-09-13,N02BE,20.6
2018-09-13,N05B,5.0
2018-09-13,N05C,2.0
2018-09-13,R03,12.0
2018-09-13,R06,2.0
2018-09-14,M01AB,8.0
2018-09-14,M01AE,7.02
2018-09-14,N02BA,4.0
2018-09-14,N02BE,54.0
2018-09-14,N05B,7.0
2018-09-14,N05C,0.0
2018-09-14,R03,1.0
2018-09-14,R06,2.0
2018-09-15,M01AB,6.0
2018-09-15,M01AE,2.01
2018-09-15,N02BA,4.0
2018-09-15,N02BE,19.7
2018-09-15,N05B,6.0
2018-09-15,N05C,0.0
2018-09-15,R03,10.0
2018-09-15,R06,4.4
2018-09-16,M01AB,3.33
2018-09-16,M01AE,0.67
2018-09-16,N02BA,3.25
2018-09-16,N02BE,24.25
2018-09-16,N05B,6.0
2018-09-16,N05C,1.0
2018-09-16,R03,7.0
2018-09-16,R06,3.0
2018-09-17,M01AB,3.0
2018-09-17,M01AE,2.33
2018-09-17,N02BA,3.75
2018-09-17,N02BE,44.4
2018-09-17,N05B,10.0
2018-09-17,N05C,1.0
2018-09-17,R03,5.0
2018-09-17,R06,0.0
2018-09-18,M01AB,4.34
2018-09-18,M01AE,3.0
2018-09-18,N02BA,3.7
2018-09-18,N02BE,20.0
2018-09-18,N05B,6.0
2018-09-18,N05C,0.0
2018-09-18,R03,1.0
2018-09-18,R06,5.0
2018-09-19,M01AB,6.0
2018-09-19,M01AE,3.68
2018-09-19,N02BA,2.0
2018-09-19,N02BE,26.0
2018-09-19,N05B,10.0
2018-09-19,N05C,0.0
2018-09-19,R03,9.0
2018-09-19,R06,7.0
2018-09-20,M01AB,2.0
2018-09-20,M01AE,4.07
2018-09-20,N02BA,2.0
2018-09-20,N02BE,24.2
2018-09-20,N05B,13.0
2018-09-20,N05C,1.0
2018-09-20,R03,0.0
2018-09-20,R06,5.0
2018-09-21,M01AB,4.66
2018-09-21,M01AE,5.84
2018-09-21,N02BA,1.0
2018-09-21,N02BE,33.1
2018-09-21,N05B,10.0
2018-09-21,N05C,0.0
2018-09-21,R03,1.0
2018-09-21,R06,3.0
2018-09-22,M01AB,6.0
2018-09-22,M01AE,3.83
2018-09-22,N02BA,1.5
2018-09-22,N02BE,31.6
2018-09-22,N05B,6.0
2018-09-22,N05C,1.0
2018-09-22,R03,23.0
2018-09-22,R06,3.0
2018-09-23,M01AB,7.34
2018-09-23,M01AE,9.44
2018-09-23,N02BA,3.25
2018-09-23,N02BE,42.86
2018-09-23,N05B,9.0
2018-09-23,N05C,0.0
2018-09-23,R03,8.0
2018-09-23,R06,5.0
2018-09-24,M01AB,7.33
2018-09-24,M01AE,3.67
2018-09-24,N02BA,5.5
2018-09-24,N02BE,53.8
2018-09-24,N05B,7.0
2018-09-24,N05C,0.0
2018-09-24,R03,9.0
2018-09-24,R06,2.0
2018-09-25,M01AB,6.0
2018-09-25,M01AE,4.74
2018-09-25,N02BA,3.3
2018-09-25,N02BE,53.85
2018-09-25,N05B,11.0
2018-09-25,N05C,0.0
2018-09-25,R03,22.0
2018-09-25,R06,2.0
2018-09-26,M01AB,3.0
2018-09-26,M01AE,9.0
2018-09-26,N02BA,6.0
2018-09-26,N02BE,41.4
2018-09-26,N05B,9.0
2018-09-26,N05C,1.0
2018-09-26,R03,0.0
2018-09-26,R06,3.0
2018-09-27,M01AB,4.0
2018-09-27,M01AE,6.57
2018-09-27,N02BA,4.6
2018-09-27,N02BE,19.0
2018-09-27,N05B,11.0
2018-09-27,N05C,0.0
2018-09-27,R03,7.0
2018-09-27,R06,3.0
2018-09-28,M01AB,2.0
2018-09-28,M01AE,4.68
2018-09-28,N02BA,3.7
2018-09-28,N02BE,40.6
2018-09-28,N05B,3.0
2018-09-28,N05C,0.0
2018-09-28,R03,5.0
2018-09-28,R06,3.0
2018-09-29,M01AB,3.5
2018-09-29,M01AE,5.33
2018-09-29,N02BA,2.15
2018-09-29,N02BE,57.7
2018-09-29,N05B,4.0
2018-09-29,N05C,0.0
2018-09-29,R03,21.0
2018-09-29,R06,1.0
2018-09-30,M01AB,11.01
2018-09-30,M01AE,2.01
2018-09-30,N02BA,2.0
2018-09-30,N02BE,54.0
2018-09-30,N05B,9.0
2018-09-30,N05C,1.0
2018-09-30,R03,3.0
2018-09-30,R06,3.0
2018-10-01,M01AB,3.0
2018-10-01,M01AE,4.93
2018-10-01,N02BA,1.0
2018-10-01,N02BE,53.0
2018-10-01,N05B,10.0
2018-10-01,N05C,0.0
2018-10-01,R03,21.0
2018-10-01,R06,3.0
2018-10-02,M01AB,6.0
2018-10-02,M01AE,3.91
2018-10-02,N02BA,3.5
2018-10-02,N02BE,18.6
2018-10-02,N05B,7.0
2018-10-02,N05C,0.0
2018-10-02,R03,6.0
2018-10-02,R06,0.0
2018-10-03,M01AB,6.0
2018-10-03,M01AE,3.33
2018-10-03,N02BA,3.0
2018-10-03,N02BE,34.9
2018-10-03,N05B,12.0
2018-10-03,N05C,2.0
2018-10-03,R03,5.0
2018-10-03,R06,4.0
2018-10-04,M01AB,6.0
2018-10-04,M01AE,3.36
2018-10-04,N02BA,2.0
2018-10-04,N02BE,32.0
2018-10-04,N05B,12.0
2018-10-04,N05C,1.0
2018-10-04,R03,5.0
2018-10-04,R06,0.0
2018-10-05,M01AB,4.84
2018-10-05,M01AE,3.4
2018-10-05,N02BA,1.1
2018-10-05,N02BE,22.8
2018-10-05,N05B,7.0
2018-10-05,N05C,0.0
2018-10-05,R03,14.0
2018-10-05,R06,1.0
2018-10-06,M01AB,2.0
2018-10-06,M01AE,5.36
2018-10-06,N02BA,3.2
2018-10-06,N02BE,59.25
2018-10-06,N05B,4.0
2018-10-06,N05C,0.0
2018-10-06,R03,3.0
2018-10-06,R06,0.1
2018-10-07,M01AB,2.68
2018-10-07,M01AE,7.35
2018-10-07,N02BA,2.0
2018-10-07,N02BE,42.4
2018-10-07,N05B,8.0
2018-10-07,N05C,0.0
2018-10-07,R03,9.0
2018-10-07,R06,1.0
2018-10-08,M01AB,4.0
2018-10-08,M01AE,1.68
2018-10-08,N02BA,3.0
2018-10-08,N02BE,30.0
2018-10-08,N05B,18.0
2018-10-08,N05C,5.0
2018-10-08,R03,0.0
2018-10-08,R06,3.0
2018-10-09,M01AB,2.0
2018-10-09,M01AE,1.67
2018-10-09,N02BA,1.0
2018-10-09,N02BE,30.0
2018-10-09,N05B,18.0
2018-10-09,N05C,0.0
2018-10-09,R03,29.0
2018-10-09,R06,1.0
2018-10-10,M01AB,9.0
2018-10-10,M01AE,8.01
2018-10-10,N02BA,4.1
2018-10-10,N02BE,41.2
2018-10-10,N05B,13.0
2018-10-10,N05C,0.0
2018-10-10,R03,20.0
2018-10-10,R06,2.0
2018-10-11,M01AB,2.0
2018-10-11,M01AE,2.33
2018-10-11,N02BA,2.1
2018-10-11,N02BE,31.0
2018-10-11,N05B,15.0
2018-10-11,N05C,0.0
2018-10-11,R03,0.0
2018-10-11,R06,1.0
2018-10-12,M01AB,6.33
2018-10-12,M01AE,4.36
2018-10-12,N02BA,1.0
2018-10-12,N02BE,26.0
2018-10-12,N05B,6.0
2018-10-12,N05C,0.0
2018-10-12,R03,1.0
2018-10-12,R06,6.0
2018-10-13,M01AB,6.99
2018-10-13,M01AE,4.51
2018-10-13,N02BA,3.25
2018-10-13,N02BE,29.6
2018-10-13,N05B,8.0
2018-10-13,N05C,0.0
2018-10-13,R03,6.0
2018-10-13,R06,3.0
2018-10-14,M01AB,2.34
2018-10-14,M01AE,6.01
2018-10-14,N02BA,6.2
2018-10-14,N02BE,51.7
2018-10-14,N05B,9.0
2018-10-14,N05C,2.0
2018-10-14,R03,0.0
2018-10-14,R06,6.0
2018-10-15,M01AB,7.17
2018-10-15,M01AE,0.07
2018-10-15,N02BA,3.0
2018-10-15,N02BE,47.6
2018-10-15,N05B,12.0
2018-10-15,N05C,0.0
2018-10-15,R03,5.0
2018-10-15,R06,6.0
2018-10-16,M01AB,6.0
2018-10-16,M01AE,5.32
2018-10-16,N02BA,2.0
2018-10-16,N02BE,27.3
2018-10-16,N05B,5.0
2018-10-16,N05C,3.0
2018-10-16,R03,6.0
2018-10-16,R06,0.0
2018-10-17,M01AB,2.33
2018-10-17,M01AE,6.0
2018-10-17,N02BA,4.0
2018-10-17,N02BE,52.2
2018-10-17,N05B,5.0
2018-10-17,N05C,0.0
2018-10-17,R03,1.0
2018-10-17,R06,4.0
2018-10-18,M01AB,4.34
2018-10-18,M01AE,3.0
2018-10-18,N02BA,1.1
2018-10-18,N02BE,14.0
2018-10-18,N05B,9.0
2018-10-18,N05C,1.0
2018-10-18,R03,10.0
2018-10-18,R06,5.0
2018-10-19,M01AB,4.0
2018-10-19,M01AE,2.07
2018-10-19,N02BA,0.0
2018-10-19,N02BE,10.6
2018-10-19,N05B,5.0
2018-10-19,N05C,2.0
2018-10-19,R03,6.0
2018-10-19,R06,4.0
2018-10-20,M01AB,2.34
2018-10-20,M01AE,2.02
2018-10-20,N02BA,2.0
2018-10-20,N02BE,33.0
2018-10-20,N05B,9.0
2018-10-20,N05C,0.0
2018-10-20,R03,34.0
2018-10-20,R06,5.0
2018-10-21,M01AB,6.67
2018-10-21,M01AE,8.69
2018-10-21,N02BA,1.0
2018-10-21,N02BE,56.3
2018-10-21,N05B,5.0
2018-10-21,N05C,3.0
2018-10-21,R03,5.0
2018-10-21,R06,1.0
2018-10-22,M01AB,2.66
2018-10-22,M01AE,7.01
2018-10-22,N02BA,3.3
2018-10-22,N02BE,18.8
2018-10-22,N05B,8.0
2018-10-22,N05C,0.0
2018-10-22,R03,28.0
2018-10-22,R06,1.3
2018-10-23,M01AB,2.34
2018-10-23,M01AE,2.0
2018-10-23,N02BA,0.45
2018-10-23,N02BE,44.8
2018-10-23,N05B,9.0
2018-10-23,N05C,1.0
2018-10-23,R03,11.0
2018-10-23,R06,3.0
2018-10-24,M01AB,4.0
2018-10-24,M01AE,2.11
2018-10-24,N02BA,5.0
2018-10-24,N02BE,37.2
2018-10-24,N05B,7.0
2018-10-24,N05C,0.0
2018-10-24,R03,10.0
2018-10-24,R06,1.5
2018-10-25,M01AB,5.33
2018-10-25,M01AE,5.43
2018-10-25,N02BA,3.0
2018-10-25,N02BE,52.2
2018-10-25,N05B,12.0
2018-10-25,N05C,0.0
2018-10-25,R03,33.0
2018-10-25,R06,3.0
2018-10-26,M01AB,4.0
2018-10-26,M01AE,5.37
2018-10-26,N02BA,4.6
2018-10-26,N02BE,44.0
2018-10-26,N05B,14.0
2018-10-26,N05C,1.0
2018-10-26,R03,14.0
2018-10-26,R06,1.0
2018-10-27,M01AB,8.34
2018-10-27,M01AE,3.43
2018-10-27,N02BA,2.2
2018-10-27,N02BE,49.98
2018-10-27,N05B,12.0
2018-10-27,N05C,1.0
2018-10-27,R03,7.0
2018-10-27,R06,2.0
2018-10-28,M01AB,5.33
2018-10-28,M01AE,5.33
2018-10-28,N02BA,1.6
2018-10-28,N02BE,53.75
2018-10-28,N05B,9.0
2018-10-28,N05C,3.0
2018-10-28,R03,13.0
2018-10-28,R06,3.0
2018-10-29,M01AB,5.35
2018-10-29,M01AE,2.67
2018-10-29,N02BA,2.35
2018-10-29,N02BE,32.8
2018-10-29,N05B,5.0
2018-10-29,N05C,0.0
2018-10-29,R03,10.0
2018-10-29,R06,3.0
2018-10-30,M01AB,9.33
2018-10-30,M01AE,4.0
2018-10-30,N02BA,1.0
2018-10-30,N02BE,18.2
2018-10-30,N05B,7.0
2018-10-30,N05C,0.0
2018-10-30,R03,13.0
2018-10-30,R06,1.0
2018-10-31,M01AB,2.0
2018-10-31,M01AE,4.68
2018-10-31,N02BA,3.0
2018-10-31,N02BE,34.1
2018-10-31,N05B,7.0
2018-10-31,N05C,0.0
2018-10-31,R03,2.0
2018-10-31,R06,2.0
2018-11-01,M01AB,7.84
2018-11-01,M01AE,0.34
2018-11-01,N02BA,3.0
2018-11-01,N02BE,25.0
2018-11-01,N05B,6.0
2018-11-01,N05C,3.0
2018-11-01,R03,7.0
2018-11-01,R06,0.0
2018-11-02,M01AB,5.14
2018-11-02,M01AE,1.84
2018-11-02,N02BA,0.0
2018-11-02,N02BE,32.6
2018-11-02,N05B,8.2
2018-11-02,N05C,0.0
2018-11-02,R03,1.0
2018-11-02,R06,3.3
2018-11-03,M01AB,3.0
2018-11-03,M01AE,3.0
2018-11-03,N02BA,6.2
2018-11-03,N02BE,45.4
2018-11-03,N05B,2.0
2018-11-03,N05C,0.0
2018-11-03,R03,0.0
2018-11-03,R06,2.0
2018-11-04,M01AB,13.99
2018-11-04,M01AE,4.9
2018-11-04,N02BA,0.0
2018-11-04,N02BE,52.0
2018-11-04,N05B,7.0
2018-11-04,N05C,0.0
2018-11-04,R03,13.0
2018-11-04,R06,1.0
2018-11-05,M01AB,6.33
2018-11-05,M01AE,2.34
2018-11-05,N02BA,6.0
2018-11-05,N02BE,29.0
2018-11-05,N05B,14.0
2018-11-05,N05C,0.0
2018-11-05,R03,13.0
2018-11-05,R06,2.3
2018-11-06,M01AB,3.33
2018-11-06,M01AE,6.68
2018-11-06,N02BA,10.55
2018-11-06,N02BE,37.7
2018-11-06,N05B,8.0
2018-11-06,N05C,0.0
2018-11-06,R03,13.0
2018-11-06,R06,2.5
2018-11-07,M01AB,7.0
2018-11-07,M01AE,1.86
2018-11-07,N02BA,3.0
2018-11-07,N02BE,38.9
2018-11-07,N05B,15.0
2018-11-07,N05C,3.0
2018-11-07,R03,8.0
2018-11-07,R06,0.0
2018-11-08,M01AB,3.0
2018-11-08,M01AE,1.57
2018-11-08,N02BA,6.0
2018-11-08,N02BE,38.0
2018-11-08,N05B,5.0
2018-11-08,N05C,0.0
2018-11-08,R03,16.0
2018-11-08,R06,2.0
2018-11-09,M01AB,5.0
2018-11-09,M01AE,0.67
2018-11-09,N02BA,5.0
2018-11-09,N02BE,43.0
2018-11-09,N05B,7.0
2018-11-09,N05C,1.0
2018-11-09,R03,22.0
2018-11-09,R06,0.0
2018-11-10,M01AB,4.33
2018-11-10,M01AE,2.42
2018-11-10,N02BA,2.0
2018-11-10,N02BE,35.6
2018-11-10,N05B,7.0
2018-11-10,N05C,1.0
2018-11-10,R03,11.0
2018-11-10,R06,1.1
2018-11-11,M01AB,11.0
2018-11-11,M01AE,4.25
2018-11-11,N02BA,2.0
2018-11-11,N02BE,33.65
2018-11-11,N05B,14.0
2018-11-11,N05C,0.0
2018-11-11,R03,10.0
2018-11-11,R06,1.0
2018-11-12,M01AB,2.34
2018-11-12,M01AE,2.33
2018-11-12,N02BA,7.0
2018-11-12,N02BE,35.0
2018-11-12,N05B,15.0
2018-11-12,N05C,2.0
2018-11-12,R03,24.0
2018-11-12,R06,1.0
2018-11-13,M01AB,6.33
2018-11-13,M01AE,5.35
2018-11-13,N02BA,6.0
2018-11-13,N02BE,29.7
2018-11-13,N05B,18.0
2018-11-13,N05C,0.0
2018-11-13,R03,18.0
2018-11-13,R06,3.0
2018-11-14,M01AB,5.66
2018-11-14,M01AE,4.67
2018-11-14,N02BA,3.0
2018-11-14,N02BE,28.4
2018-11-14,N05B,9.0
2018-11-14,N05C,0.0
2018-11-14,R03,0.0
2018-11-14,R06,0.0
2018-11-15,M01AB,2.0
2018-11-15,M01AE,4.08
2018-11-15,N02BA,2.0
2018-11-15,N02BE,49.6
2018-11-15,N05B,3.0
2018-11-15,N05C,2.0
2018-11-15,R03,29.0
2018-11-15,R06,0.0
2018-11-16,M01AB,8.33
2018-11-16,M01AE,2.66
2018-11-16,N02BA,4.0
2018-11-16,N02BE,21.5
2018-11-16,N05B,6.0
2018-11-16,N05C,0.0
2018-11-16,R03,6.0
2018-11-16,R06,0.4
2018-11-17,M01AB,8.0
2018-11-17,M01AE,2.34
2018-11-17,N02BA,1.0
2018-11-17,N02BE,39.0
2018-11-17,N05B,5.0
2018-11-17,N05C,0.0
2018-11-17,R03,13.0
2018-11-17,R06,2.0
2018-11-18,M01AB,4.68
2018-11-18,M01AE,4.68
2018-11-18,N02BA,5.0
2018-11-18,N02BE,32.9
2018-11-18,N05B,7.0
2018-11-18,N05C,1.0
2018-11-18,R03,10.0
2018-11-18,R06,1.0
2018-11-19,M01AB,6.01
2018-11-19,M01AE,2.44
2018-11-19,N02BA,2.0
2018-11-19,N02BE,47.2
2018-11-19,N05B,6.0
2018-11-19,N05C,3.0
2018-11-19,R03,3.0
2018-11-19,R06,0.0
2018-11-20,M01AB,5.33
2018-11-20,M01AE,3.8
2018-11-20,N02BA,4.0
2018-11-20,N02BE,31.5
2018-11-20,N05B,4.0
2018-11-20,N05C,1.0
2018-11-20,R03,10.0
2018-11-20,R06,3.0
2018-11-21,M01AB,7.0
2018-11-21,M01AE,2.34
2018-11-21,N02BA,3.25
2018-11-21,N02BE,22.0
2018-11-21,N05B,5.0
2018-11-21,N05C,0.0
2018-11-21,R03,5.0
2018-11-21,R06,1.0
2018-11-22,M01AB,8.0
2018-11-22,M01AE,7.07
2018-11-22,N02BA,3.0
2018-11-22,N02BE,22.4
2018-11-22,N05B,9.0
2018-11-22,N05C,0.0
2018-11-22,R03,15.0
2018-11-22,R06,2.0
2018-11-23,M01AB,6.0
2018-11-23,M01AE,4.47
2018-11-23,N02BA,3.0
2018-11-23,N02BE,29.6
2018-11-23,N05B,13.0
2018-11-23,N05C,1.0
2018-11-23,R03,24.0
2018-11-23,R06,3.0
2018-11-24,M01AB,5.66
2018-11-24,M01AE,5.78
2018-11-24,N02BA,5.0
2018-11-24,N02BE,29.2
2018-11-24,N05B,11.0
2018-11-24,N05C,0.0
2018-11-24,R03,7.0
2018-11-24,R06,0.3
2018-11-25,M01AB,5.33
2018-11-25,M01AE,3.59
2018-11-25,N02BA,3.15
2018-11-25,N02BE,19.1
2018-11-25,N05B,6.0
2018-11-25,N05C,1.0
2018-11-25,R03,3.0
2018-11-25,R06,2.0
2018-11-26,M01AB,5.33
2018-11-26,M01AE,2.34
2018-11-26,N02BA,2.0
2018-11-26,N02BE,36.3
2018-11-26,N05B,15.0
2018-11-26,N05C,1.0
2018-11-26,R03,16.0
2018-11-26,R06,3.0
2018-11-27,M01AB,8.0
2018-11-27,M01AE,4.67
2018-11-27,N02BA,2.0
2018-11-27,N02BE,41.5
2018-11-27,N05B,2.0
2018-11-27,N05C,0.0
2018-11-27,R03,5.0
2018-11-27,R06,2.0
2018-11-28,M01AB,3.0
2018-11-28,M01AE,5.67
2018-11-28,N02BA,1.0
2018-11-28,N02BE,24.4
2018-11-28,N05B,15.0
2018-11-28,N05C,2.0
2018-11-28,R03,8.0
2018-11-28,R06,4.0
2018-11-29,M01AB,4.33
2018-11-29,M01AE,4.32
2018-11-29,N02BA,1.0
2018-11-29,N02BE,22.6
2018-11-29,N05B,7.0
2018-11-29,N05C,0.0
2018-11-29,R03,1.0
2018-11-29,R06,3.0
2018-11-30,M01AB,1.0
2018-11-30,M01AE,3.01
2018-11-30,N02BA,1.0
2018-11-30,N02BE,22.4
2018-11-30,N05B,3.0
2018-11-30,N05C,0.0
2018-11-30,R03,0.0
2018-11-30,R06,2.5
2018-12-01,M01AB,7.0
2018-12-01,M01AE,8.78
2018-12-01,N02BA,2.05
2018-12-01,N02BE,41.0
2018-12-01,N05B,7.0
2018-12-01,N05C,3.0
2018-12-01,R03,13.0
2018-12-01,R06,2.0
2018-12-02,M01AB,3.17
2018-12-02,M01AE,5.78
2018-12-02,N02BA,10.0
2018-12-02,N02BE,65.7
2018-12-02,N05B,6.0
2018-12-02,N05C,0.0
2018-12-02,R03,27.0
2018-12-02,R06,8.0
2018-12-03,M01AB,6.0
2018-12-03,M01AE,5.08
2018-12-03,N02BA,2.1
2018-12-03,N02BE,44.0
2018-12-03,N05B,13.0
2018-12-03,N05C,0.0
2018-12-03,R03,13.0
2018-12-03,R06,1.0
2018-12-04,M01AB,2.5
2018-12-04,M01AE,3.0
2018-12-04,N02BA,3.0
2018-12-04,N02BE,32.2
2018-12-04,N05B,11.0
2018-12-04,N05C,0.0
2018-12-04,R03,5.0
2018-12-04,R06,3.0
2018-12-05,M01AB,5.33
2018-12-05,M01AE,3.73
2018-12-05,N02BA,3.5
2018-12-05,N02BE,41.3
2018-12-05,N05B,13.0
2018-12-05,N05C,0.0
2018-12-05,R03,15.0
2018-12-05,R06,2.0
2018-12-06,M01AB,0.0
2018-12-06,M01AE,0.0
2018-12-06,N02BA,0.0
2018-12-06,N02BE,0.0
2018-12-06,N05B,0.0
2018-12-06,N05C,0.0
2018-12-06,R03,0.0
2018-12-06,R06,0.0
2018-12-07,M01AB,5.0
2018-12-07,M01AE,3.01
2018-12-07,N02BA,3.0
2018-12-07,N02BE,47.4
2018-12-07,N05B,14.0
2018-12-07,N05C,0.0
2018-12-07,R03,12.0
2018-12-07,R06,3.0
2018-12-08,M01AB,0.0
2018-12-08,M01AE,0.0
2018-12-08,N02BA,0.0
2018-12-08,N02BE,0.0
2018-12-08,N05B,0.0
2018-12-08,N05C,0.0
2018-12-08,R03,0.0
2018-12-08,R06,0.0
2018-12-09,M01AB,4.66
2018-12-09,M01AE,6.69
2018-12-09,N02BA,4.1
2018-12-09,N02BE,57.7
2018-12-09,N05B,9.0
2018-12-09,N05C,0.0
2018-12-09,R03,11.0
2018-12-09,R06,0.0
2018-12-10,M01AB,4.0
2018-12-10,M01AE,5.0
2018-12-10,N02BA,1.5
2018-12-10,N02BE,23.8
2018-12-10,N05B,12.0
2018-12-10,N05C,1.0
2018-12-10,R03,7.0
2018-12-10,R06,1.0
2018-12-11,M01AB,4.0
2018-12-11,M01AE,4.01
2018-12-11,N02BA,8.35
2018-12-11,N02BE,28.0
2018-12-11,N05B,12.0
2018-12-11,N05C,3.0
2018-12-11,R03,2.0
2018-12-11,R06,5.5
2018-12-12,M01AB,4.33
2018-12-12,M01AE,2.0
2018-12-12,N02BA,3.0
2018-12-12,N02BE,37.6
2018-12-12,N05B,11.0
2018-12-12,N05C,0.0
2018-12-12,R03,21.0
2018-12-12,R06,0.0
2018-12-13,M01AB,3.68
2018-12-13,M01AE,2.24
2018-12-13,N02BA,3.0
2018-12-13,N02BE,47.5
2018-12-13,N05B,6.0
2018-12-13,N05C,0.0
2018-12-13,R03,6.0
2018-12-13,R06,0.0
2018-12-14,M01AB,2.0
2018-12-14,M01AE,2.0
2018-12-14,N02BA,0.2
2018-12-14,N02BE,23.4
2018-12-14,N05B,2.0
2018-12-14,N05C,1.0
2018-12-14,R03,29.0
2018-12-14,R06,1.0
2018-12-15,M01AB,4.0
2018-12-15,M01AE,2.34
2018-12-15,N02BA,3.45
2018-12-15,N02BE,62.4
2018-12-15,N05B,5.0
2018-12-15,N05C,0.0
2018-12-15,R03,26.0
2018-12-15,R06,2.3
2018-12-16,M01AB,1.33
2018-12-16,M01AE,4.32
2018-12-16,N02BA,0.2
2018-12-16,N02BE,27.0
2018-12-16,N05B,3.0
2018-12-16,N05C,0.0
2018-12-16,R03,7.0
2018-12-16,R06,1.0
2018-12-17,M01AB,6.34
2018-12-17,M01AE,2.01
2018-12-17,N02BA,5.0
2018-12-17,N02BE,53.0
2018-12-17,N05B,6.0
2018-12-17,N05C,1.0
2018-12-17,R03,22.0
2018-12-17,R06,2.0
2018-12-18,M01AB,0.33
2018-12-18,M01AE,2.47
2018-12-18,N02BA,1.0
2018-12-18,N02BE,34.5
2018-12-18,N05B,12.0
2018-12-18,N05C,3.0
2018-12-18,R03,9.0
2018-12-18,R06,2.0
2018-12-19,M01AB,0.0
2018-12-19,M01AE,0.0
2018-12-19,N02BA,0.0
2018-12-19,N02BE,0.0
2018-12-19,N05B,0.0
2018-12-19,N05C,0.0
2018-12-19,R03,0.0
2018-12-19,R06,0.0
2018-12-20,M01AB,8.34
2018-12-20,M01AE,1.66
2018-12-20,N02BA,1.0
2018-12-20,N02BE,27.0
2018-12-20,N05B,12.0
2018-12-20,N05C,3.0
2018-12-20,R03,1.0
2018-12-20,R06,0.0
2018-12-21,M01AB,2.0
2018-12-21,M01AE,1.35
2018-12-21,N02BA,0.0
2018-12-21,N02BE,35.0
2018-12-21,N05B,12.0
2018-12-21,N05C,1.0
2018-12-21,R03,13.0
2018-12-21,R06,1.0
2018-12-22,M01AB,8.34
2018-12-22,M01AE,3.34
2018-12-22,N02BA,4.5
2018-12-22,N02BE,43.4
2018-12-22,N05B,3.0
2018-12-22,N05C,1.0
2018-12-22,R03,0.0
2018-12-22,R06,0.0
2018-12-23,M01AB,12.33
2018-12-23,M01AE,6.41
2018-12-23,N02BA,2.3
2018-12-23,N02BE,47.7
2018-12-23,N05B,8.0
2018-12-23,N05C,0.0
2018-12-23,R03,13.0
2018-12-23,R06,4.0
2018-12-24,M01AB,8.67
2018-12-24,M01AE,4.35
2018-12-24,N02BA,1.0
2018-12-24,N02BE,32.0
2018-12-24,N05B,20.0
2018-12-24,N05C,0.0
2018-12-24,R03,8.0
2018-12-24,R06,1.0
2018-12-25,M01AB,8.0
2018-12-25,M01AE,6.08
2018-12-25,N02BA,5.1
2018-12-25,N02BE,42.6
2018-12-25,N05B,9.0
2018-12-25,N05C,3.0
2018-12-25,R03,21.0
2018-12-25,R06,2.0
2018-12-26,M01AB,1.0
2018-12-26,M01AE,0.66
2018-12-26,N02BA,2.15
2018-12-26,N02BE,50.0
2018-12-26,N05B,8.0
2018-12-26,N05C,1.0
2018-12-26,R03,13.0
2018-12-26,R06,2.0
2018-12-27,M01AB,3.68
2018-12-27,M01AE,3.01
2018-12-27,N02BA,3.05
2018-12-27,N02BE,40.6
2018-12-27,N05B,8.0
2018-12-27,N05C,0.0
2018-12-27,R03,7.0
2018-12-27,R06,0.0
2018-12-28,M01AB,11.67
2018-12-28,M01AE,5.84
2018-12-28,N02BA,1.0
2018-12-28,N02BE,56.4
2018-12-28,N05B,11.0
2018-12-28,N05C,6.0
2018-12-28,R03,9.0
2018-12-28,R06,0.0
2018-12-29,M01AB,6.68
2018-12-29,M01AE,5.61
2018-12-29,N02BA,1.0
2018-12-29,N02BE,68.35
2018-12-29,N05B,5.0
2018-12-29,N05C,0.0
2018-12-29,R03,7.0
2018-12-29,R06,2.0
2018-12-30,M01AB,5.33
2018-12-30,M01AE,7.59
2018-12-30,N02BA,5.0
2018-12-30,N02BE,59.9
2018-12-30,N05B,6.0
2018-12-30,N05C,0.0
2018-12-30,R03,31.0
2018-12-30,R06,3.3
2018-12-31,M01AB,8.0
2018-12-31,M01AE,4.66
2018-12-31,N02BA,5.2
2018-12-31,N02BE,44.5
2018-12-31,N05B,10.0
2018-12-31,N05C,0.0
2018-12-31,R03,6.0
2018-12-31,R06,4.0
2019-01-01,M01AB,0.0
2019-01-01,M01AE,0.0
2019-01-01,N02BA,0.0
2019-01-01,N02BE,0.0
2019-01-01,N05B,0.0
2019-01-01,N05C,0.0
2019-01-01,R03,0.0
2019-01-01,R06,0.0
2019-01-02,M01AB,5.33
2019-01-02,M01AE,4.4
2019-01-02,N02BA,4.15
2019-01-02,N02BE,36.8
2019-01-02,N05B,4.0
2019-01-02,N05C,0.0
2019-01-02,R03,9.0
2019-01-02,R06,2.0
2019-01-03,M01AB,4.33
2019-01-03,M01AE,4.84
2019-01-03,N02BA,6.25
2019-01-03,N02BE,42.4
2019-01-03,N05B,6.0
2019-01-03,N05C,0.0
2019-01-03,R03,9.0
2019-01-03,R06,0.0
2019-01-04,M01AB,7.0
2019-01-04,M01AE,3.67
2019-01-04,N02BA,2.6
2019-01-04,N02BE,55.8
2019-01-04,N05B,10.0
2019-01-04,N05C,0.0
2019-01-04,R03,0.0
2019-01-04,R06,1.0
2019-01-05,M01AB,8.01
2019-01-05,M01AE,3.69
2019-01-05,N02BA,3.1
2019-01-05,N02BE,62.75
2019-01-05,N05B,10.0
2019-01-05,N05C,0.0
2019-01-05,R03,30.0
2019-01-05,R06,1.0
2019-01-06,M01AB,8.33
2019-01-06,M01AE,10.01
2019-01-06,N02BA,2.25
2019-01-06,N02BE,47.4
2019-01-06,N05B,11.0
2019-01-06,N05C,2.0
2019-01-06,R03,0.0
2019-01-06,R06,3.0
2019-01-07,M01AB,0.0
2019-01-07,M01AE,0.0
2019-01-07,N02BA,0.0
2019-01-07,N02BE,0.0
2019-01-07,N05B,0.0
2019-01-07,N05C,0.0
2019-01-07,R03,0.0
2019-01-07,R06,0.0
2019-01-08,M01AB,4.34
2019-01-08,M01AE,3.32
2019-01-08,N02BA,0.0
2019-01-08,N02BE,41.8
2019-01-08,N05B,6.0
2019-01-08,N05C,0.0
2019-01-08,R03,10.0
2019-01-08,R06,2.0
2019-01-09,M01AB,3.0
2019-01-09,M01AE,1.33
2019-01-09,N02BA,2.0
2019-01-09,N02BE,64.8
2019-01-09,N05B,24.0
2019-01-09,N05C,3.0
2019-01-09,R03,10.0
2019-01-09,R06,1.0
2019-01-10,M01AB,8.0
2019-01-10,M01AE,3.58
2019-01-10,N02BA,5.6
2019-01-10,N02BE,39.1
2019-01-10,N05B,12.0
2019-01-10,N05C,2.0
2019-01-10,R03,13.0
2019-01-10,R06,1.0
2019-01-11,M01AB,5.33
2019-01-11,M01AE,7.34
2019-01-11,N02BA,3.0
2019-01-11,N02BE,61.6
2019-01-11,N05B,12.0
2019-01-11,N05C,0.0
2019-01-11,R03,6.0
2019-01-11,R06,0.0
2019-01-12,M01AB,6.66
2019-01-12,M01AE,7.02
2019-01-12,N02BA,5.0
2019-01-12,N02BE,74.5
2019-01-12,N05B,21.2
2019-01-12,N05C,0.0
2019-01-12,R03,10.0
2019-01-12,R06,0.0
2019-01-13,M01AB,8.33
2019-01-13,M01AE,5.81
2019-01-13,N02BA,4.6
2019-01-13,N02BE,73.0
2019-01-13,N05B,4.0
2019-01-13,N05C,1.0
2019-01-13,R03,1.0
2019-01-13,R06,2.0
2019-01-14,M01AB,9.0
2019-01-14,M01AE,9.7
2019-01-14,N02BA,3.0
2019-01-14,N02BE,51.0
2019-01-14,N05B,10.0
2019-01-14,N05C,0.0
2019-01-14,R03,18.0
2019-01-14,R06,0.0
2019-01-15,M01AB,4.33
2019-01-15,M01AE,4.33
2019-01-15,N02BA,3.65
2019-01-15,N02BE,30.4
2019-01-15,N05B,9.0
2019-01-15,N05C,0.0
2019-01-15,R03,19.0
2019-01-15,R06,1.0
2019-01-16,M01AB,7.5
2019-01-16,M01AE,5.07
2019-01-16,N02BA,6.0
2019-01-16,N02BE,48.8
2019-01-16,N05B,12.0
2019-01-16,N05C,0.0
2019-01-16,R03,17.0
2019-01-16,R06,5.0
2019-01-17,M01AB,5.34
2019-01-17,M01AE,3.68
2019-01-17,N02BA,3.7
2019-01-17,N02BE,55.6
2019-01-17,N05B,10.0
2019-01-17,N05C,3.0
2019-01-17,R03,8.0
2019-01-17,R06,1.0
2019-01-18,M01AB,6.33
2019-01-18,M01AE,6.44
2019-01-18,N02BA,4.0
2019-01-18,N02BE,27.8
2019-01-18,N05B,13.0
2019-01-18,N05C,0.0
2019-01-18,R03,24.0
2019-01-18,R06,2.0
2019-01-19,M01AB,7.02
2019-01-19,M01AE,8.39
2019-01-19,N02BA,5.5
2019-01-19,N02BE,77.4
2019-01-19,N05B,9.0
2019-01-19,N05C,0.0
2019-01-19,R03,1.0
2019-01-19,R06,3.0
2019-01-20,M01AB,11.67
2019-01-20,M01AE,14.46
2019-01-20,N02BA,2.1
2019-01-20,N02BE,93.05
2019-01-20,N05B,6.0
2019-01-20,N05C,0.0
2019-01-20,R03,34.0
2019-01-20,R06,1.0
2019-01-21,M01AB,4.34
2019-01-21,M01AE,5.82
2019-01-21,N02BA,0.0
2019-01-21,N02BE,67.15
2019-01-21,N05B,11.0
2019-01-21,N05C,0.0
2019-01-21,R03,31.0
2019-01-21,R06,0.0
2019-01-22,M01AB,6.83
2019-01-22,M01AE,7.08
2019-01-22,N02BA,1.0
2019-01-22,N02BE,74.9
2019-01-22,N05B,13.0
2019-01-22,N05C,1.0
2019-01-22,R03,7.0
2019-01-22,R06,0.0
2019-01-23,M01AB,3.33
2019-01-23,M01AE,8.46
2019-01-23,N02BA,7.1
2019-01-23,N02BE,58.4
2019-01-23,N05B,4.0
2019-01-23,N05C,0.0
2019-01-23,R03,23.0
2019-01-23,R06,2.0
2019-01-24,M01AB,4.0
2019-01-24,M01AE,4.5
2019-01-24,N02BA,6.0
2019-01-24,N02BE,47.3
2019-01-24,N05B,7.0
2019-01-24,N05C,4.0
2019-01-24,R03,2.0
2019-01-24,R06,3.0
2019-01-25,M01AB,2.33
2019-01-25,M01AE,7.18
2019-01-25,N02BA,4.0
2019-01-25,N02BE,32.65
2019-01-25,N05B,11.0
2019-01-25,N05C,2.0
2019-01-25,R03,11.0
2019-01-25,R06,1.0
2019-01-26,M01AB,7.0
2019-01-26,M01AE,8.46
2019-01-26,N02BA,2.4
2019-01-26,N02BE,97.8
2019-01-26,N05B,11.0
2019-01-26,N05C,1.0
2019-01-26,R03,13.0
2019-01-26,R06,1.0
2019-01-27,M01AB,10.52
2019-01-27,M01AE,11.74
2019-01-27,N02BA,2.0
2019-01-27,N02BE,100.1
2019-01-27,N05B,12.0
2019-01-27,N05C,1.0
2019-01-27,R03,6.0
2019-01-27,R06,2.0
2019-01-28,M01AB,8.5
2019-01-28,M01AE,7.11
2019-01-28,N02BA,3.0
2019-01-28,N02BE,45.0
2019-01-28,N05B,11.0
2019-01-28,N05C,0.0
2019-01-28,R03,28.0
2019-01-28,R06,3.0
2019-01-29,M01AB,5.0
2019-01-29,M01AE,5.0
2019-01-29,N02BA,3.45
2019-01-29,N02BE,38.8
2019-01-29,N05B,10.0
2019-01-29,N05C,2.0
2019-01-29,R03,15.0
2019-01-29,R06,0.0
2019-01-30,M01AB,6.33
2019-01-30,M01AE,5.71
2019-01-30,N02BA,2.25
2019-01-30,N02BE,52.31
2019-01-30,N05B,8.0
2019-01-30,N05C,0.0
2019-01-30,R03,11.0
2019-01-30,R06,1.3
2019-01-31,M01AB,1.67
2019-01-31,M01AE,11.5
2019-01-31,N02BA,2.0
2019-01-31,N02BE,62.2
2019-01-31,N05B,8.0
2019-01-31,N05C,1.0
2019-01-31,R03,20.0
2019-01-31,R06,2.0
2019-02-01,M01AB,11.34
2019-02-01,M01AE,1.73
2019-02-01,N02BA,8.0
2019-02-01,N02BE,38.9
2019-02-01,N05B,9.0
2019-02-01,N05C,0.0
2019-02-01,R03,7.0
2019-02-01,R06,3.0
2019-02-02,M01AB,13.34
2019-02-02,M01AE,12.71
2019-02-02,N02BA,6.2
2019-02-02,N02BE,64.26
2019-02-02,N05B,8.0
2019-02-02,N05C,1.0
2019-02-02,R03,45.0
2019-02-02,R06,0.0
2019-02-03,M01AB,6.0
2019-02-03,M01AE,9.81
2019-02-03,N02BA,5.75
2019-02-03,N02BE,47.09
2019-02-03,N05B,10.0
2019-02-03,N05C,1.0
2019-02-03,R03,5.0
2019-02-03,R06,4.4
2019-02-04,M01AB,6.33
2019-02-04,M01AE,6.68
2019-02-04,N02BA,3.0
2019-02-04,N02BE,47.0
2019-02-04,N05B,5.0
2019-02-04,N05C,1.0
2019-02-04,R03,12.0
2019-02-04,R06,2.0
2019-02-05,M01AB,5.33
2019-02-05,M01AE,10.39
2019-02-05,N02BA,3.65
2019-02-05,N02BE,33.8
2019-02-05,N05B,2.0
2019-02-05,N05C,0.0
2019-02-05,R03,1.0
2019-02-05,R06,4.0
2019-02-06,M01AB,6.34
2019-02-06,M01AE,4.18
2019-02-06,N02BA,2.2
2019-02-06,N02BE,29.0
2019-02-06,N05B,4.0
2019-02-06,N05C,0.0
2019-02-06,R03,4.0
2019-02-06,R06,1.5
2019-02-07,M01AB,2.33
2019-02-07,M01AE,5.13
2019-02-07,N02BA,4.5
2019-02-07,N02BE,42.6
2019-02-07,N05B,11.0
2019-02-07,N05C,0.0
2019-02-07,R03,22.0
2019-02-07,R06,1.0
2019-02-08,M01AB,2.0
2019-02-08,M01AE,6.37
2019-02-08,N02BA,7.0
2019-02-08,N02BE,50.2
2019-02-08,N05B,9.0
2019-02-08,N05C,3.0
2019-02-08,R03,12.0
2019-02-08,R06,5.0
2019-02-09,M01AB,6.68
2019-02-09,M01AE,7.38
2019-02-09,N02BA,5.0
2019-02-09,N02BE,51.65
2019-02-09,N05B,10.0
2019-02-09,N05C,0.0
2019-02-09,R03,11.0
2019-02-09,R06,1.0
2019-02-10,M01AB,3.34
2019-02-10,M01AE,7.12
2019-02-10,N02BA,3.35
2019-02-10,N02BE,43.2
2019-02-10,N05B,9.0
2019-02-10,N05C,0.0
2019-02-10,R03,0.0
2019-02-10,R06,1.2
2019-02-11,M01AB,8.0
2019-02-11,M01AE,7.47
2019-02-11,N02BA,6.15
2019-02-11,N02BE,30.0
2019-02-11,N05B,10.0
2019-02-11,N05C,0.0
2019-02-11,R03,5.0
2019-02-11,R06,3.0
2019-02-12,M01AB,6.66
2019-02-12,M01AE,3.34
2019-02-12,N02BA,0.0
2019-02-12,N02BE,34.6
2019-02-12,N05B,8.2
2019-02-12,N05C,0.0
2019-02-12,R03,6.0
2019-02-12,R06,0.5
2019-02-13,M01AB,4.0
2019-02-13,M01AE,4.01
2019-02-13,N02BA,1.0
2019-02-13,N02BE,27.2
2019-02-13,N05B,16.0
2019-02-13,N05C,0.0
2019-02-13,R03,8.0
2019-02-13,R06,2.0
2019-02-14,M01AB,2.33
2019-02-14,M01AE,6.52
2019-02-14,N02BA,3.15
2019-02-14,N02BE,54.5
2019-02-14,N05B,9.0
2019-02-14,N05C,0.0
2019-02-14,R03,7.0
2019-02-14,R06,3.0
2019-02-15,M01AB,5.34
2019-02-15,M01AE,5.0
2019-02-15,N02BA,12.5
2019-02-15,N02BE,52.05
2019-02-15,N05B,16.0
2019-02-15,N05C,0.0
2019-02-15,R03,3.0
2019-02-15,R06,2.0
2019-02-16,M01AB,6.34
2019-02-16,M01AE,6.02
2019-02-16,N02BA,5.0
2019-02-16,N02BE,36.4
2019-02-16,N05B,8.0
2019-02-16,N05C,0.0
2019-02-16,R03,6.0
2019-02-16,R06,3.0
2019-02-17,M01AB,2.34
2019-02-17,M01AE,4.42
2019-02-17,N02BA,4.0
2019-02-17,N02BE,15.16
2019-02-17,N05B,11.2
2019-02-17,N05C,0.0
2019-02-17,R03,0.0
2019-02-17,R06,3.1
2019-02-18,M01AB,3.34
2019-02-18,M01AE,2.08
2019-02-18,N02BA,3.6
2019-02-18,N02BE,27.4
2019-02-18,N05B,7.0
2019-02-18,N05C,0.0
2019-02-18,R03,10.0
2019-02-18,R06,0.0
2019-02-19,M01AB,3.33
2019-02-19,M01AE,4.33
2019-02-19,N02BA,1.5
2019-02-19,N02BE,27.4
2019-02-19,N05B,15.0
2019-02-19,N05C,2.0
2019-02-19,R03,6.0
2019-02-19,R06,3.0
2019-02-20,M01AB,2.34
2019-02-20,M01AE,4.78
2019-02-20,N02BA,3.3
2019-02-20,N02BE,30.6
2019-02-20,N05B,14.0
2019-02-20,N05C,0.0
2019-02-20,R03,7.0
2019-02-20,R06,3.0
2019-02-21,M01AB,1.66
2019-02-21,M01AE,5.0
2019-02-21,N02BA,2.1
2019-02-21,N02BE,45.4
2019-02-21,N05B,15.0
2019-02-21,N05C,1.0
2019-02-21,R03,5.0
2019-02-21,R06,2.0
2019-02-22,M01AB,2.33
2019-02-22,M01AE,2.0
2019-02-22,N02BA,1.2
2019-02-22,N02BE,16.0
2019-02-22,N05B,5.0
2019-02-22,N05C,0.0
2019-02-22,R03,1.0
2019-02-22,R06,2.0
2019-02-23,M01AB,5.01
2019-02-23,M01AE,2.44
2019-02-23,N02BA,3.2
2019-02-23,N02BE,38.2
2019-02-23,N05B,13.0
2019-02-23,N05C,0.0
2019-02-23,R03,0.0
2019-02-23,R06,1.3
2019-02-24,M01AB,4.34
2019-02-24,M01AE,4.01
2019-02-24,N02BA,1.5
2019-02-24,N02BE,19.0
2019-02-24,N05B,2.0
2019-02-24,N05C,0.0
2019-02-24,R03,2.0
2019-02-24,R06,2.0
2019-02-25,M01AB,5.34
2019-02-25,M01AE,1.42
2019-02-25,N02BA,3.0
2019-02-25,N02BE,25.2
2019-02-25,N05B,4.0
2019-02-25,N05C,2.0
2019-02-25,R03,2.0
2019-02-25,R06,3.0
2019-02-26,M01AB,2.33
2019-02-26,M01AE,3.83
2019-02-26,N02BA,5.15
2019-02-26,N02BE,27.0
2019-02-26,N05B,8.0
2019-02-26,N05C,0.0
2019-02-26,R03,3.0
2019-02-26,R06,3.0
2019-02-27,M01AB,5.0
2019-02-27,M01AE,0.67
2019-02-27,N02BA,1.2
2019-02-27,N02BE,13.4
2019-02-27,N05B,9.0
2019-02-27,N05C,0.0
2019-02-27,R03,1.0
2019-02-27,R06,7.5
2019-02-28,M01AB,0.67
2019-02-28,M01AE,3.33
2019-02-28,N02BA,4.0
2019-02-28,N02BE,34.0
2019-02-28,N05B,2.0
2019-02-28,N05C,1.0
2019-02-28,R03,35.0
2019-02-28,R06,3.0
2019-03-01,M01AB,1.33
2019-03-01,M01AE,3.82
2019-03-01,N02BA,2.5
2019-03-01,N02BE,22.2
2019-03-01,N05B,12.0
2019-03-01,N05C,0.0
2019-03-01,R03,6.0
2019-03-01,R06,2.0
2019-03-02,M01AB,4.01
2019-03-02,M01AE,1.33
2019-03-02,N02BA,4.0
2019-03-02,N02BE,46.0
2019-03-02,N05B,9.0
2019-03-02,N05C,3.0
2019-03-02,R03,0.0
2019-03-02,R06,5.0
2019-03-03,M01AB,8.0
2019-03-03,M01AE,4.01
2019-03-03,N02BA,1.0
2019-03-03,N02BE,20.0
2019-03-03,N05B,5.0
2019-03-03,N05C,0.0
2019-03-03,R03,10.0
2019-03-03,R06,0.4
2019-03-04,M01AB,5.33
2019-03-04,M01AE,2.67
2019-03-04,N02BA,7.0
2019-03-04,N02BE,41.0
2019-03-04,N05B,3.0
2019-03-04,N05C,0.0
2019-03-04,R03,5.0
2019-03-04,R06,2.0
2019-03-05,M01AB,3.01
2019-03-05,M01AE,2.33
2019-03-05,N02BA,0.2
2019-03-05,N02BE,20.0
2019-03-05,N05B,8.0
2019-03-05,N05C,3.0
2019-03-05,R03,6.0
2019-03-05,R06,5.3
2019-03-06,M01AB,0.34
2019-03-06,M01AE,1.4
2019-03-06,N02BA,0.7
2019-03-06,N02BE,31.0
2019-03-06,N05B,17.0
2019-03-06,N05C,1.0
2019-03-06,R03,5.0
2019-03-06,R06,3.0
2019-03-07,M01AB,7.33
2019-03-07,M01AE,2.08
2019-03-07,N02BA,4.25
2019-03-07,N02BE,10.0
2019-03-07,N05B,24.0
2019-03-07,N05C,0.0
2019-03-07,R03,0.0
2019-03-07,R06,4.0
2019-03-08,M01AB,2.33
2019-03-08,M01AE,3.34
2019-03-08,N02BA,0.2
2019-03-08,N02BE,33.7
2019-03-08,N05B,4.0
2019-03-08,N05C,1.0
2019-03-08,R03,0.0
2019-03-08,R06,4.3
2019-03-09,M01AB,6.34
2019-03-09,M01AE,1.67
2019-03-09,N02BA,4.0
2019-03-09,N02BE,45.2
2019-03-09,N05B,11.0
2019-03-09,N05C,0.0
2019-03-09,R03,7.0
2019-03-09,R06,5.0
2019-03-10,M01AB,5.83
2019-03-10,M01AE,3.09
2019-03-10,N02BA,5.35
2019-03-10,N02BE,51.0
2019-03-10,N05B,5.0
2019-03-10,N05C,0.0
2019-03-10,R03,3.0
2019-03-10,R06,9.0
2019-03-11,M01AB,14.66
2019-03-11,M01AE,3.67
2019-03-11,N02BA,2.5
2019-03-11,N02BE,26.4
2019-03-11,N05B,10.0
2019-03-11,N05C,3.0
2019-03-11,R03,11.0
2019-03-11,R06,3.0
2019-03-12,M01AB,4.33
2019-03-12,M01AE,3.37
2019-03-12,N02BA,1.5
2019-03-12,N02BE,31.85
2019-03-12,N05B,12.0
2019-03-12,N05C,0.0
2019-03-12,R03,7.0
2019-03-12,R06,2.0
2019-03-13,M01AB,2.67
2019-03-13,M01AE,4.34
2019-03-13,N02BA,6.0
2019-03-13,N02BE,22.0
2019-03-13,N05B,10.0
2019-03-13,N05C,0.0
2019-03-13,R03,8.0
2019-03-13,R06,4.0
2019-03-14,M01AB,4.0
2019-03-14,M01AE,5.67
2019-03-14,N02BA,0.2
2019-03-14,N02BE,47.2
2019-03-14,N05B,12.0
2019-03-14,N05C,1.0
2019-03-14,R03,27.0
2019-03-14,R06,6.0
2019-03-15,M01AB,2.83
2019-03-15,M01AE,1.34
2019-03-15,N02BA,3.0
2019-03-15,N02BE,40.0
2019-03-15,N05B,7.0
2019-03-15,N05C,1.0
2019-03-15,R03,20.0
2019-03-15,R06,5.0
2019-03-16,M01AB,8.34
2019-03-16,M01AE,0.84
2019-03-16,N02BA,5.0
2019-03-16,N02BE,29.0
2019-03-16,N05B,9.0
2019-03-16,N05C,0.0
2019-03-16,R03,5.0
2019-03-16,R06,7.0
2019-03-17,M01AB,6.68
2019-03-17,M01AE,3.72
2019-03-17,N02BA,2.0
2019-03-17,N02BE,55.0
2019-03-17,N05B,6.0
2019-03-17,N05C,0.0
2019-03-17,R03,10.0
2019-03-17,R06,5.0
2019-03-18,M01AB,2.33
2019-03-18,M01AE,0.84
2019-03-18,N02BA,2.1
2019-03-18,N02BE,23.0
2019-03-18,N05B,11.0
2019-03-18,N05C,0.0
2019-03-18,R03,1.0
2019-03-18,R06,9.0
2019-03-19,M01AB,9.0
2019-03-19,M01AE,3.33
2019-03-19,N02BA,1.5
2019-03-19,N02BE,26.2
2019-03-19,N05B,10.0
2019-03-19,N05C,1.0
2019-03-19,R03,2.0
2019-03-19,R06,8.0
2019-03-20,M01AB,5.67
2019-03-20,M01AE,2.0
2019-03-20,N02BA,2.0
2019-03-20,N02BE,28.9
2019-03-20,N05B,8.2
2019-03-20,N05C,0.0
2019-03-20,R03,19.0
2019-03-20,R06,5.0
2019-03-21,M01AB,2.33
2019-03-21,M01AE,1.42
2019-03-21,N02BA,0.0
2019-03-21,N02BE,18.8
2019-03-21,N05B,13.0
2019-03-21,N05C,0.0
2019-03-21,R03,6.0
2019-03-21,R06,5.0
2019-03-22,M01AB,4.66
2019-03-22,M01AE,7.04
2019-03-22,N02BA,1.1
2019-03-22,N02BE,41.0
2019-03-22,N05B,13.0
2019-03-22,N05C,0.0
2019-03-22,R03,29.0
2019-03-22,R06,6.0
2019-03-23,M01AB,6.0
2019-03-23,M01AE,3.36
2019-03-23,N02BA,4.25
2019-03-23,N02BE,15.5
2019-03-23,N05B,7.0
2019-03-23,N05C,0.0
2019-03-23,R03,1.0
2019-03-23,R06,5.0
2019-03-24,M01AB,6.0
2019-03-24,M01AE,2.67
2019-03-24,N02BA,3.0
2019-03-24,N02BE,43.2
2019-03-24,N05B,6.2
2019-03-24,N05C,1.0
2019-03-24,R03,16.0
2019-03-24,R06,10.0
2019-03-25,M01AB,4.84
2019-03-25,M01AE,4.52
2019-03-25,N02BA,6.0
2019-03-25,N02BE,27.0
2019-03-25,N05B,11.0
2019-03-25,N05C,1.0
2019-03-25,R03,6.0
2019-03-25,R06,6.0
2019-03-26,M01AB,4.0
2019-03-26,M01AE,5.51
2019-03-26,N02BA,3.0
2019-03-26,N02BE,36.0
2019-03-26,N05B,11.0
2019-03-26,N05C,0.0
2019-03-26,R03,19.0
2019-03-26,R06,9.0
2019-03-27,M01AB,6.34
2019-03-27,M01AE,7.77
2019-03-27,N02BA,3.0
2019-03-27,N02BE,25.6
2019-03-27,N05B,12.0
2019-03-27,N05C,1.0
2019-03-27,R03,0.0
2019-03-27,R06,9.0
2019-03-28,M01AB,1.33
2019-03-28,M01AE,6.43
2019-03-28,N02BA,1.4
2019-03-28,N02BE,14.0
2019-03-28,N05B,6.0
2019-03-28,N05C,0.0
2019-03-28,R03,7.0
2019-03-28,R06,1.0
2019-03-29,M01AB,3.0
2019-03-29,M01AE,4.3
2019-03-29,N02BA,4.0
2019-03-29,N02BE,25.3
2019-03-29,N05B,10.0
2019-03-29,N05C,0.0
2019-03-29,R03,16.0
2019-03-29,R06,9.2
2019-03-30,M01AB,4.66
2019-03-30,M01AE,10.68
2019-03-30,N02BA,1.1
2019-03-30,N02BE,18.0
2019-03-30,N05B,11.0
2019-03-30,N05C,1.0
2019-03-30,R03,0.0
2019-03-30,R06,6.1
2019-03-31,M01AB,7.0
2019-03-31,M01AE,4.56
2019-03-31,N02BA,1.5
2019-03-31,N02BE,27.0
2019-03-31,N05B,8.0
2019-03-31,N05C,1.0
2019-03-31,R03,5.0
2019-03-31,R06,9.2
2019-04-01,M01AB,3.01
2019-04-01,M01AE,1.7
2019-04-01,N02BA,3.0
2019-04-01,N02BE,34.65
2019-04-01,N05B,12.0
2019-04-01,N05C,0.0
2019-04-01,R03,5.0
2019-04-01,R06,5.0
2019-04-02,M01AB,7.67
2019-04-02,M01AE,1.33
2019-04-02,N02BA,3.0
2019-04-02,N02BE,24.0
2019-04-02,N05B,7.0
2019-04-02,N05C,0.0
2019-04-02,R03,10.0
2019-04-02,R06,8.0
2019-04-03,M01AB,5.33
2019-04-03,M01AE,5.1
2019-04-03,N02BA,1.5
2019-04-03,N02BE,18.3
2019-04-03,N05B,12.0
2019-04-03,N05C,0.0
2019-04-03,R03,4.0
2019-04-03,R06,9.3
2019-04-04,M01AB,4.5
2019-04-04,M01AE,2.23
2019-04-04,N02BA,8.0
2019-04-04,N02BE,39.0
2019-04-04,N05B,8.0
2019-04-04,N05C,1.0
2019-04-04,R03,13.0
2019-04-04,R06,15.0
2019-04-05,M01AB,6.34
2019-04-05,M01AE,4.2
2019-04-05,N02BA,4.0
2019-04-05,N02BE,25.2
2019-04-05,N05B,7.0
2019-04-05,N05C,0.0
2019-04-05,R03,3.0
2019-04-05,R06,4.0
2019-04-06,M01AB,3.34
2019-04-06,M01AE,6.01
2019-04-06,N02BA,3.0
2019-04-06,N02BE,13.2
2019-04-06,N05B,13.0
2019-04-06,N05C,0.0
2019-04-06,R03,16.0
2019-04-06,R06,9.3
2019-04-07,M01AB,6.0
2019-04-07,M01AE,5.12
2019-04-07,N02BA,4.0
2019-04-07,N02BE,19.0
2019-04-07,N05B,3.0
2019-04-07,N05C,0.0
2019-04-07,R03,0.0
2019-04-07,R06,7.0
2019-04-08,M01AB,5.0
2019-04-08,M01AE,4.35
2019-04-08,N02BA,3.3
2019-04-08,N02BE,10.0
2019-04-08,N05B,8.2
2019-04-08,N05C,0.0
2019-04-08,R03,4.0
2019-04-08,R06,3.0
2019-04-09,M01AB,2.83
2019-04-09,M01AE,2.0
2019-04-09,N02BA,1.0
2019-04-09,N02BE,12.0
2019-04-09,N05B,10.0
2019-04-09,N05C,0.0
2019-04-09,R03,3.0
2019-04-09,R06,5.0
2019-04-10,M01AB,2.34
2019-04-10,M01AE,2.75
2019-04-10,N02BA,2.0
2019-04-10,N02BE,34.0
2019-04-10,N05B,16.2
2019-04-10,N05C,3.0
2019-04-10,R03,9.0
2019-04-10,R06,8.0
2019-04-11,M01AB,7.33
2019-04-11,M01AE,6.16
2019-04-11,N02BA,2.0
2019-04-11,N02BE,15.9
2019-04-11,N05B,15.0
2019-04-11,N05C,0.0
2019-04-11,R03,7.0
2019-04-11,R06,8.0
2019-04-12,M01AB,4.33
2019-04-12,M01AE,4.37
2019-04-12,N02BA,4.1
2019-04-12,N02BE,16.6
2019-04-12,N05B,16.0
2019-04-12,N05C,0.0
2019-04-12,R03,6.0
2019-04-12,R06,7.0
2019-04-13,M01AB,4.5
2019-04-13,M01AE,4.13
2019-04-13,N02BA,1.1
2019-04-13,N02BE,14.0
2019-04-13,N05B,4.0
2019-04-13,N05C,0.0
2019-04-13,R03,6.0
2019-04-13,R06,4.0
2019-04-14,M01AB,4.0
2019-04-14,M01AE,4.41
2019-04-14,N02BA,1.0
2019-04-14,N02BE,23.0
2019-04-14,N05B,3.0
2019-04-14,N05C,1.0
2019-04-14,R03,7.0
2019-04-14,R06,5.5
2019-04-15,M01AB,4.66
2019-04-15,M01AE,6.0
2019-04-15,N02BA,5.3
2019-04-15,N02BE,8.8
2019-04-15,N05B,17.0
2019-04-15,N05C,2.0
2019-04-15,R03,3.0
2019-04-15,R06,5.0
2019-04-16,M01AB,2.0
2019-04-16,M01AE,2.67
2019-04-16,N02BA,2.0
2019-04-16,N02BE,27.2
2019-04-16,N05B,12.0
2019-04-16,N05C,3.0
2019-04-16,R03,1.0
2019-04-16,R06,3.0
2019-04-17,M01AB,7.0
2019-04-17,M01AE,4.0
2019-04-17,N02BA,1.25
2019-04-17,N02BE,13.5
2019-04-17,N05B,11.0
2019-04-17,N05C,1.0
2019-04-17,R03,24.0
2019-04-17,R06,5.0
2019-04-18,M01AB,0.0
2019-04-18,M01AE,0.0
2019-04-18,N02BA,0.0
2019-04-18,N02BE,0.0
2019-04-18,N05B,0.0
2019-04-18,N05C,0.0
2019-04-18,R03,0.0
2019-04-18,R06,0.0
2019-04-19,M01AB,3.34
2019-04-19,M01AE,2.74
2019-04-19,N02BA,1.5
2019-04-19,N02BE,25.0
2019-04-19,N05B,17.0
2019-04-19,N05C,0.0
2019-04-19,R03,6.0
2019-04-19,R06,2.0
2019-04-20,M01AB,9.0
2019-04-20,M01AE,3.77
2019-04-20,N02BA,1.5
2019-04-20,N02BE,22.4
2019-04-20,N05B,12.0
2019-04-20,N05C,3.0
2019-04-20,R03,0.0
2019-04-20,R06,6.0
2019-04-21,M01AB,3.84
2019-04-21,M01AE,4.84
2019-04-21,N02BA,3.0
2019-04-21,N02BE,21.0
2019-04-21,N05B,11.0
2019-04-21,N05C,0.0
2019-04-21,R03,2.0
2019-04-21,R06,12.2
2019-04-22,M01AB,8.67
2019-04-22,M01AE,1.66
2019-04-22,N02BA,4.5
2019-04-22,N02BE,51.0
2019-04-22,N05B,12.0
2019-04-22,N05C,0.0
2019-04-22,R03,31.0
2019-04-22,R06,9.0
2019-04-23,M01AB,9.0
2019-04-23,M01AE,0.34
2019-04-23,N02BA,6.1
2019-04-23,N02BE,18.4
2019-04-23,N05B,6.0
2019-04-23,N05C,1.0
2019-04-23,R03,4.0
2019-04-23,R06,2.0
2019-04-24,M01AB,2.34
2019-04-24,M01AE,4.75
2019-04-24,N02BA,3.0
2019-04-24,N02BE,39.1
2019-04-24,N05B,13.0
2019-04-24,N05C,3.0
2019-04-24,R03,12.0
2019-04-24,R06,2.0
2019-04-25,M01AB,14.01
2019-04-25,M01AE,3.59
2019-04-25,N02BA,2.0
2019-04-25,N02BE,15.0
2019-04-25,N05B,17.0
2019-04-25,N05C,1.0
2019-04-25,R03,7.0
2019-04-25,R06,5.4
2019-04-26,M01AB,6.34
2019-04-26,M01AE,1.68
2019-04-26,N02BA,3.25
2019-04-26,N02BE,32.6
2019-04-26,N05B,6.0
2019-04-26,N05C,0.0
2019-04-26,R03,1.0
2019-04-26,R06,11.0
2019-04-27,M01AB,17.34
2019-04-27,M01AE,2.5
2019-04-27,N02BA,3.1
2019-04-27,N02BE,25.2
2019-04-27,N05B,13.0
2019-04-27,N05C,1.0
2019-04-27,R03,7.0
2019-04-27,R06,7.0
2019-04-28,M01AB,0.0
2019-04-28,M01AE,0.0
2019-04-28,N02BA,0.0
2019-04-28,N02BE,0.0
2019-04-28,N05B,0.0
2019-04-28,N05C,0.0
2019-04-28,R03,0.0
2019-04-28,R06,0.0
2019-04-29,M01AB,5.33
2019-04-29,M01AE,6.37
2019-04-29,N02BA,2.6
2019-04-29,N02BE,27.6
2019-04-29,N05B,5.0
2019-04-29,N05C,0.0
2019-04-29,R03,0.0
2019-04-29,R06,3.0
2019-04-30,M01AB,2.0
2019-04-30,M01AE,1.41
2019-04-30,N02BA,8.0
2019-04-30,N02BE,22.0
2019-04-30,N05B,13.0
2019-04-30,N05C,2.0
2019-04-30,R03,28.0
2019-04-30,R06,8.4
2019-05-01,M01AB,2.34
2019-05-01,M01AE,4.02
2019-05-01,N02BA,1.0
2019-05-01,N02BE,8.0
2019-05-01,N05B,1.0
2019-05-01,N05C,0.0
2019-05-01,R03,1.0
2019-05-01,R06,3.0
2019-05-02,M01AB,1.68
2019-05-02,M01AE,5.43
2019-05-02,N02BA,5.5
2019-05-02,N02BE,20.0
2019-05-02,N05B,15.0
2019-05-02,N05C,1.0
2019-05-02,R03,3.0
2019-05-02,R06,9.0
2019-05-03,M01AB,4.01
2019-05-03,M01AE,2.34
2019-05-03,N02BA,3.0
2019-05-03,N02BE,24.0
2019-05-03,N05B,11.0
2019-05-03,N05C,3.0
2019-05-03,R03,16.0
2019-05-03,R06,8.0
2019-05-04,M01AB,9.0
2019-05-04,M01AE,5.43
2019-05-04,N02BA,4.25
2019-05-04,N02BE,25.0
2019-05-04,N05B,5.0
2019-05-04,N05C,1.0
2019-05-04,R03,16.0
2019-05-04,R06,9.0
2019-05-05,M01AB,7.0
2019-05-05,M01AE,2.42
2019-05-05,N02BA,4.2
2019-05-05,N02BE,31.0
2019-05-05,N05B,2.0
2019-05-05,N05C,0.0
2019-05-05,R03,0.0
2019-05-05,R06,5.0
2019-05-06,M01AB,4.68
2019-05-06,M01AE,0.07
2019-05-06,N02BA,2.0
2019-05-06,N02BE,23.0
2019-05-06,N05B,11.0
2019-05-06,N05C,2.0
2019-05-06,R03,9.0
2019-05-06,R06,3.0
2019-05-07,M01AB,2.66
2019-05-07,M01AE,5.52
2019-05-07,N02BA,1.0
2019-05-07,N02BE,33.4
2019-05-07,N05B,19.0
2019-05-07,N05C,0.0
2019-05-07,R03,6.0
2019-05-07,R06,5.0
2019-05-08,M01AB,9.0
2019-05-08,M01AE,4.03
2019-05-08,N02BA,3.0
2019-05-08,N02BE,13.0
2019-05-08,N05B,15.0
2019-05-08,N05C,2.0
2019-05-08,R03,20.0
2019-05-08,R06,0.0
2019-05-09,M01AB,5.0
2019-05-09,M01AE,2.33
2019-05-09,N02BA,2.1
2019-05-09,N02BE,12.5
2019-05-09,N05B,10.0
2019-05-09,N05C,1.0
2019-05-09,R03,31.0
2019-05-09,R06,4.0
2019-05-10,M01AB,5.0
2019-05-10,M01AE,1.34
2019-05-10,N02BA,5.5
2019-05-10,N02BE,11.6
2019-05-10,N05B,13.0
2019-05-10,N05C,2.0
2019-05-10,R03,26.0
2019-05-10,R06,2.0
2019-05-11,M01AB,5.34
2019-05-11,M01AE,5.0
2019-05-11,N02BA,5.5
2019-05-11,N02BE,16.8
2019-05-11,N05B,9.0
2019-05-11,N05C,0.0
2019-05-11,R03,12.0
2019-05-11,R06,5.0
2019-05-12,M01AB,4.67
2019-05-12,M01AE,1.68
2019-05-12,N02BA,3.1
2019-05-12,N02BE,38.8
2019-05-12,N05B,2.0
2019-05-12,N05C,1.0
2019-05-12,R03,19.0
2019-05-12,R06,5.0
2019-05-13,M01AB,5.0
2019-05-13,M01AE,4.53
2019-05-13,N02BA,2.0
2019-05-13,N02BE,26.2
2019-05-13,N05B,11.0
2019-05-13,N05C,0.0
2019-05-13,R03,11.0
2019-05-13,R06,3.0
2019-05-14,M01AB,6.67
2019-05-14,M01AE,4.36
2019-05-14,N02BA,4.0
2019-05-14,N02BE,25.0
2019-05-14,N05B,5.0
2019-05-14,N05C,0.0
2019-05-14,R03,11.0
2019-05-14,R06,3.0
2019-05-15,M01AB,4.0
2019-05-15,M01AE,1.07
2019-05-15,N02BA,4.15
2019-05-15,N02BE,28.4
2019-05-15,N05B,7.0
2019-05-15,N05C,0.0
2019-05-15,R03,5.0
2019-05-15,R06,3.0
2019-05-16,M01AB,5.0
2019-05-16,M01AE,1.07
2019-05-16,N02BA,2.0
2019-05-16,N02BE,12.0
2019-05-16,N05B,9.0
2019-05-16,N05C,1.0
2019-05-16,R03,16.29
2019-05-16,R06,5.0
2019-05-17,M01AB,2.66
2019-05-17,M01AE,1.66
2019-05-17,N02BA,2.4
2019-05-17,N02BE,28.0
2019-05-17,N05B,18.0
2019-05-17,N05C,2.0
2019-05-17,R03,4.0
2019-05-17,R06,2.2
2019-05-18,M01AB,10.0
2019-05-18,M01AE,0.34
2019-05-18,N02BA,5.1
2019-05-18,N02BE,14.0
2019-05-18,N05B,9.0
2019-05-18,N05C,2.0
2019-05-18,R03,5.0
2019-05-18,R06,3.0
2019-05-19,M01AB,6.67
2019-05-19,M01AE,5.0
2019-05-19,N02BA,4.0
2019-05-19,N02BE,26.4
2019-05-19,N05B,9.0
2019-05-19,N05C,0.0
2019-05-19,R03,9.0
2019-05-19,R06,4.2
2019-05-20,M01AB,3.67
2019-05-20,M01AE,6.4
2019-05-20,N02BA,5.0
2019-05-20,N02BE,21.3
2019-05-20,N05B,11.0
2019-05-20,N05C,4.0
2019-05-20,R03,13.0
2019-05-20,R06,5.0
2019-05-21,M01AB,5.34
2019-05-21,M01AE,4.0
2019-05-21,N02BA,5.1
2019-05-21,N02BE,17.6
2019-05-21,N05B,12.2
2019-05-21,N05C,0.0
2019-05-21,R03,1.0
2019-05-21,R06,7.0
2019-05-22,M01AB,8.16
2019-05-22,M01AE,2.84
2019-05-22,N02BA,3.15
2019-05-22,N02BE,28.2
2019-05-22,N05B,8.0
2019-05-22,N05C,0.0
2019-05-22,R03,9.0
2019-05-22,R06,5.0
2019-05-23,M01AB,2.33
2019-05-23,M01AE,3.34
2019-05-23,N02BA,2.0
2019-05-23,N02BE,26.1
2019-05-23,N05B,4.0
2019-05-23,N05C,0.0
2019-05-23,R03,10.0
2019-05-23,R06,6.0
2019-05-24,M01AB,5.34
2019-05-24,M01AE,3.7
2019-05-24,N02BA,3.0
2019-05-24,N02BE,36.2
2019-05-24,N05B,8.0
2019-05-24,N05C,1.0
2019-05-24,R03,5.0
2019-05-24,R06,3.0
2019-05-25,M01AB,11.0
2019-05-25,M01AE,3.34
2019-05-25,N02BA,4.1
2019-05-25,N02BE,35.0
2019-05-25,N05B,4.0
2019-05-25,N05C,0.0
2019-05-25,R03,16.0
2019-05-25,R06,2.0
2019-05-26,M01AB,6.33
2019-05-26,M01AE,5.31
2019-05-26,N02BA,2.0
2019-05-26,N02BE,30.0
2019-05-26,N05B,2.6
2019-05-26,N05C,0.0
2019-05-26,R03,11.0
2019-05-26,R06,6.0
2019-05-27,M01AB,4.67
2019-05-27,M01AE,0.67
2019-05-27,N02BA,1.2
2019-05-27,N02BE,19.0
2019-05-27,N05B,8.0
2019-05-27,N05C,0.0
2019-05-27,R03,0.0
2019-05-27,R06,2.0
2019-05-28,M01AB,4.33
2019-05-28,M01AE,3.99
2019-05-28,N02BA,6.3
2019-05-28,N02BE,18.2
2019-05-28,N05B,10.0
2019-05-28,N05C,2.0
2019-05-28,R03,5.0
2019-05-28,R06,6.0
2019-05-29,M01AB,5.5
2019-05-29,M01AE,2.34
2019-05-29,N02BA,4.05
2019-05-29,N02BE,15.0
2019-05-29,N05B,10.0
2019-05-29,N05C,1.0
2019-05-29,R03,0.0
2019-05-29,R06,3.0
2019-05-30,M01AB,5.0
2019-05-30,M01AE,0.34
2019-05-30,N02BA,3.4
2019-05-30,N02BE,17.2
2019-05-30,N05B,5.0
2019-05-30,N05C,0.0
2019-05-30,R03,6.0
2019-05-30,R06,4.0
2019-05-31,M01AB,5.99
2019-05-31,M01AE,3.36
2019-05-31,N02BA,1.0
2019-05-31,N02BE,22.66
2019-05-31,N05B,2.0
2019-05-31,N05C,0.0
2019-05-31,R03,2.0
2019-05-31,R06,5.0
2019-06-01,M01AB,3.0
2019-06-01,M01AE,1.34
2019-06-01,N02BA,6.0
2019-06-01,N02BE,21.4
2019-06-01,N05B,1.0
2019-06-01,N05C,0.0
2019-06-01,R03,8.0
2019-06-01,R06,4.0
2019-06-02,M01AB,4.0
2019-06-02,M01AE,2.66
2019-06-02,N02BA,3.05
2019-06-02,N02BE,28.0
2019-06-02,N05B,4.0
2019-06-02,N05C,1.0
2019-06-02,R03,6.0
2019-06-02,R06,4.0
2019-06-03,M01AB,0.33
2019-06-03,M01AE,2.5
2019-06-03,N02BA,4.0
2019-06-03,N02BE,15.4
2019-06-03,N05B,4.0
2019-06-03,N05C,0.0
2019-06-03,R03,5.0
2019-06-03,R06,10.0
2019-06-04,M01AB,6.34
2019-06-04,M01AE,2.82
2019-06-04,N02BA,5.35
2019-06-04,N02BE,28.2
2019-06-04,N05B,9.0
2019-06-04,N05C,1.0
2019-06-04,R03,12.0
2019-06-04,R06,5.0
2019-06-05,M01AB,5.0
2019-06-05,M01AE,1.77
2019-06-05,N02BA,2.1
2019-06-05,N02BE,26.1
2019-06-05,N05B,7.0
2019-06-05,N05C,0.0
2019-06-05,R03,1.0
2019-06-05,R06,2.0
2019-06-06,M01AB,7.67
2019-06-06,M01AE,2.08
2019-06-06,N02BA,6.35
2019-06-06,N02BE,27.0
2019-06-06,N05B,7.0
2019-06-06,N05C,2.0
2019-06-06,R03,11.0
2019-06-06,R06,4.0
2019-06-07,M01AB,6.0
2019-06-07,M01AE,2.67
2019-06-07,N02BA,2.0
2019-06-07,N02BE,22.0
2019-06-07,N05B,6.0
2019-06-07,N05C,0.0
2019-06-07,R03,16.0
2019-06-07,R06,0.0
2019-06-08,M01AB,3.0
2019-06-08,M01AE,3.66
2019-06-08,N02BA,1.0
2019-06-08,N02BE,22.4
2019-06-08,N05B,12.0
2019-06-08,N05C,0.0
2019-06-08,R03,0.0
2019-06-08,R06,2.1
2019-06-09,M01AB,9.33
2019-06-09,M01AE,1.03
2019-06-09,N02BA,8.0
2019-06-09,N02BE,16.5
2019-06-09,N05B,7.0
2019-06-09,N05C,4.0
2019-06-09,R03,0.0
2019-06-09,R06,5.0
2019-06-10,M01AB,3.0
2019-06-10,M01AE,1.34
2019-06-10,N02BA,2.0
2019-06-10,N02BE,15.0
2019-06-10,N05B,7.0
2019-06-10,N05C,0.0
2019-06-10,R03,6.0
2019-06-10,R06,12.0
2019-06-11,M01AB,11.34
2019-06-11,M01AE,3.33
2019-06-11,N02BA,10.5
2019-06-11,N02BE,25.0
2019-06-11,N05B,9.0
2019-06-11,N05C,0.0
2019-06-11,R03,7.0
2019-06-11,R06,6.0
2019-06-12,M01AB,8.0
2019-06-12,M01AE,3.41
2019-06-12,N02BA,1.0
2019-06-12,N02BE,16.2
2019-06-12,N05B,11.0
2019-06-12,N05C,0.0
2019-06-12,R03,1.0
2019-06-12,R06,7.0
2019-06-13,M01AB,0.68
2019-06-13,M01AE,3.02
2019-06-13,N02BA,0.25
2019-06-13,N02BE,19.4
2019-06-13,N05B,2.0
2019-06-13,N05C,0.0
2019-06-13,R03,2.0
2019-06-13,R06,9.0
2019-06-14,M01AB,3.18
2019-06-14,M01AE,3.35
2019-06-14,N02BA,3.0
2019-06-14,N02BE,15.0
2019-06-14,N05B,2.0
2019-06-14,N05C,1.0
2019-06-14,R03,0.0
2019-06-14,R06,6.0
2019-06-15,M01AB,7.0
2019-06-15,M01AE,3.46
2019-06-15,N02BA,5.0
2019-06-15,N02BE,15.0
2019-06-15,N05B,13.0
2019-06-15,N05C,0.0
2019-06-15,R03,7.0
2019-06-15,R06,8.0
2019-06-16,M01AB,4.0
2019-06-16,M01AE,5.35
2019-06-16,N02BA,3.0
2019-06-16,N02BE,18.0
2019-06-16,N05B,2.0
2019-06-16,N05C,0.0
2019-06-16,R03,0.0
2019-06-16,R06,9.0
2019-06-17,M01AB,6.66
2019-06-17,M01AE,4.66
2019-06-17,N02BA,3.0
2019-06-17,N02BE,18.0
2019-06-17,N05B,6.0
2019-06-17,N05C,0.0
2019-06-17,R03,2.0
2019-06-17,R06,2.34
2019-06-18,M01AB,5.0
2019-06-18,M01AE,4.21
2019-06-18,N02BA,3.0
2019-06-18,N02BE,29.5
2019-06-18,N05B,8.0
2019-06-18,N05C,0.0
2019-06-18,R03,2.0
2019-06-18,R06,12.1
2019-06-19,M01AB,3.67
2019-06-19,M01AE,3.03
2019-06-19,N02BA,3.0
2019-06-19,N02BE,18.0
2019-06-19,N05B,6.0
2019-06-19,N05C,1.0
2019-06-19,R03,2.0
2019-06-19,R06,5.5
2019-06-20,M01AB,5.0
2019-06-20,M01AE,4.36
2019-06-20,N02BA,3.0
2019-06-20,N02BE,15.0
2019-06-20,N05B,9.0
2019-06-20,N05C,4.0
2019-06-20,R03,0.0
2019-06-20,R06,4.0
2019-06-21,M01AB,3.0
2019-06-21,M01AE,2.33
2019-06-21,N02BA,3.0
2019-06-21,N02BE,24.8
2019-06-21,N05B,8.0
2019-06-21,N05C,3.0
2019-06-21,R03,4.0
2019-06-21,R06,6.0
2019-06-22,M01AB,3.0
2019-06-22,M01AE,4.0
2019-06-22,N02BA,0.0
2019-06-22,N02BE,25.0
2019-06-22,N05B,11.0
2019-06-22,N05C,2.0
2019-06-22,R03,12.0
2019-06-22,R06,5.0
2019-06-23,M01AB,9.33
2019-06-23,M01AE,4.79
2019-06-23,N02BA,5.5
2019-06-23,N02BE,18.2
2019-06-23,N05B,1.0
2019-06-23,N05C,0.0
2019-06-23,R03,10.0
2019-06-23,R06,1.0
2019-06-24,M01AB,10.0
2019-06-24,M01AE,4.68
2019-06-24,N02BA,3.1
2019-06-24,N02BE,19.0
2019-06-24,N05B,9.0
2019-06-24,N05C,3.0
2019-06-24,R03,3.0
2019-06-24,R06,7.0
2019-06-25,M01AB,2.34
2019-06-25,M01AE,2.64
2019-06-25,N02BA,5.0
2019-06-25,N02BE,12.0
2019-06-25,N05B,10.0
2019-06-25,N05C,1.0
2019-06-25,R03,0.0
2019-06-25,R06,3.0
2019-06-26,M01AB,2.0
2019-06-26,M01AE,3.44
2019-06-26,N02BA,1.0
2019-06-26,N02BE,11.6
2019-06-26,N05B,5.0
2019-06-26,N05C,1.0
2019-06-26,R03,0.0
2019-06-26,R06,5.0
2019-06-27,M01AB,8.16
2019-06-27,M01AE,6.33
2019-06-27,N02BA,4.0
2019-06-27,N02BE,15.0
2019-06-27,N05B,5.0
2019-06-27,N05C,1.0
2019-06-27,R03,7.0
2019-06-27,R06,2.0
2019-06-28,M01AB,4.33
2019-06-28,M01AE,1.5
2019-06-28,N02BA,2.0
2019-06-28,N02BE,15.0
2019-06-28,N05B,5.0
2019-06-28,N05C,0.0
2019-06-28,R03,2.0
2019-06-28,R06,3.0
2019-06-29,M01AB,1.18
2019-06-29,M01AE,5.7
2019-06-29,N02BA,5.0
2019-06-29,N02BE,18.3
2019-06-29,N05B,2.0
2019-06-29,N05C,0.0
2019-06-29,R03,5.0
2019-06-29,R06,2.0
2019-06-30,M01AB,6.0
2019-06-30,M01AE,6.16
2019-06-30,N02BA,0.0
2019-06-30,N02BE,40.0
2019-06-30,N05B,5.0
2019-06-30,N05C,0.0
2019-06-30,R03,11.0
2019-06-30,R06,5.0
2019-07-01,M01AB,5.33
2019-07-01,M01AE,2.0
2019-07-01,N02BA,1.0
2019-07-01,N02BE,14.0
2019-07-01,N05B,7.0
2019-07-01,N05C,0.0
2019-07-01,R03,8.0
2019-07-01,R06,4.0
2019-07-02,M01AB,5.66
2019-07-02,M01AE,3.01
2019-07-02,N02BA,4.0
2019-07-02,N02BE,14.0
2019-07-02,N05B,9.0
2019-07-02,N05C,0.0
2019-07-02,R03,1.0
2019-07-02,R06,4.3
2019-07-03,M01AB,4.0
2019-07-03,M01AE,2.85
2019-07-03,N02BA,4.0
2019-07-03,N02BE,30.05
2019-07-03,N05B,9.0
2019-07-03,N05C,0.0
2019-07-03,R03,1.0
2019-07-03,R06,4.0
2019-07-04,M01AB,5.33
2019-07-04,M01AE,1.67
2019-07-04,N02BA,0.0
2019-07-04,N02BE,13.0
2019-07-04,N05B,7.0
2019-07-04,N05C,1.0
2019-07-04,R03,3.0
2019-07-04,R06,6.5
2019-07-05,M01AB,4.33
2019-07-05,M01AE,3.08
2019-07-05,N02BA,4.0
2019-07-05,N02BE,20.0
2019-07-05,N05B,11.0
2019-07-05,N05C,0.0
2019-07-05,R03,0.0
2019-07-05,R06,2.0
2019-07-06,M01AB,4.34
2019-07-06,M01AE,1.7
2019-07-06,N02BA,3.0
2019-07-06,N02BE,16.0
2019-07-06,N05B,2.0
2019-07-06,N05C,0.0
2019-07-06,R03,1.0
2019-07-06,R06,3.0
2019-07-07,M01AB,5.66
2019-07-07,M01AE,6.46
2019-07-07,N02BA,3.0
2019-07-07,N02BE,25.0
2019-07-07,N05B,2.0
2019-07-07,N05C,0.0
2019-07-07,R03,3.0
2019-07-07,R06,5.0
2019-07-08,M01AB,6.0
2019-07-08,M01AE,4.37
2019-07-08,N02BA,2.0
2019-07-08,N02BE,21.4
2019-07-08,N05B,9.2
2019-07-08,N05C,1.0
2019-07-08,R03,4.0
2019-07-08,R06,4.0
2019-07-09,M01AB,2.67
2019-07-09,M01AE,2.7
2019-07-09,N02BA,8.0
2019-07-09,N02BE,15.0
2019-07-09,N05B,12.0
2019-07-09,N05C,4.0
2019-07-09,R03,3.0
2019-07-09,R06,2.0
2019-07-10,M01AB,10.0
2019-07-10,M01AE,5.67
2019-07-10,N02BA,5.0
2019-07-10,N02BE,19.6
2019-07-10,N05B,10.2
2019-07-10,N05C,0.0
2019-07-10,R03,1.0
2019-07-10,R06,4.0
2019-07-11,M01AB,3.33
2019-07-11,M01AE,4.73
2019-07-11,N02BA,4.0
2019-07-11,N02BE,19.0
2019-07-11,N05B,7.0
2019-07-11,N05C,0.0
2019-07-11,R03,0.0
2019-07-11,R06,3.0
2019-07-12,M01AB,11.0
2019-07-12,M01AE,5.09
2019-07-12,N02BA,4.05
2019-07-12,N02BE,34.0
2019-07-12,N05B,7.2
2019-07-12,N05C,0.0
2019-07-12,R03,2.0
2019-07-12,R06,2.0
2019-07-13,M01AB,5.0
2019-07-13,M01AE,3.42
2019-07-13,N02BA,1.0
2019-07-13,N02BE,17.6
2019-07-13,N05B,5.0
2019-07-13,N05C,3.0
2019-07-13,R03,0.0
2019-07-13,R06,5.0
2019-07-14,M01AB,6.0
2019-07-14,M01AE,5.34
2019-07-14,N02BA,4.0
2019-07-14,N02BE,23.0
2019-07-14,N05B,3.0
2019-07-14,N05C,0.0
2019-07-14,R03,5.0
2019-07-14,R06,1.0
2019-07-15,M01AB,7.33
2019-07-15,M01AE,1.67
2019-07-15,N02BA,4.55
2019-07-15,N02BE,24.0
2019-07-15,N05B,6.0
2019-07-15,N05C,1.0
2019-07-15,R03,0.0
2019-07-15,R06,7.0
2019-07-16,M01AB,7.0
2019-07-16,M01AE,3.34
2019-07-16,N02BA,3.0
2019-07-16,N02BE,14.0
2019-07-16,N05B,7.0
2019-07-16,N05C,0.0
2019-07-16,R03,2.0
2019-07-16,R06,4.0
2019-07-17,M01AB,3.99
2019-07-17,M01AE,0.16
2019-07-17,N02BA,2.5
2019-07-17,N02BE,26.0
2019-07-17,N05B,7.0
2019-07-17,N05C,1.0
2019-07-17,R03,0.0
2019-07-17,R06,2.0
2019-07-18,M01AB,11.0
2019-07-18,M01AE,3.33
2019-07-18,N02BA,1.3
2019-07-18,N02BE,24.0
2019-07-18,N05B,11.0
2019-07-18,N05C,0.0
2019-07-18,R03,3.0
2019-07-18,R06,3.0
2019-07-19,M01AB,7.33
2019-07-19,M01AE,5.34
2019-07-19,N02BA,4.0
2019-07-19,N02BE,28.0
2019-07-19,N05B,15.0
2019-07-19,N05C,0.0
2019-07-19,R03,3.0
2019-07-19,R06,7.0
2019-07-20,M01AB,4.34
2019-07-20,M01AE,4.45
2019-07-20,N02BA,1.0
2019-07-20,N02BE,17.2
2019-07-20,N05B,4.0
2019-07-20,N05C,0.0
2019-07-20,R03,6.0
2019-07-20,R06,2.0
2019-07-21,M01AB,6.34
2019-07-21,M01AE,0.36
2019-07-21,N02BA,1.1
2019-07-21,N02BE,16.0
2019-07-21,N05B,5.0
2019-07-21,N05C,0.0
2019-07-21,R03,1.0
2019-07-21,R06,3.0
2019-07-22,M01AB,1.0
2019-07-22,M01AE,2.66
2019-07-22,N02BA,2.0
2019-07-22,N02BE,14.25
2019-07-22,N05B,10.0
2019-07-22,N05C,0.0
2019-07-22,R03,0.0
2019-07-22,R06,6.0
2019-07-23,M01AB,1.34
2019-07-23,M01AE,0.67
2019-07-23,N02BA,5.2
2019-07-23,N02BE,7.25
2019-07-23,N05B,11.0
2019-07-23,N05C,0.0
2019-07-23,R03,7.0
2019-07-23,R06,2.4
2019-07-24,M01AB,8.0
2019-07-24,M01AE,3.77
2019-07-24,N02BA,2.0
2019-07-24,N02BE,30.88
2019-07-24,N05B,19.0
2019-07-24,N05C,0.0
2019-07-24,R03,2.0
2019-07-24,R06,1.0
2019-07-25,M01AB,6.0
2019-07-25,M01AE,7.0
2019-07-25,N02BA,5.0
2019-07-25,N02BE,20.0
2019-07-25,N05B,9.0
2019-07-25,N05C,1.0
2019-07-25,R03,11.0
2019-07-25,R06,2.0
2019-07-26,M01AB,12.5
2019-07-26,M01AE,4.0
2019-07-26,N02BA,0.1
2019-07-26,N02BE,17.0
2019-07-26,N05B,12.0
2019-07-26,N05C,0.0
2019-07-26,R03,8.0
2019-07-26,R06,3.0
2019-07-27,M01AB,3.34
2019-07-27,M01AE,0.0
2019-07-27,N02BA,1.0
2019-07-27,N02BE,22.0
2019-07-27,N05B,6.0
2019-07-27,N05C,3.0
2019-07-27,R03,2.0
2019-07-27,R06,3.4
2019-07-28,M01AB,4.34
2019-07-28,M01AE,1.34
2019-07-28,N02BA,4.0
2019-07-28,N02BE,13.0
2019-07-28,N05B,3.0
2019-07-28,N05C,1.0
2019-07-28,R03,0.0
2019-07-28,R06,0.6
2019-07-29,M01AB,9.0
2019-07-29,M01AE,4.33
2019-07-29,N02BA,2.0
2019-07-29,N02BE,25.45
2019-07-29,N05B,12.0
2019-07-29,N05C,0.0
2019-07-29,R03,1.0
2019-07-29,R06,2.0
2019-07-30,M01AB,9.5
2019-07-30,M01AE,6.19
2019-07-30,N02BA,5.0
2019-07-30,N02BE,19.0
2019-07-30,N05B,9.0
2019-07-30,N05C,4.0
2019-07-30,R03,33.0
2019-07-30,R06,5.0
2019-07-31,M01AB,0.0
2019-07-31,M01AE,2.84
2019-07-31,N02BA,2.0
2019-07-31,N02BE,21.0
2019-07-31,N05B,4.0
2019-07-31,N05C,0.0
2019-07-31,R03,4.0
2019-07-31,R06,2.0
2019-08-01,M01AB,8.67
2019-08-01,M01AE,0.91
2019-08-01,N02BA,2.0
2019-08-01,N02BE,37.0
2019-08-01,N05B,6.0
2019-08-01,N05C,0.0
2019-08-01,R03,1.0
2019-08-01,R06,2.0
2019-08-02,M01AB,5.0
2019-08-02,M01AE,1.68
2019-08-02,N02BA,3.0
2019-08-02,N02BE,18.0
2019-08-02,N05B,7.0
2019-08-02,N05C,2.0
2019-08-02,R03,6.0
2019-08-02,R06,1.0
2019-08-03,M01AB,5.34
2019-08-03,M01AE,4.68
2019-08-03,N02BA,2.3
2019-08-03,N02BE,12.0
2019-08-03,N05B,6.0
2019-08-03,N05C,5.0
2019-08-03,R03,1.0
2019-08-03,R06,3.4
2019-08-04,M01AB,6.5
2019-08-04,M01AE,2.67
2019-08-04,N02BA,5.0
2019-08-04,N02BE,24.0
2019-08-04,N05B,10.0
2019-08-04,N05C,0.0
2019-08-04,R03,2.0
2019-08-04,R06,4.3
2019-08-05,M01AB,4.0
2019-08-05,M01AE,1.0
2019-08-05,N02BA,4.3
2019-08-05,N02BE,6.0
2019-08-05,N05B,7.0
2019-08-05,N05C,1.0
2019-08-05,R03,5.0
2019-08-05,R06,0.0
2019-08-06,M01AB,10.0
2019-08-06,M01AE,4.67
2019-08-06,N02BA,2.0
2019-08-06,N02BE,17.25
2019-08-06,N05B,4.0
2019-08-06,N05C,0.0
2019-08-06,R03,6.0
2019-08-06,R06,6.0
2019-08-07,M01AB,6.0
2019-08-07,M01AE,1.76
2019-08-07,N02BA,2.0
2019-08-07,N02BE,9.0
2019-08-07,N05B,7.0
2019-08-07,N05C,0.0
2019-08-07,R03,21.0
2019-08-07,R06,3.0
2019-08-08,M01AB,7.66
2019-08-08,M01AE,1.01
2019-08-08,N02BA,3.0
2019-08-08,N02BE,15.0
2019-08-08,N05B,10.0
2019-08-08,N05C,0.0
2019-08-08,R03,31.0
2019-08-08,R06,3.0
2019-08-09,M01AB,3.0
2019-08-09,M01AE,3.25
2019-08-09,N02BA,0.0
2019-08-09,N02BE,8.0
2019-08-09,N05B,13.0
2019-08-09,N05C,5.0
2019-08-09,R03,1.0
2019-08-09,R06,5.0
2019-08-10,M01AB,3.33
2019-08-10,M01AE,0.68
2019-08-10,N02BA,6.0
2019-08-10,N02BE,15.0
2019-08-10,N05B,11.0
2019-08-10,N05C,0.0
2019-08-10,R03,0.0
2019-08-10,R06,0.0
2019-08-11,M01AB,7.0
2019-08-11,M01AE,6.85
2019-08-11,N02BA,4.0
2019-08-11,N02BE,16.0
2019-08-11,N05B,5.0
2019-08-11,N05C,2.0
2019-08-11,R03,2.0
2019-08-11,R06,3.0
2019-08-12,M01AB,8.33
2019-08-12,M01AE,4.5
2019-08-12,N02BA,1.0
2019-08-12,N02BE,36.0
2019-08-12,N05B,11.0
2019-08-12,N05C,1.0
2019-08-12,R03,5.0
2019-08-12,R06,3.5
2019-08-13,M01AB,8.0
2019-08-13,M01AE,1.9
2019-08-13,N02BA,2.0
2019-08-13,N02BE,15.0
2019-08-13,N05B,3.0
2019-08-13,N05C,0.0
2019-08-13,R03,2.0
2019-08-13,R06,1.0
2019-08-14,M01AB,4.34
2019-08-14,M01AE,0.67
2019-08-14,N02BA,3.1
2019-08-14,N02BE,20.0
2019-08-14,N05B,6.0
2019-08-14,N05C,0.0
2019-08-14,R03,0.0
2019-08-14,R06,3.0
2019-08-15,M01AB,8.67
2019-08-15,M01AE,1.99
2019-08-15,N02BA,2.0
2019-08-15,N02BE,12.0
2019-08-15,N05B,9.0
2019-08-15,N05C,0.0
2019-08-15,R03,11.0
2019-08-15,R06,2.0
2019-08-16,M01AB,3.33
2019-08-16,M01AE,2.68
2019-08-16,N02BA,2.0
2019-08-16,N02BE,13.0
2019-08-16,N05B,15.0
2019-08-16,N05C,0.0
2019-08-16,R03,10.0
2019-08-16,R06,7.0
2019-08-17,M01AB,7.67
2019-08-17,M01AE,4.53
2019-08-17,N02BA,2.45
2019-08-17,N02BE,18.0
2019-08-17,N05B,5.0
2019-08-17,N05C,1.0
2019-08-17,R03,0.0
2019-08-17,R06,2.5
2019-08-18,M01AB,4.84
2019-08-18,M01AE,2.85
2019-08-18,N02BA,1.0
2019-08-18,N02BE,11.0
2019-08-18,N05B,4.0
2019-08-18,N05C,0.0
2019-08-18,R03,7.0
2019-08-18,R06,4.0
2019-08-19,M01AB,3.68
2019-08-19,M01AE,3.67
2019-08-19,N02BA,4.0
2019-08-19,N02BE,9.0
2019-08-19,N05B,11.0
2019-08-19,N05C,2.0
2019-08-19,R03,0.0
2019-08-19,R06,4.0
2019-08-20,M01AB,2.0
2019-08-20,M01AE,1.32
2019-08-20,N02BA,2.0
2019-08-20,N02BE,13.4
2019-08-20,N05B,8.0
2019-08-20,N05C,0.0
2019-08-20,R03,2.0
2019-08-20,R06,3.0
2019-08-21,M01AB,4.34
2019-08-21,M01AE,4.0
2019-08-21,N02BA,0.0
2019-08-21,N02BE,19.45
2019-08-21,N05B,10.0
2019-08-21,N05C,0.0
2019-08-21,R03,5.0
2019-08-21,R06,3.0
2019-08-22,M01AB,5.34
2019-08-22,M01AE,4.0
2019-08-22,N02BA,2.0
2019-08-22,N02BE,20.0
2019-08-22,N05B,8.0
2019-08-22,N05C,2.0
2019-08-22,R03,10.0
2019-08-22,R06,3.0
2019-08-23,M01AB,9.67
2019-08-23,M01AE,5.16
2019-08-23,N02BA,4.05
2019-08-23,N02BE,12.0
2019-08-23,N05B,11.0
2019-08-23,N05C,2.0
2019-08-23,R03,4.0
2019-08-23,R06,2.0
2019-08-24,M01AB,13.84
2019-08-24,M01AE,6.02
2019-08-24,N02BA,3.0
2019-08-24,N02BE,24.6
2019-08-24,N05B,9.0
2019-08-24,N05C,0.0
2019-08-24,R03,0.0
2019-08-24,R06,5.5
2019-08-25,M01AB,3.0
2019-08-25,M01AE,3.35
2019-08-25,N02BA,2.0
2019-08-25,N02BE,17.0
2019-08-25,N05B,4.0
2019-08-25,N05C,0.0
2019-08-25,R03,3.0
2019-08-25,R06,0.0
2019-08-26,M01AB,2.67
2019-08-26,M01AE,2.37
2019-08-26,N02BA,3.0
2019-08-26,N02BE,18.0
2019-08-26,N05B,11.0
2019-08-26,N05C,0.0
2019-08-26,R03,3.0
2019-08-26,R06,3.0
2019-08-27,M01AB,2.34
2019-08-27,M01AE,2.01
2019-08-27,N02BA,3.0
2019-08-27,N02BE,21.0
2019-08-27,N05B,3.0
2019-08-27,N05C,0.0
2019-08-27,R03,0.0
2019-08-27,R06,5.0
2019-08-28,M01AB,3.33
2019-08-28,M01AE,1.43
2019-08-28,N02BA,5.0
2019-08-28,N02BE,10.0
2019-08-28,N05B,6.0
2019-08-28,N05C,1.0
2019-08-28,R03,0.0
2019-08-28,R06,2.0
2019-08-29,M01AB,9.0
2019-08-29,M01AE,1.68
2019-08-29,N02BA,5.0
2019-08-29,N02BE,17.4
2019-08-29,N05B,9.0
2019-08-29,N05C,1.0
2019-08-29,R03,1.0
2019-08-29,R06,2.0
2019-08-30,M01AB,6.34
2019-08-30,M01AE,1.06
2019-08-30,N02BA,2.0
2019-08-30,N02BE,19.0
2019-08-30,N05B,3.0
2019-08-30,N05C,0.0
2019-08-30,R03,2.0
2019-08-30,R06,5.1
2019-08-31,M01AB,4.68
2019-08-31,M01AE,3.94
2019-08-31,N02BA,2.0
2019-08-31,N02BE,15.0
2019-08-31,N05B,5.0
2019-08-31,N05C,1.0
2019-08-31,R03,4.0
2019-08-31,R06,6.0
2019-09-01,M01AB,2.0
2019-09-01,M01AE,4.36
2019-09-01,N02BA,5.0
2019-09-01,N02BE,17.0
2019-09-01,N05B,8.2
2019-09-01,N05C,1.0
2019-09-01,R03,5.0
2019-09-01,R06,4.0
2019-09-02,M01AB,5.33
2019-09-02,M01AE,2.09
2019-09-02,N02BA,2.5
2019-09-02,N02BE,18.0
2019-09-02,N05B,7.0
2019-09-02,N05C,0.0
2019-09-02,R03,1.0
2019-09-02,R06,9.0
2019-09-03,M01AB,9.36
2019-09-03,M01AE,2.35
2019-09-03,N02BA,3.1
2019-09-03,N02BE,12.12
2019-09-03,N05B,8.0
2019-09-03,N05C,3.0
2019-09-03,R03,1.0
2019-09-03,R06,2.0
2019-09-04,M01AB,2.0
2019-09-04,M01AE,0.37
2019-09-04,N02BA,2.15
2019-09-04,N02BE,29.23
2019-09-04,N05B,7.0
2019-09-04,N05C,0.0
2019-09-04,R03,3.0
2019-09-04,R06,3.0
2019-09-05,M01AB,7.0
2019-09-05,M01AE,9.53
2019-09-05,N02BA,2.0
2019-09-05,N02BE,14.0
2019-09-05,N05B,1.0
2019-09-05,N05C,0.0
2019-09-05,R03,1.0
2019-09-05,R06,8.0
2019-09-06,M01AB,1.68
2019-09-06,M01AE,2.67
2019-09-06,N02BA,1.0
2019-09-06,N02BE,28.4
2019-09-06,N05B,7.0
2019-09-06,N05C,0.0
2019-09-06,R03,0.0
2019-09-06,R06,1.5
2019-09-07,M01AB,8.33
2019-09-07,M01AE,3.67
2019-09-07,N02BA,2.0
2019-09-07,N02BE,27.0
2019-09-07,N05B,14.0
2019-09-07,N05C,3.0
2019-09-07,R03,6.0
2019-09-07,R06,2.0
2019-09-08,M01AB,7.01
2019-09-08,M01AE,6.09
2019-09-08,N02BA,3.0
2019-09-08,N02BE,26.0
2019-09-08,N05B,7.0
2019-09-08,N05C,0.0
2019-09-08,R03,3.0
2019-09-08,R06,3.0
2019-09-09,M01AB,1.18
2019-09-09,M01AE,2.12
2019-09-09,N02BA,3.0
2019-09-09,N02BE,26.0
2019-09-09,N05B,4.0
2019-09-09,N05C,3.0
2019-09-09,R03,5.0
2019-09-09,R06,2.0
2019-09-10,M01AB,8.66
2019-09-10,M01AE,6.68
2019-09-10,N02BA,4.2
2019-09-10,N02BE,22.0
2019-09-10,N05B,17.0
2019-09-10,N05C,0.0
2019-09-10,R03,1.0
2019-09-10,R06,1.0
2019-09-11,M01AB,2.67
2019-09-11,M01AE,5.08
2019-09-11,N02BA,3.0
2019-09-11,N02BE,42.0
2019-09-11,N05B,5.0
2019-09-11,N05C,0.0
2019-09-11,R03,5.0
2019-09-11,R06,2.5
2019-09-12,M01AB,2.33
2019-09-12,M01AE,1.34
2019-09-12,N02BA,2.0
2019-09-12,N02BE,21.98
2019-09-12,N05B,11.2
2019-09-12,N05C,0.0
2019-09-12,R03,10.0
2019-09-12,R06,4.0
2019-09-13,M01AB,6.34
2019-09-13,M01AE,3.35
2019-09-13,N02BA,2.0
2019-09-13,N02BE,17.0
2019-09-13,N05B,12.0
2019-09-13,N05C,2.0
2019-09-13,R03,5.0
2019-09-13,R06,5.0
2019-09-14,M01AB,8.99
2019-09-14,M01AE,6.4
2019-09-14,N02BA,3.45
2019-09-14,N02BE,24.0
2019-09-14,N05B,12.0
2019-09-14,N05C,0.0
2019-09-14,R03,2.0
2019-09-14,R06,10.0
2019-09-15,M01AB,5.34
2019-09-15,M01AE,6.01
2019-09-15,N02BA,2.0
2019-09-15,N02BE,25.4
2019-09-15,N05B,6.0
2019-09-15,N05C,0.0
2019-09-15,R03,2.0
2019-09-15,R06,6.0
2019-09-16,M01AB,9.33
2019-09-16,M01AE,2.32
2019-09-16,N02BA,3.0
2019-09-16,N02BE,22.0
2019-09-16,N05B,5.0
2019-09-16,N05C,1.0
2019-09-16,R03,0.0
2019-09-16,R06,2.0
2019-09-17,M01AB,4.5
2019-09-17,M01AE,3.01
2019-09-17,N02BA,6.5
2019-09-17,N02BE,19.2
2019-09-17,N05B,8.2
2019-09-17,N05C,0.0
2019-09-17,R03,6.0
2019-09-17,R06,2.0
2019-09-18,M01AB,6.33
2019-09-18,M01AE,4.33
2019-09-18,N02BA,7.0
2019-09-18,N02BE,22.0
2019-09-18,N05B,4.0
2019-09-18,N05C,0.0
2019-09-18,R03,2.0
2019-09-18,R06,2.0
2019-09-19,M01AB,7.33
2019-09-19,M01AE,3.34
2019-09-19,N02BA,3.0
2019-09-19,N02BE,33.0
2019-09-19,N05B,5.0
2019-09-19,N05C,2.0
2019-09-19,R03,3.0
2019-09-19,R06,4.0
2019-09-20,M01AB,5.34
2019-09-20,M01AE,3.38
2019-09-20,N02BA,2.0
2019-09-20,N02BE,51.3
2019-09-20,N05B,3.0
2019-09-20,N05C,0.0
2019-09-20,R03,1.0
2019-09-20,R06,3.0
2019-09-21,M01AB,10.68
2019-09-21,M01AE,5.68
2019-09-21,N02BA,1.0
2019-09-21,N02BE,44.25
2019-09-21,N05B,3.0
2019-09-21,N05C,0.0
2019-09-21,R03,6.0
2019-09-21,R06,4.0
2019-09-22,M01AB,3.33
2019-09-22,M01AE,3.34
2019-09-22,N02BA,1.9
2019-09-22,N02BE,56.5
2019-09-22,N05B,3.0
2019-09-22,N05C,0.0
2019-09-22,R03,8.0
2019-09-22,R06,4.0
2019-09-23,M01AB,5.34
2019-09-23,M01AE,4.55
2019-09-23,N02BA,3.3
2019-09-23,N02BE,55.0
2019-09-23,N05B,6.0
2019-09-23,N05C,0.0
2019-09-23,R03,1.0
2019-09-23,R06,4.0
2019-09-24,M01AB,2.0
2019-09-24,M01AE,1.34
2019-09-24,N02BA,6.0
2019-09-24,N02BE,61.3
2019-09-24,N05B,12.0
2019-09-24,N05C,0.0
2019-09-24,R03,1.0
2019-09-24,R06,6.0
2019-09-25,M01AB,6.0
2019-09-25,M01AE,3.67
2019-09-25,N02BA,4.2
2019-09-25,N02BE,32.5
2019-09-25,N05B,14.0
2019-09-25,N05C,1.0
2019-09-25,R03,1.42
2019-09-25,R06,4.0
2019-09-26,M01AB,5.5
2019-09-26,M01AE,3.03
2019-09-26,N02BA,2.0
2019-09-26,N02BE,31.0
2019-09-26,N05B,13.0
2019-09-26,N05C,0.0
2019-09-26,R03,31.0
2019-09-26,R06,0.0
2019-09-27,M01AB,4.66
2019-09-27,M01AE,4.36
2019-09-27,N02BA,4.0
2019-09-27,N02BE,41.1
2019-09-27,N05B,4.0
2019-09-27,N05C,0.0
2019-09-27,R03,2.0
2019-09-27,R06,4.0
2019-09-28,M01AB,7.0
2019-09-28,M01AE,1.68
2019-09-28,N02BA,4.1
2019-09-28,N02BE,48.0
2019-09-28,N05B,6.2
2019-09-28,N05C,0.0
2019-09-28,R03,1.0
2019-09-28,R06,3.0
2019-09-29,M01AB,3.51
2019-09-29,M01AE,3.87
2019-09-29,N02BA,3.0
2019-09-29,N02BE,67.8
2019-09-29,N05B,6.0
2019-09-29,N05C,0.0
2019-09-29,R03,3.0
2019-09-29,R06,2.1
2019-09-30,M01AB,2.0
2019-09-30,M01AE,1.44
2019-09-30,N02BA,2.1
2019-09-30,N02BE,49.4
2019-09-30,N05B,9.0
2019-09-30,N05C,0.0
2019-09-30,R03,5.0
2019-09-30,R06,2.0
2019-10-01,M01AB,11.34
2019-10-01,M01AE,2.41
2019-10-01,N02BA,0.1
2019-10-01,N02BE,47.0
2019-10-01,N05B,15.0
2019-10-01,N05C,4.0
2019-10-01,R03,17.0
2019-10-01,R06,1.5
2019-10-02,M01AB,5.18
2019-10-02,M01AE,3.27
2019-10-02,N02BA,2.8
2019-10-02,N02BE,30.2
2019-10-02,N05B,9.0
2019-10-02,N05C,1.0
2019-10-02,R03,0.0
2019-10-02,R06,1.1
2019-10-03,M01AB,5.0
2019-10-03,M01AE,3.0
2019-10-03,N02BA,4.0
2019-10-03,N02BE,40.4
2019-10-03,N05B,10.0
2019-10-03,N05C,0.0
2019-10-03,R03,2.0
2019-10-03,R06,2.0
2019-10-04,M01AB,7.34
2019-10-04,M01AE,5.68
2019-10-04,N02BA,2.25
2019-10-04,N02BE,22.45
2019-10-04,N05B,13.0
2019-10-04,N05C,0.0
2019-10-04,R03,1.0
2019-10-04,R06,1.0
2019-10-05,M01AB,3.84
2019-10-05,M01AE,5.01
2019-10-05,N02BA,6.0
2019-10-05,N02BE,25.4
2019-10-05,N05B,7.0
2019-10-05,N05C,0.0
2019-10-05,R03,0.0
2019-10-05,R06,0.33
2019-10-06,M01AB,4.0
2019-10-06,M01AE,11.69
2019-10-06,N02BA,2.0
2019-10-06,N02BE,34.6
2019-10-06,N05B,6.0
2019-10-06,N05C,0.0
2019-10-06,R03,5.0
2019-10-06,R06,4.2
2019-10-07,M01AB,7.34
2019-10-07,M01AE,4.51
2019-10-07,N02BA,3.0
2019-10-07,N02BE,50.8
2019-10-07,N05B,6.0
2019-10-07,N05C,0.0
2019-10-07,R03,10.0
2019-10-07,R06,1.0
2019-10-08,M01AB,0.33
2019-10-08,M01AE,1.73
2019-10-08,N02BA,0.5
2019-10-08,N02BE,44.3
2019-10-08,N05B,20.0
2019-10-08,N05C,2.0
2019-10-08,R03,2.0
2019-10-08,R06,0.0
